record_id,evidence_group,evidence_category,overall_prevalence,result_status,study_id,host_latin,host_family,country,locality,collection_period,sampling_year_start,sampling_year_end,virus_current,virus_family,method_group,sample_type,n_tested,n_positive
41929004-001,Indirect or contextual evidence,Indirect tick bloodmeal association,No,Uncertain / not applicable,S0001,Soricidae spp.,Soricidae,United States,"Martha's Vineyard, Massachusetts",Summer 2021,2021,2021,deer tick virus,Flaviviridae,PCR + sequencing,Questing nymphal ticks; shrews were not sampled,,
42339070-001,Natural direct detection,Direct nucleic-acid detection,Yes,Positive,S0002,Soricidae spp.,Soricidae,Nigeria,Ondo and Ebonyi States,May 2021 to October 2022,2021,2022,Lassa virus,Arenaviridae,PCR / RT-PCR,"Liver, kidney, spleen, embryo, testis, urine, oral swabs and rectal swabs, when available",172,88
42198785-001,Pooled sequencing,Pooled metatranscriptomic detection,No,Positive,S0003,Soricidae spp.,Soricidae,China,"Guangdong Province: Huizhou, Shaoguan, Shanwei, Chaozhou, Zhanjiang and Guangzhou",2017–2023,2017,2023,Anelloviridae sp.,Anelloviridae,Metagenomic / pooled sequencing,"Kidney, liver, lung and spleen tissue libraries pooled by broad host category, organ and location",,
42198785-002,Pooled sequencing,Pooled metatranscriptomic detection,No,Positive,S0003,Soricidae spp.,Soricidae,China,"Guangdong Province: Huizhou, Shaoguan, Shanwei, Chaozhou, Zhanjiang and Guangzhou",2017–2023,2017,2023,Shrew arterivirus 1,Arteriviridae,Metagenomic / pooled sequencing,"Kidney, liver, lung and spleen tissue libraries pooled by broad host category, organ and location",,
42198785-003,Pooled sequencing,Pooled metatranscriptomic detection,No,Positive,S0003,Soricidae spp.,Soricidae,China,"Guangdong Province: Huizhou, Shaoguan, Shanwei, Chaozhou, Zhanjiang and Guangzhou",2017–2023,2017,2023,Wenzhou shrew hepacivirus 1,Hepaciviridae,Metagenomic / pooled sequencing,"Kidney, liver, lung and spleen tissue libraries pooled by broad host category, organ and location",,
42198785-004,Pooled sequencing,Pooled metatranscriptomic detection,No,Positive,S0003,Soricidae spp.,Soricidae,China,"Guangdong Province: Huizhou, Shaoguan, Shanwei, Chaozhou, Zhanjiang and Guangzhou",2017–2023,2017,2023,Wufeng Crocidura attenuata henipavirus 1,Paramyxoviridae,Metagenomic / pooled sequencing,"Kidney, liver, lung and spleen tissue libraries pooled by broad host category, organ and location",,
42198785-005,Pooled sequencing,Pooled metatranscriptomic detection,No,Positive,S0003,Soricidae spp.,Soricidae,China,"Guangdong Province: Huizhou, Shaoguan, Shanwei, Chaozhou, Zhanjiang and Guangzhou",2017–2023,2017,2023,Yunnan shrew morbillivirus 1,Paramyxoviridae,Metagenomic / pooled sequencing,"Kidney, liver, lung and spleen tissue libraries pooled by broad host category, organ and location",,
42198785-006,Pooled sequencing,Pooled metatranscriptomic detection,No,Positive,S0003,Soricidae spp.,Soricidae,China,"Guangdong Province: Huizhou, Shaoguan, Shanwei, Chaozhou, Zhanjiang and Guangzhou",2017–2023,2017,2023,Parvoviridae sp.,Parvoviridae,Metagenomic / pooled sequencing,"Kidney, liver, lung and spleen tissue libraries pooled by broad host category, organ and location",,
42198785-007,Pooled sequencing,Pooled metatranscriptomic detection,No,Positive,S0003,Soricidae spp.,Soricidae,China,"Guangdong Province: Huizhou, Shaoguan, Shanwei, Chaozhou, Zhanjiang and Guangzhou",2017–2023,2017,2023,Phenuiviridae sp.,Phenuiviridae,Metagenomic / pooled sequencing,"Kidney, liver, lung and spleen tissue libraries pooled by broad host category, organ and location",,
42198785-008,Pooled sequencing,Pooled metatranscriptomic detection,No,Positive,S0003,Soricidae spp.,Soricidae,China,"Guangdong Province: Huizhou, Shaoguan, Shanwei, Chaozhou, Zhanjiang and Guangzhou",2017–2023,2017,2023,Mischivirus E,Picornaviridae,Metagenomic / pooled sequencing,"Kidney, liver, lung and spleen tissue libraries pooled by broad host category, organ and location",,
42198785-009,Pooled sequencing,Pooled metatranscriptomic detection,No,Positive,S0003,Soricidae spp.,Soricidae,China,"Zhanjiang and Shanwei, Guangdong Province",2017–2023,2017,2023,Guangdong shrew henipavirus (strain 2021SWCS_k141_122598),Paramyxoviridae,Metagenomic / pooled sequencing,Pooled kidney tissue libraries,,
42116238-001,Natural direct detection,Direct nucleic-acid detection with pathology,Yes,Positive,S0004,Erinaceus europaeus,Erinaceidae,Germany,BoDV-1-endemic areas of Bavaria,2022–2025,2022,2025,Borna disease virus 1,Bornaviridae,PCR + sequencing,"Brain; additional organs/tissues; feces, urine and oral swabs in later cases",16,15
42116238-002,Natural direct detection,Direct nucleic-acid detection with pathology,Yes,Negative,S0004,Erinaceus europaeus,Erinaceidae,Germany,BoDV-1-endemic areas of Bavaria,2022–2025,2022,2025,Borna disease virus 1,Bornaviridae,PCR + sequencing,"Brain; additional organs/tissues; feces, urine and oral swabs in later cases",33,0
42111335-001,Natural direct detection,Direct nucleic-acid detection,Yes,Positive,S0005,Hemiechinus auritus,Erinaceidae,Italy,Northern Italy,2021–2022,2021,2022,Erinaceus europaeus hedgehog betacoronavirus 2012-174/GER/2012,Coronaviridae,PCR + sequencing,Feces,3,2
42111335-002,Natural direct detection,Direct nucleic-acid detection,Yes,Negative,S0005,Atelerix albiventris,Erinaceidae,Italy,Northern and Southern Italy,2021–2022,2021,2022,Erinaceus europaeus hedgehog betacoronavirus 2012-174/GER/2012,Coronaviridae,PCR + sequencing,Feces,27,0
42064442-001,Natural direct detection,Negative targeted screening,No,Negative,S0006,Suncus murinus,Soricidae,Malaysia,"University of Nottingham Malaysia, Semenyih, Selangor",Study observations from 2022 to 2025; exact shrew sampling date not reported,2022,2025,Paramyxoviruses,Paramyxoviridae,PCR + sequencing,Fecal sample(s),,0
42064442-002,Natural direct detection,Negative targeted screening,No,Negative,S0006,Suncus murinus,Soricidae,Malaysia,"University of Nottingham Malaysia, Semenyih, Selangor",Study observations from 2022 to 2025; exact shrew sampling date not reported,2022,2025,Coronaviruses,Coronaviridae,PCR + sequencing,Fecal sample(s),,0
42064442-003,Natural direct detection,Negative targeted screening,No,Negative,S0006,Suncus murinus,Soricidae,Malaysia,"University of Nottingham Malaysia, Semenyih, Selangor",Study observations from 2022 to 2025; exact shrew sampling date not reported,2022,2025,Picornaviruses,Picornaviridae,PCR + sequencing,Fecal sample(s),,0
42064442-004,Natural direct detection,Negative targeted screening,No,Negative,S0006,Suncus murinus,Soricidae,Malaysia,"University of Nottingham Malaysia, Semenyih, Selangor",Study observations from 2022 to 2025; exact shrew sampling date not reported,2022,2025,Orthoreoviruses,Spinareoviridae,PCR + sequencing,Fecal sample(s),,0
42064442-005,Natural direct detection,Negative targeted screening,No,Negative,S0006,Suncus murinus,Soricidae,Malaysia,"University of Nottingham Malaysia, Semenyih, Selangor",Study observations from 2022 to 2025; exact shrew sampling date not reported,2022,2025,dengue virus,Flaviviridae,PCR + sequencing,Fecal sample(s),,0
42002046-001,Natural direct detection,Direct nucleic-acid detection,Yes,Positive,S0007,Sorex araneus,Soricidae,United Kingdom,England; positive animals from County Durham,Collected over two years; exact calendar years not reported,,,Shrew parvovirus 1 (SP 1),Parvoviridae,PCR + sequencing,"Brain, lung, heart, liver, kidney, spleen, intestine and presumptive cervical lymph nodes",11,5
42002046-002,Natural direct detection,Direct nucleic-acid detection,Yes,Negative,S0007,Sorex minutus,Soricidae,United Kingdom,England; positive animals from County Durham,Collected over two years; exact calendar years not reported,,,Shrew parvovirus 1 (SP 1),Parvoviridae,PCR + sequencing,"Brain, lung, heart, liver, kidney, spleen, intestine and presumptive cervical lymph nodes",3,0
42002046-003,Natural direct detection,Direct nucleic-acid detection,Yes,Negative,S0007,Neomys fodiens,Soricidae,United Kingdom,England; positive animals from County Durham,Collected over two years; exact calendar years not reported,,,Shrew parvovirus 1 (SP 1),Parvoviridae,PCR + sequencing,"Brain, lung, heart, liver, kidney, spleen, intestine and presumptive cervical lymph nodes",1,0
42002046-004,Natural direct detection,Direct nucleic-acid detection,Yes,Negative,S0007,Crocidura russula,Soricidae,United Kingdom,England; positive animals from County Durham,Collected over two years; exact calendar years not reported,,,Shrew parvovirus 1 (SP 1),Parvoviridae,PCR + sequencing,"Brain, lung, heart, liver, kidney, spleen, intestine and presumptive cervical lymph nodes",32,0
41800425-001,Pooled sequencing,Pooled metatranscriptomic detection,No,Positive,S0008,Suncus murinus,Soricidae,China,All 18 cities and counties on Hainan Island except Sansha,June 2023 to December 2024,2023,2024,rotavirus B,Sedoreoviridae,Metagenomic / pooled sequencing,"Gut, spleen and lung pooled RNA-seq libraries",,
41800425-002,Pooled sequencing,Pooled metatranscriptomic detection,No,Positive,S0008,Suncus murinus,Soricidae,China,All 18 cities and counties on Hainan Island except Sansha,June 2023 to December 2024,2023,2024,Pangolin pestivirus 1,Pestiviridae,Metagenomic / pooled sequencing,"Gut, spleen and lung pooled RNA-seq libraries",,
41800425-003,Pooled sequencing,Pooled metatranscriptomic detection,No,Positive,S0008,Suncus murinus,Soricidae,China,All 18 cities and counties on Hainan Island except Sansha,June 2023 to December 2024,2023,2024,Iflaviridae sp.,Iflaviridae,Metagenomic / pooled sequencing,"Gut, spleen and lung pooled RNA-seq libraries",,
41800425-004,Pooled sequencing,Pooled metatranscriptomic detection,No,Positive,S0008,Suncus murinus,Soricidae,China,All 18 cities and counties on Hainan Island except Sansha,June 2023 to December 2024,2023,2024,Rodent astrovirus,Astroviridae,Metagenomic / pooled sequencing,"Gut, spleen and lung pooled RNA-seq libraries",,
41800425-005,Pooled sequencing,Pooled metatranscriptomic detection,No,Positive,S0008,Suncus murinus,Soricidae,China,All 18 cities and counties on Hainan Island except Sansha,June 2023 to December 2024,2023,2024,Astrovirus rat/RS118/HKG/2007,Astroviridae,Metagenomic / pooled sequencing,"Gut, spleen and lung pooled RNA-seq libraries",,
41800425-006,Pooled sequencing,Pooled metatranscriptomic detection,No,Positive,S0008,Suncus murinus,Soricidae,China,All 18 cities and counties on Hainan Island except Sansha,June 2023 to December 2024,2023,2024,Unclassified member of Riboviria,,Metagenomic / pooled sequencing,"Gut, spleen and lung pooled RNA-seq libraries",,
41800425-007,Natural direct detection,Direct nucleic-acid detection,No,Positive,S0008,Suncus murinus,Soricidae,China,All 18 cities and counties on Hainan Island except Sansha,June 2023 to December 2024,2023,2024,Mammarenavirus choriomeningitidis (LCMV),Arenaviridae,PCR + sequencing,Lung,249,
41800425-008,Natural direct detection,Direct nucleic-acid detection,No,Positive,S0008,Suncus murinus,Soricidae,China,All 18 cities and counties on Hainan Island except Sansha,June 2023 to December 2024,2023,2024,Amur virus,Hantaviridae,PCR + sequencing,Gut,249,
41800425-009,Natural direct detection,Direct nucleic-acid detection,No,Positive,S0008,Suncus murinus,Soricidae,China,All 18 cities and counties on Hainan Island except Sansha,June 2023 to December 2024,2023,2024,influenza A virus,Orthomyxoviridae,PCR + sequencing,Gut,249,
41800425-010,Natural direct detection,Direct nucleic-acid detection,No,Positive,S0008,Suncus murinus,Soricidae,China,All 18 cities and counties on Hainan Island except Sansha,June 2023 to December 2024,2023,2024,influenza A virus,Orthomyxoviridae,PCR + sequencing,Lung,249,
41800425-011,Natural direct detection,Direct nucleic-acid detection,No,Positive,S0008,Suncus murinus,Soricidae,China,All 18 cities and counties on Hainan Island except Sansha,June 2023 to December 2024,2023,2024,Langat virus,Flaviviridae,PCR + sequencing,Spleen,249,
41800425-012,Natural direct detection,Direct nucleic-acid detection,No,Positive,S0008,Suncus murinus,Soricidae,China,All 18 cities and counties on Hainan Island except Sansha,June 2023 to December 2024,2023,2024,Wēnzhōu virus,Arenaviridae,PCR + sequencing,Gut,249,
41800425-013,Natural direct detection,Direct nucleic-acid detection,No,Positive,S0008,Suncus murinus,Soricidae,China,All 18 cities and counties on Hainan Island except Sansha,June 2023 to December 2024,2023,2024,Wēnzhōu virus,Arenaviridae,PCR + sequencing,Spleen,249,
41800425-014,Natural direct detection,Direct nucleic-acid detection,No,Positive,S0008,Suncus murinus,Soricidae,China,All 18 cities and counties on Hainan Island except Sansha,June 2023 to December 2024,2023,2024,Wēnzhōu virus,Arenaviridae,PCR + sequencing,Lung,249,
41800425-015,Natural direct detection,Direct nucleic-acid detection,No,Positive,S0008,Suncus murinus,Soricidae,China,All 18 cities and counties on Hainan Island except Sansha,June 2023 to December 2024,2023,2024,rotavirus A,Sedoreoviridae,PCR + sequencing,Gut,249,
41800425-016,Natural direct detection,Direct nucleic-acid detection,No,Positive,S0008,Suncus murinus,Soricidae,China,All 18 cities and counties on Hainan Island except Sansha,June 2023 to December 2024,2023,2024,rotavirus A,Sedoreoviridae,PCR + sequencing,Spleen,249,
41800425-017,Natural direct detection,Direct nucleic-acid detection,No,Positive,S0008,Suncus murinus,Soricidae,China,All 18 cities and counties on Hainan Island except Sansha,June 2023 to December 2024,2023,2024,rotavirus A,Sedoreoviridae,PCR + sequencing,Lung,249,
41800425-018,Natural direct detection,Direct nucleic-acid detection,No,Positive,S0008,Suncus murinus,Soricidae,China,All 18 cities and counties on Hainan Island except Sansha,June 2023 to December 2024,2023,2024,Hainan langya-like henipavirus (HSmV; HeV in the human-pathogen panel),Paramyxoviridae,PCR + sequencing,Spleen,249,18
41800425-019,Natural direct detection,Direct nucleic-acid detection,No,Positive,S0008,Suncus murinus,Soricidae,China,All 18 cities and counties on Hainan Island except Sansha,June 2023 to December 2024,2023,2024,Hainan langya-like henipavirus (HSmV; HeV in the human-pathogen panel),Paramyxoviridae,PCR + sequencing,Lung,249,5
42488425-001,Natural direct detection,Direct NGS detection,Yes,Positive,S0009,Erinaceus spp.,Erinaceidae,Russia,Various urban and suburban areas of European Russia; exact locations in Supplementary Table 2,Late spring and summer 2023,2023,2023,Coronaviridae-associated viruses,Coronaviridae,Sequencing,"Oral/oropharyngeal swabs, anal swabs and feces",16,4
42488425-002,Natural direct detection,Proteomic confirmation of NGS-positive subset,No,Positive,S0009,Erinaceus spp.,Erinaceidae,Russia,Various urban and suburban areas of European Russia; exact locations in Supplementary Table 2,Late spring and summer 2023,2023,2023,Coronaviridae-associated viruses,Coronaviridae,Sequencing,"The eight NGS-positive oral, anal or fecal samples",4,3
42488425-003,Natural direct detection,Direct NGS detection,Yes,Positive,S0009,Erinaceus spp.,Erinaceidae,Russia,Various urban and suburban areas of European Russia; exact locations in Supplementary Table 2,Late spring and summer 2023,2023,2023,23_5_MOS-F1_EriPic_A,Picornaviridae,Sequencing,Feces from animal 23_5(MOS),16,1
42488425-004,Natural direct detection,Direct NGS detection,Yes,Positive,S0009,Erinaceus spp.,Erinaceidae,Russia,Various urban and suburban areas of European Russia; exact locations in Supplementary Table 2,Late spring and summer 2023,2023,2023,23_5_MOS_F1_EriPic_B,Picornaviridae,Sequencing,Feces from animal 23_5(MOS),16,1
42488425-005,Natural direct detection,Direct NGS detection,Yes,Positive,S0009,Erinaceus spp.,Erinaceidae,Russia,Various urban and suburban areas of European Russia; exact locations in Supplementary Table 2,Late spring and summer 2023,2023,2023,Picornaviridae genome fragments,Picornaviridae,Sequencing,Anal swabs from animals 23_5(MOS) and 23_23(MOS),16,2
42488425-006,Natural direct detection,Direct NGS detection,Yes,Positive,S0009,Erinaceus spp.,Erinaceidae,Russia,Various urban and suburban areas of European Russia; exact locations in Supplementary Table 2,Late spring and summer 2023,2023,2023,Flaviviridae genome fragments,Flaviviridae,Sequencing,Anal and oral swabs from animal 23_17(MOS),16,1
42488425-007,Natural direct detection,Direct NGS detection,Yes,Positive,S0009,Erinaceus spp.,Erinaceidae,Russia,Various urban and suburban areas of European Russia; exact locations in Supplementary Table 2,Late spring and summer 2023,2023,2023,Astroviridae genome fragment,Astroviridae,Sequencing,Anal swab from animal 23_18(MOS),16,1
41574625-001,Natural direct detection,Direct RNA-seq detection,Yes,Positive,S0010,Blarina brevicauda,Soricidae,United States,"Auburn, Alabama",Not reported,,,Blarina brevicauda virus (BbV),Paramyxoviridae,Sequencing,At least one tissue RNA-seq dataset per animal,4,4
41574625-002,Natural direct detection,Direct RNA-seq detection,No,Positive,S0010,Blarina brevicauda,Soricidae,United States,"Auburn, Alabama",Not reported,,,Blarina brevicauda virus (BbV),Paramyxoviridae,Sequencing,Kidney,4,4
41574625-003,Natural direct detection,Direct RNA-seq detection,No,Positive,S0010,Blarina brevicauda,Soricidae,United States,"Auburn, Alabama",Not reported,,,Blarina brevicauda virus (BbV),Paramyxoviridae,Sequencing,Skin,4,1
41574625-004,Natural direct detection,Direct RNA-seq detection,No,Negative,S0010,Blarina brevicauda,Soricidae,United States,"Auburn, Alabama",Not reported,,,Blarina brevicauda virus (BbV),Paramyxoviridae,Sequencing,Brain,4,0
41574625-005,Natural direct detection,Direct RNA-seq detection,No,Negative,S0010,Blarina brevicauda,Soricidae,United States,"Auburn, Alabama",Not reported,,,Blarina brevicauda virus (BbV),Paramyxoviridae,Sequencing,Heart,4,0
41574625-006,Natural direct detection,Direct RNA-seq detection,No,Negative,S0010,Blarina brevicauda,Soricidae,United States,"Auburn, Alabama",Not reported,,,Blarina brevicauda virus (BbV),Paramyxoviridae,Sequencing,Liver,4,0
41702980-001,Pooled sequencing,Direct metagenomic detection,Yes,Positive,S0011,Crocidura fuliginosa,Soricidae,Myanmar,"Hlawga National Park and Hlawga Village, Yangon Region",2017; dry season,2017,2017,"Wencheng shrew virus (WESV), draft genome Hlawga-17",Coronaviridae,Metagenomic / pooled sequencing,Rectal swab,8,1
41702980-002,Pooled sequencing,Direct metagenomic detection,No,Positive,S0011,Crocidura fuliginosa,Soricidae,Myanmar,"Hlawga National Park, Yangon Region",2017; dry season,2017,2017,"Wencheng shrew virus (WESV), draft genome Hlawga-17",Coronaviridae,Metagenomic / pooled sequencing,Rectal swab,2,1
41702980-003,Pooled sequencing,Direct metagenomic detection,No,Negative,S0011,Crocidura fuliginosa,Soricidae,Myanmar,"Hlawga Village, Yangon Region",2017; dry season,2017,2017,"Wencheng shrew virus (WESV), draft genome Hlawga-17",Coronaviridae,Metagenomic / pooled sequencing,Rectal swab,6,0
41594414-001,Natural direct detection,Direct nucleic-acid detection,Yes,Positive,S0012,Sorex araneus,Soricidae,Hungary,"Four locations in Southern Transdanubia, as applicable",2007–2011,2007,2011,Hantavirus / hantaviral RNA,Hantaviridae,PCR + sequencing,Lung tissue,87,8
41594414-002,Natural direct detection,Direct nucleic-acid detection,No,Positive,S0012,Sorex araneus,Soricidae,Hungary,"Kis-Balaton, Southern Transdanubia",2007–2011,2007,2011,Hantavirus / hantaviral RNA,Hantaviridae,PCR + sequencing,Lung tissue,55,6
41594414-003,Natural direct detection,Direct nucleic-acid detection,No,Positive,S0012,Sorex araneus,Soricidae,Hungary,"Gyékényes, Southern Transdanubia",2007–2011,2007,2011,Hantavirus / hantaviral RNA,Hantaviridae,PCR + sequencing,Lung tissue,30,2
41594414-004,Natural direct detection,Direct nucleic-acid detection,No,Negative,S0012,Sorex araneus,Soricidae,Hungary,"Matty, Southern Transdanubia",2007–2011,2007,2011,Hantavirus / hantaviral RNA,Hantaviridae,PCR + sequencing,Lung tissue,2,0
41594414-005,Natural direct detection,Direct nucleic-acid detection,Yes,Positive,S0012,Sorex minutus,Soricidae,Hungary,"Four locations in Southern Transdanubia, as applicable",2007–2011,2007,2011,Hantavirus / hantaviral RNA,Hantaviridae,PCR + sequencing,Lung tissue,2,1
41594414-006,Natural direct detection,Direct nucleic-acid detection,No,Positive,S0012,Sorex minutus,Soricidae,Hungary,"Kis-Balaton, Southern Transdanubia",2007–2011,2007,2011,Hantavirus / hantaviral RNA,Hantaviridae,PCR + sequencing,Lung tissue,2,1
41594414-007,Natural direct detection,Direct nucleic-acid detection,Yes,Negative,S0012,Crocidura suaveolens,Soricidae,Hungary,"Four locations in Southern Transdanubia, as applicable",2007–2011,2007,2011,Hantavirus / hantaviral RNA,Hantaviridae,PCR + sequencing,Lung tissue,2,0
41594414-008,Natural direct detection,Direct nucleic-acid detection,No,Negative,S0012,Crocidura suaveolens,Soricidae,Hungary,"Kis-Balaton, Southern Transdanubia",2007–2011,2007,2011,Hantavirus / hantaviral RNA,Hantaviridae,PCR + sequencing,Lung tissue,1,0
41594414-009,Natural direct detection,Direct nucleic-acid detection,No,Negative,S0012,Crocidura suaveolens,Soricidae,Hungary,"Gyód, Southern Transdanubia",2007–2011,2007,2011,Hantavirus / hantaviral RNA,Hantaviridae,PCR + sequencing,Lung tissue,1,0
41594414-010,Natural direct detection,Direct nucleic-acid detection,Yes,Positive,S0012,Neomys fodiens,Soricidae,Hungary,"Four locations in Southern Transdanubia, as applicable",2007–2011,2007,2011,Hantavirus / hantaviral RNA,Hantaviridae,PCR + sequencing,Lung tissue,9,3
41594414-011,Natural direct detection,Direct nucleic-acid detection,No,Positive,S0012,Neomys fodiens,Soricidae,Hungary,"Kis-Balaton, Southern Transdanubia",2007–2011,2007,2011,Hantavirus / hantaviral RNA,Hantaviridae,PCR + sequencing,Lung tissue,5,2
41594414-012,Natural direct detection,Direct nucleic-acid detection,No,Positive,S0012,Neomys fodiens,Soricidae,Hungary,"Gyékényes, Southern Transdanubia",2007–2011,2007,2011,Hantavirus / hantaviral RNA,Hantaviridae,PCR + sequencing,Lung tissue,3,1
41594414-013,Natural direct detection,Direct nucleic-acid detection,No,Negative,S0012,Neomys fodiens,Soricidae,Hungary,"Matty, Southern Transdanubia",2007–2011,2007,2011,Hantavirus / hantaviral RNA,Hantaviridae,PCR + sequencing,Lung tissue,1,0
41594414-014,Natural direct detection,Direct nucleic-acid detection,Yes,Positive,S0012,Neomys milleri,Soricidae,Hungary,"Four locations in Southern Transdanubia, as applicable",2007–2011,2007,2011,Hantavirus / hantaviral RNA,Hantaviridae,PCR + sequencing,Lung tissue,23,1
41594414-015,Natural direct detection,Direct nucleic-acid detection,No,Positive,S0012,Neomys milleri,Soricidae,Hungary,"Kis-Balaton, Southern Transdanubia",2007–2011,2007,2011,Hantavirus / hantaviral RNA,Hantaviridae,PCR + sequencing,Lung tissue,23,1
41594414-016,Natural direct detection,Direct nucleic-acid detection,Yes,Negative,S0012,Crocidura leucodon,Soricidae,Hungary,"Four locations in Southern Transdanubia, as applicable",2007–2011,2007,2011,Hantavirus / hantaviral RNA,Hantaviridae,PCR + sequencing,Lung tissue,6,0
41594414-017,Natural direct detection,Direct nucleic-acid detection,No,Negative,S0012,Crocidura leucodon,Soricidae,Hungary,"Gyékényes, Southern Transdanubia",2007–2011,2007,2011,Hantavirus / hantaviral RNA,Hantaviridae,PCR + sequencing,Lung tissue,4,0
41594414-018,Natural direct detection,Direct nucleic-acid detection,No,Negative,S0012,Crocidura leucodon,Soricidae,Hungary,"Gyód, Southern Transdanubia",2007–2011,2007,2011,Hantavirus / hantaviral RNA,Hantaviridae,PCR + sequencing,Lung tissue,2,0
41546033-001,Natural direct detection,Negative targeted screening,Yes,Negative,S0013,Erinaceus europaeus,Erinaceidae,Italy,"Lombardy and Emilia-Romagna, northern Italy; ten provinces",2022–2024,2022,2024,wild boar hepatitis E virus genotype 6a,Hepeviridae,PCR / RT-PCR,Liver,301,0
41418935-001,Experimental evidence,Unconfirmed NGS signal,No,Uncertain / not applicable,S0014,Suncus murinus,Soricidae,China,"Nansha District, Guangzhou, Guangdong Province",June 2023 to December 2024,2023,2024,porcine epidemic diarrhea virus,Coronaviridae,Experimental infection,"Individual mixed tissue sample comprising liver, spleen, lung and kidney",,
41416836-001,Pooled sequencing,Pooled metatranscriptomic detection,No,Positive,S0015,Erinaceus europaeus,Erinaceidae,Aotearoa New Zealand,South Island,2021,2021,2021,Hedgehog arterivirus,Arteriviridae,Metagenomic / pooled sequencing,Pooled kidney and liver RNA,,
41416836-002,Pooled sequencing,Pooled metatranscriptomic detection,No,Positive,S0015,Erinaceus europaeus,Erinaceidae,Aotearoa New Zealand,South Island,2021,2021,2021,hedgehog hepatovirus,Picornaviridae,Metagenomic / pooled sequencing,Pooled kidney and liver RNA,,
41416836-003,Pooled sequencing,Pooled metatranscriptomic detection,No,Positive,S0015,Erinaceus europaeus,Erinaceidae,Aotearoa New Zealand,South Island,2021,2021,2021,Human rotavirus A,Sedoreoviridae,Metagenomic / pooled sequencing,Pooled kidney and liver RNA,,
41348473-001,Natural direct detection,Direct nucleic-acid detection and genome characterization,No,Positive,S0016,Crocidura olivieri,Soricidae,Kenya,"Kitale town, western Kenya",2016,2016,2016,Shrew HEV Co-KY2016,Hepeviridae,PCR + sequencing,Liver,,1
41305520-001,Natural direct detection,Direct nucleic-acid detection,Yes,Positive,S0017,Neomys fodiens,Soricidae,Russia,"Teletskoye, Altai Republic and Azhendarovo, Kemerovo Oblast",2019–2025,2019,2025,Hantaviral RNA (BIRV or BOGV in positive animals),Hantaviridae,PCR + sequencing,Lung tissue,64,4
41305520-002,Natural direct detection,Direct nucleic-acid detection,No,Positive,S0017,Neomys fodiens,Soricidae,Russia,"Teletskoye Lake, Altai Republic",2019,2019,2019,"Biya River virus (BIRV), strain Biya-Nf215/Russia/2019",Hantaviridae,PCR + sequencing,Lung tissue,2,1
41305520-003,Natural direct detection,Direct nucleic-acid detection,No,Positive,S0017,Neomys fodiens,Soricidae,Russia,"Azhendarovo, Kemerovo Oblast",2021,2021,2021,Boginia virus (BOGV),Hantaviridae,PCR + sequencing,Lung tissue,13,1
41305520-004,Natural direct detection,Direct nucleic-acid detection,No,Positive,S0017,Neomys fodiens,Soricidae,Russia,"Azhendarovo, Kemerovo Oblast",2022,2022,2022,Boginia virus (BOGV),Hantaviridae,PCR + sequencing,Lung tissue,17,2
41305520-005,Natural direct detection,Direct nucleic-acid detection,No,Negative,S0017,Neomys fodiens,Soricidae,Russia,"Azhendarovo, Kemerovo Oblast",2023,2023,2023,Hantaviral RNA,Hantaviridae,PCR + sequencing,Lung tissue,1,0
41305520-006,Natural direct detection,Direct nucleic-acid detection,No,Negative,S0017,Neomys fodiens,Soricidae,Russia,"Azhendarovo, Kemerovo Oblast",2024,2024,2024,Hantaviral RNA,Hantaviridae,PCR + sequencing,Lung tissue,6,0
41305520-007,Natural direct detection,Direct nucleic-acid detection,No,Negative,S0017,Neomys fodiens,Soricidae,Russia,"Azhendarovo, Kemerovo Oblast",2025,2025,2025,Hantaviral RNA,Hantaviridae,PCR + sequencing,Lung tissue,25,0
41299624-001,Pooled sequencing,Pooled metagenomic detection,No,Positive,S0018,Crocidura grandiceps,Soricidae,Sierra Leone,"Seventeen sites in Freetown, Kenema and Moyamba districts; virus-specific shrew locality not reported in main PDF",2018–2023,2018,2023,melian virus,Paramyxoviridae,Metagenomic / pooled sequencing,"Heart, liver, spleen, lung and kidney pooled by animal species and location",,
41299624-002,Pooled sequencing,Pooled metagenomic detection,No,Positive,S0018,Crocidura olivieri,Soricidae,Sierra Leone,"Seventeen sites in Freetown, Kenema and Moyamba districts; virus-specific shrew locality not reported in main PDF",2018–2023,2018,2023,Crocidura olivieri henipavirus 1,Paramyxoviridae,Metagenomic / pooled sequencing,"Heart, liver, spleen, lung and kidney pooled by animal species and location",,
41299624-003,Pooled sequencing,Pooled metagenomic detection,No,Positive,S0018,Crocidura grandiceps,Soricidae,Sierra Leone,"Seventeen sites in Freetown, Kenema and Moyamba districts; virus-specific shrew locality not reported in main PDF",2018–2023,2018,2023,Crocidura grandiceps muarterivirus 1,Arteriviridae,Metagenomic / pooled sequencing,"Heart, liver, spleen, lung and kidney pooled by animal species and location",,
41299624-004,Pooled sequencing,Pooled metagenomic detection,No,Positive,S0018,Crocidura grandiceps,Soricidae,Sierra Leone,"Seventeen sites in Freetown, Kenema and Moyamba districts; virus-specific shrew locality not reported in main PDF",2018–2023,2018,2023,Crocidura grandiceps muarterivirus 2,Arteriviridae,Metagenomic / pooled sequencing,"Heart, liver, spleen, lung and kidney pooled by animal species and location",,
41299624-005,Indirect or contextual evidence,Ambiguous figure label,No,Uncertain / not applicable,S0018,Crocidura olivieri,Soricidae,Sierra Leone,"Seventeen sites in Freetown, Kenema and Moyamba districts; virus-specific shrew locality not reported in main PDF",2018–2023,2018,2023,Crocidura olivieri henipavirus 2,Paramyxoviridae,PCR + sequencing,"Heart, liver, spleen, lung and kidney pooled by animal species and location",,
41115661-001,Serology,Serology,Yes,Positive,S0019,Erinaceus amurensis,Erinaceidae,China,Six urban parks in Beijing,April–October 2024,2024,2024,severe fever with thrombocytopenia syndrome virus,Phenuiviridae,Serology,Serum,87,30
41115661-002,Serology,Serology,No,Positive,S0019,Erinaceus amurensis,Erinaceidae,China,"Taoranting Park, Beijing",April–October 2024,2024,2024,severe fever with thrombocytopenia syndrome virus,Phenuiviridae,Serology,Serum,14,4
41115661-003,Serology,Serology,No,Positive,S0019,Erinaceus amurensis,Erinaceidae,China,"Temple of Heaven Park, Beijing",April–October 2024,2024,2024,severe fever with thrombocytopenia syndrome virus,Phenuiviridae,Serology,Serum,16,10
41115661-004,Serology,Serology,No,Positive,S0019,Erinaceus amurensis,Erinaceidae,China,"Beihai Park, Beijing",April–October 2024,2024,2024,severe fever with thrombocytopenia syndrome virus,Phenuiviridae,Serology,Serum,14,3
41115661-005,Serology,Serology,No,Positive,S0019,Erinaceus amurensis,Erinaceidae,China,"Zizhuyuan Park, Beijing",April–October 2024,2024,2024,severe fever with thrombocytopenia syndrome virus,Phenuiviridae,Serology,Serum,15,3
41115661-006,Serology,Serology,No,Positive,S0019,Erinaceus amurensis,Erinaceidae,China,"Haidian Park, Beijing",April–October 2024,2024,2024,severe fever with thrombocytopenia syndrome virus,Phenuiviridae,Serology,Serum,14,2
41115661-007,Serology,Serology,No,Positive,S0019,Erinaceus amurensis,Erinaceidae,China,"Olympic Forest Park, Beijing",April–October 2024,2024,2024,severe fever with thrombocytopenia syndrome virus,Phenuiviridae,Serology,Serum,14,8
41115661-008,Serology,Serology,No,Positive,S0019,Erinaceus amurensis,Erinaceidae,China,Six urban parks in Beijing,April 2024,2024,2024,severe fever with thrombocytopenia syndrome virus,Phenuiviridae,Serology,Serum,14,8
41115661-009,Serology,Serology,No,Positive,S0019,Erinaceus amurensis,Erinaceidae,China,Six urban parks in Beijing,May 2024,2024,2024,severe fever with thrombocytopenia syndrome virus,Phenuiviridae,Serology,Serum,13,8
41115661-010,Serology,Serology,No,Positive,S0019,Erinaceus amurensis,Erinaceidae,China,Six urban parks in Beijing,June 2024,2024,2024,severe fever with thrombocytopenia syndrome virus,Phenuiviridae,Serology,Serum,12,3
41115661-011,Serology,Serology,No,Positive,S0019,Erinaceus amurensis,Erinaceidae,China,Six urban parks in Beijing,July 2024,2024,2024,severe fever with thrombocytopenia syndrome virus,Phenuiviridae,Serology,Serum,12,2
41115661-012,Serology,Serology,No,Positive,S0019,Erinaceus amurensis,Erinaceidae,China,Six urban parks in Beijing,August 2024,2024,2024,severe fever with thrombocytopenia syndrome virus,Phenuiviridae,Serology,Serum,12,5
41115661-013,Serology,Serology,No,Positive,S0019,Erinaceus amurensis,Erinaceidae,China,Six urban parks in Beijing,September 2024,2024,2024,severe fever with thrombocytopenia syndrome virus,Phenuiviridae,Serology,Serum,12,2
41115661-014,Serology,Serology,No,Positive,S0019,Erinaceus amurensis,Erinaceidae,China,Six urban parks in Beijing,October 2024,2024,2024,severe fever with thrombocytopenia syndrome virus,Phenuiviridae,Serology,Serum,12,1
41115661-015,Natural direct detection,Direct nucleic-acid detection,Yes,Positive,S0019,Erinaceus amurensis,Erinaceidae,China,Six urban parks in Beijing,April–October 2024,2024,2024,severe fever with thrombocytopenia syndrome virus,Phenuiviridae,PCR + sequencing,Blood,87,4
41115661-016,Natural direct detection,Direct nucleic-acid detection,No,Positive,S0019,Erinaceus amurensis,Erinaceidae,China,"Taoranting Park, Beijing",April–October 2024,2024,2024,severe fever with thrombocytopenia syndrome virus,Phenuiviridae,PCR + sequencing,Blood,14,1
41115661-017,Natural direct detection,Direct nucleic-acid detection,No,Negative,S0019,Erinaceus amurensis,Erinaceidae,China,"Temple of Heaven Park, Beijing",April–October 2024,2024,2024,severe fever with thrombocytopenia syndrome virus,Phenuiviridae,PCR + sequencing,Blood,16,0
41115661-018,Natural direct detection,Direct nucleic-acid detection,No,Negative,S0019,Erinaceus amurensis,Erinaceidae,China,"Beihai Park, Beijing",April–October 2024,2024,2024,severe fever with thrombocytopenia syndrome virus,Phenuiviridae,PCR + sequencing,Blood,14,0
41115661-019,Natural direct detection,Direct nucleic-acid detection,No,Positive,S0019,Erinaceus amurensis,Erinaceidae,China,"Zizhuyuan Park, Beijing",April–October 2024,2024,2024,severe fever with thrombocytopenia syndrome virus,Phenuiviridae,PCR + sequencing,Blood,15,1
41115661-020,Natural direct detection,Direct nucleic-acid detection,No,Positive,S0019,Erinaceus amurensis,Erinaceidae,China,"Haidian Park, Beijing",April–October 2024,2024,2024,severe fever with thrombocytopenia syndrome virus,Phenuiviridae,PCR + sequencing,Blood,14,1
41115661-021,Natural direct detection,Direct nucleic-acid detection,No,Positive,S0019,Erinaceus amurensis,Erinaceidae,China,"Olympic Forest Park, Beijing",April–October 2024,2024,2024,severe fever with thrombocytopenia syndrome virus,Phenuiviridae,PCR + sequencing,Blood,14,1
42049016-001,Serology,Community serology without shrew-specific result,No,Uncertain / not applicable,S0020,Soricidae spp.,Soricidae,Sierra Leone,LASV-endemic Eastern Province,Not reported,,,Lassa virus,Arenaviridae,Serology,Not reported,,
40380277-002,Pooled sequencing,Pooled meta-transcriptomic detection,No,Positive,S0021,Sorex bedfordiae,Soricidae,China,Twelve counties in Yunnan Province; host-virus-specific county not reported in the main article,November 2015 to December 2020,2015,2020,Shrew orthomyxovirus BIME2,Orthomyxoviridae,Metagenomic / pooled sequencing,Lung tissue,,
40380277-003,Pooled sequencing,Pooled meta-transcriptomic detection,No,Positive,S0021,Sorex bedfordiae,Soricidae,China,Twelve counties in Yunnan Province; host-virus-specific county not reported in the main article,November 2015 to December 2020,2015,2020,Shrew orthomyxovirus BIME3,Orthomyxoviridae,Metagenomic / pooled sequencing,Lung tissue,,
40380277-004,Pooled sequencing,Pooled meta-transcriptomic detection,No,Positive,S0021,Sorex bedfordiae,Soricidae,China,Twelve counties in Yunnan Province; host-virus-specific county not reported in the main article,November 2015 to December 2020,2015,2020,Shrew ohlsdorf virus BIME2,,Metagenomic / pooled sequencing,Lung tissue,,
40380277-005,Pooled sequencing,Pooled meta-transcriptomic detection,No,Positive,S0021,Sorex bedfordiae,Soricidae,China,Twelve counties in Yunnan Province; host-virus-specific county not reported in the main article,November 2015 to December 2020,2015,2020,Shrew rhabdovirus BIME5,Rhabdoviridae,Metagenomic / pooled sequencing,Lung tissue,,
40380277-006,Pooled sequencing,Pooled meta-transcriptomic detection,No,Positive,S0021,Sorex bedfordiae,Soricidae,China,Twelve counties in Yunnan Province; host-virus-specific county not reported in the main article,November 2015 to December 2020,2015,2020,Shrew goukovirus BIME1,Phenuiviridae,Metagenomic / pooled sequencing,Lung tissue,,
40380277-007,Pooled sequencing,Pooled meta-transcriptomic detection,No,Positive,S0021,Sorex bedfordiae,Soricidae,China,Twelve counties in Yunnan Province; host-virus-specific county not reported in the main article,November 2015 to December 2020,2015,2020,Shrew hepacivirus BIME1,Hepaciviridae,Metagenomic / pooled sequencing,Lung tissue,,
40380277-008,Pooled sequencing,Pooled meta-transcriptomic detection,No,Positive,S0021,Sorex bedfordiae,Soricidae,China,Twelve counties in Yunnan Province; host-virus-specific county not reported in the main article,November 2015 to December 2020,2015,2020,Shrew orbivirus BIME1,Sedoreoviridae,Metagenomic / pooled sequencing,Lung tissue,,
40380277-009,Pooled sequencing,Pooled meta-transcriptomic detection,No,Positive,S0021,Crocidura dracula,Soricidae,China,Twelve counties in Yunnan Province; host-virus-specific county not reported in the main article,November 2015 to December 2020,2015,2020,Shrew rhabdovirus BIME11,Rhabdoviridae,Metagenomic / pooled sequencing,Lung tissue,,
40380277-010,Pooled sequencing,Pooled meta-transcriptomic detection,No,Positive,S0021,Crocidura dracula,Soricidae,China,Twelve counties in Yunnan Province; host-virus-specific county not reported in the main article,November 2015 to December 2020,2015,2020,Shrew chuvirus BIME3,Chuviridae,Metagenomic / pooled sequencing,Lung tissue,,
40380277-011,Pooled sequencing,Pooled meta-transcriptomic detection,No,Positive,S0021,Crocidura dracula,Soricidae,China,Twelve counties in Yunnan Province; host-virus-specific county not reported in the main article,November 2015 to December 2020,2015,2020,Shrew phenuivirus BIME4,Phenuiviridae,Metagenomic / pooled sequencing,Lung tissue,,
40380277-012,Pooled sequencing,Pooled meta-transcriptomic detection,No,Positive,S0021,Crocidura dracula,Soricidae,China,Twelve counties in Yunnan Province; host-virus-specific county not reported in the main article,November 2015 to December 2020,2015,2020,Shrew rhabdovirus BIME13,Rhabdoviridae,Metagenomic / pooled sequencing,Lung tissue,,
40380277-013,Pooled sequencing,Pooled meta-transcriptomic detection,No,Positive,S0021,Crocidura dracula,Soricidae,China,Twelve counties in Yunnan Province; host-virus-specific county not reported in the main article,November 2015 to December 2020,2015,2020,Shrew orbivirus BIME2,Sedoreoviridae,Metagenomic / pooled sequencing,Lung tissue,,
40380277-014,Pooled sequencing,Pooled meta-transcriptomic detection,No,Positive,S0021,Crocidura dracula,Soricidae,China,Twelve counties in Yunnan Province; host-virus-specific county not reported in the main article,November 2015 to December 2020,2015,2020,Shrew rhabdovirus BIME8,Rhabdoviridae,Metagenomic / pooled sequencing,Lung tissue,,
40380277-015,Pooled sequencing,Pooled meta-transcriptomic detection,No,Positive,S0021,Crocidura dracula,Soricidae,China,Twelve counties in Yunnan Province; host-virus-specific county not reported in the main article,November 2015 to December 2020,2015,2020,Shrew orthomyxovirus BIME4,Orthomyxoviridae,Metagenomic / pooled sequencing,Lung tissue,,
40380277-016,Pooled sequencing,Pooled meta-transcriptomic detection,No,Positive,S0021,Crocidura dracula,Soricidae,China,Twelve counties in Yunnan Province; host-virus-specific county not reported in the main article,November 2015 to December 2020,2015,2020,Shrew sigmavirus BIME1,Rhabdoviridae,Metagenomic / pooled sequencing,Lung tissue,,
40380277-017,Pooled sequencing,Pooled meta-transcriptomic detection,No,Positive,S0021,Crocidura dracula,Soricidae,China,Twelve counties in Yunnan Province; host-virus-specific county not reported in the main article,November 2015 to December 2020,2015,2020,Shrew rhabdovirus BIME4,Rhabdoviridae,Metagenomic / pooled sequencing,Lung tissue,,
40380277-018,Pooled sequencing,Pooled meta-transcriptomic detection,No,Positive,S0021,Crocidura dracula,Soricidae,China,Twelve counties in Yunnan Province; host-virus-specific county not reported in the main article,November 2015 to December 2020,2015,2020,Shrew astrovirus BIME2,Astroviridae,Metagenomic / pooled sequencing,Lung tissue,,
40380277-019,Pooled sequencing,Pooled meta-transcriptomic detection,No,Positive,S0021,Crocidura dracula,Soricidae,China,Twelve counties in Yunnan Province; host-virus-specific county not reported in the main article,November 2015 to December 2020,2015,2020,Shrew phenuivirus BIME2,Phenuiviridae,Metagenomic / pooled sequencing,Lung tissue,,
40380277-020,Pooled sequencing,Pooled meta-transcriptomic detection,No,Positive,S0021,Crocidura dracula,Soricidae,China,Twelve counties in Yunnan Province; host-virus-specific county not reported in the main article,November 2015 to December 2020,2015,2020,Shrew phenuivirus BIME3,Phenuiviridae,Metagenomic / pooled sequencing,Lung tissue,,
40380277-021,Pooled sequencing,Pooled meta-transcriptomic detection,No,Positive,S0021,Crocidura dracula,Soricidae,China,Twelve counties in Yunnan Province; host-virus-specific county not reported in the main article,November 2015 to December 2020,2015,2020,Shrew phenuivirus BIME5,Phenuiviridae,Metagenomic / pooled sequencing,Lung tissue,,
40380277-022,Pooled sequencing,Pooled meta-transcriptomic detection,No,Positive,S0021,Crocidura dracula,Soricidae,China,Twelve counties in Yunnan Province; host-virus-specific county not reported in the main article,November 2015 to December 2020,2015,2020,Shrew astrovirus BIME5,Astroviridae,Metagenomic / pooled sequencing,Lung tissue,,
40380277-023,Pooled sequencing,Pooled meta-transcriptomic detection,No,Positive,S0021,Crocidura dracula,Soricidae,China,Twelve counties in Yunnan Province; host-virus-specific county not reported in the main article,November 2015 to December 2020,2015,2020,Mòjiāng virus,Paramyxoviridae,Metagenomic / pooled sequencing,Lung tissue,,
40380277-024,Pooled sequencing,Pooled meta-transcriptomic detection,No,Positive,S0021,Crocidura dracula,Soricidae,China,Twelve counties in Yunnan Province; host-virus-specific county not reported in the main article,November 2015 to December 2020,2015,2020,Shrew hepacivirus BIME1,Hepaciviridae,Metagenomic / pooled sequencing,Lung tissue,,
40380277-025,Pooled sequencing,Pooled meta-transcriptomic detection,No,Positive,S0021,Crocidura dracula,Soricidae,China,Twelve counties in Yunnan Province; host-virus-specific county not reported in the main article,November 2015 to December 2020,2015,2020,Shrew orbivirus BIME1,Sedoreoviridae,Metagenomic / pooled sequencing,Lung tissue,,
40380277-026,Pooled sequencing,Pooled meta-transcriptomic detection,No,Positive,S0021,Crocidura dracula,Soricidae,China,Twelve counties in Yunnan Province; host-virus-specific county not reported in the main article,November 2015 to December 2020,2015,2020,Shrew astrovirus BIME1,Astroviridae,Metagenomic / pooled sequencing,Lung tissue,,
40380277-027,Pooled sequencing,Pooled meta-transcriptomic detection,No,Positive,S0021,Crocidura vorax,Soricidae,China,Twelve counties in Yunnan Province; host-virus-specific county not reported in the main article,November 2015 to December 2020,2015,2020,Shrew rhabdovirus BIME7,Rhabdoviridae,Metagenomic / pooled sequencing,Lung tissue,,
40380277-028,Pooled sequencing,Pooled meta-transcriptomic detection,No,Positive,S0021,Crocidura vorax,Soricidae,China,Twelve counties in Yunnan Province; host-virus-specific county not reported in the main article,November 2015 to December 2020,2015,2020,Shrew caligrhavirus BIME1,Rhabdoviridae,Metagenomic / pooled sequencing,Lung tissue,,
40380277-029,Pooled sequencing,Pooled meta-transcriptomic detection,No,Positive,S0021,Crocidura tanakae,Soricidae,China,Twelve counties in Yunnan Province; host-virus-specific county not reported in the main article,November 2015 to December 2020,2015,2020,Shrew rhabdovirus BIME12,Rhabdoviridae,Metagenomic / pooled sequencing,Lung tissue,,
40380277-030,Pooled sequencing,Pooled meta-transcriptomic detection,No,Positive,S0021,Crocidura tanakae,Soricidae,China,Twelve counties in Yunnan Province; host-virus-specific county not reported in the main article,November 2015 to December 2020,2015,2020,Wufeng Blarinella griselda pegivirus 1,Flaviviridae,Metagenomic / pooled sequencing,Lung tissue,,
40380277-031,Pooled sequencing,Pooled meta-transcriptomic detection,No,Positive,S0021,Crocidura tanakae,Soricidae,China,Twelve counties in Yunnan Province; host-virus-specific county not reported in the main article,November 2015 to December 2020,2015,2020,Shrew astrovirus BIME1,Astroviridae,Metagenomic / pooled sequencing,Lung tissue,,
40380277-032,Pooled sequencing,Pooled meta-transcriptomic detection,No,Positive,S0021,Crocidura rapax,Soricidae,China,Twelve counties in Yunnan Province; host-virus-specific county not reported in the main article,November 2015 to December 2020,2015,2020,Shrew astrovirus BIME1,Astroviridae,Metagenomic / pooled sequencing,Lung tissue,,
40380277-033,Pooled sequencing,Pooled meta-transcriptomic detection,No,Positive,S0021,Suncus murinus,Soricidae,China,Twelve counties in Yunnan Province; host-virus-specific county not reported in the main article,November 2015 to December 2020,2015,2020,Shrew astrovirus BIME4,Astroviridae,Metagenomic / pooled sequencing,Lung tissue,,
40380277-034,Pooled sequencing,Pooled meta-transcriptomic detection,No,Positive,S0021,Suncus murinus,Soricidae,China,Twelve counties in Yunnan Province; host-virus-specific county not reported in the main article,November 2015 to December 2020,2015,2020,Wenzhou shrew henipavirus 1,Paramyxoviridae,Metagenomic / pooled sequencing,Lung tissue,,
40380277-035,Pooled sequencing,Pooled meta-transcriptomic detection,No,Positive,S0021,Suncus murinus,Soricidae,China,Twelve counties in Yunnan Province; host-virus-specific county not reported in the main article,November 2015 to December 2020,2015,2020,Wenzhou rodent chuvirus 1,Chuviridae,Metagenomic / pooled sequencing,Lung tissue,,
40380277-036,Pooled sequencing,Pooled meta-transcriptomic detection,No,Positive,S0021,Suncus murinus,Soricidae,China,Twelve counties in Yunnan Province; host-virus-specific county not reported in the main article,November 2015 to December 2020,2015,2020,Shrew phenuivirus BIME8,Phenuiviridae,Metagenomic / pooled sequencing,Lung tissue,,
40380277-037,Pooled sequencing,Pooled meta-transcriptomic detection,No,Positive,S0021,Suncus murinus,Soricidae,China,Twelve counties in Yunnan Province; host-virus-specific county not reported in the main article,November 2015 to December 2020,2015,2020,Shrew caligrhavirus BIME2,Rhabdoviridae,Metagenomic / pooled sequencing,Lung tissue,,
40380277-038,Pooled sequencing,Pooled meta-transcriptomic detection,No,Positive,S0021,Suncus murinus,Soricidae,China,Twelve counties in Yunnan Province; host-virus-specific county not reported in the main article,November 2015 to December 2020,2015,2020,Shrew orthomyxovirus BIME1,Orthomyxoviridae,Metagenomic / pooled sequencing,Lung tissue,,
40380277-039,Pooled sequencing,Pooled meta-transcriptomic detection,No,Positive,S0021,Suncus murinus,Soricidae,China,Twelve counties in Yunnan Province; host-virus-specific county not reported in the main article,November 2015 to December 2020,2015,2020,Shrew phenuivirus BIME7,Phenuiviridae,Metagenomic / pooled sequencing,Lung tissue,,
40380277-040,Pooled sequencing,Pooled meta-transcriptomic detection,No,Positive,S0021,Suncus murinus,Soricidae,China,Twelve counties in Yunnan Province; host-virus-specific county not reported in the main article,November 2015 to December 2020,2015,2020,Shrew rhabdovirus BIME6,Rhabdoviridae,Metagenomic / pooled sequencing,Lung tissue,,
40380277-041,Pooled sequencing,Pooled meta-transcriptomic detection,No,Positive,S0021,Suncus murinus,Soricidae,China,Twelve counties in Yunnan Province; host-virus-specific county not reported in the main article,November 2015 to December 2020,2015,2020,Mole chuvirus BIME1,Chuviridae,Metagenomic / pooled sequencing,Lung tissue,,
40380277-042,Pooled sequencing,Pooled meta-transcriptomic detection,No,Positive,S0021,Suncus murinus,Soricidae,China,Twelve counties in Yunnan Province; host-virus-specific county not reported in the main article,November 2015 to December 2020,2015,2020,rotavirus A,Sedoreoviridae,Metagenomic / pooled sequencing,Lung tissue,,
40380277-043,Pooled sequencing,Pooled meta-transcriptomic detection,No,Positive,S0021,Suncus murinus,Soricidae,China,Twelve counties in Yunnan Province; host-virus-specific county not reported in the main article,November 2015 to December 2020,2015,2020,Shrew thogotovirus BIME1,Orthomyxoviridae,Metagenomic / pooled sequencing,Lung tissue,,
40380277-044,Pooled sequencing,Pooled meta-transcriptomic detection,No,Positive,S0021,Suncus murinus,Soricidae,China,Twelve counties in Yunnan Province; host-virus-specific county not reported in the main article,November 2015 to December 2020,2015,2020,Shrew calicivirus BIME1,Caliciviridae,Metagenomic / pooled sequencing,Lung tissue,,
40380277-045,Pooled sequencing,Pooled meta-transcriptomic detection,No,Positive,S0021,Suncus murinus,Soricidae,China,Twelve counties in Yunnan Province; host-virus-specific county not reported in the main article,November 2015 to December 2020,2015,2020,Shrew hepacivirus BIME2,Hepaciviridae,Metagenomic / pooled sequencing,Lung tissue,,
40380277-046,Pooled sequencing,Pooled meta-transcriptomic detection,No,Positive,S0021,Suncus murinus,Soricidae,China,Twelve counties in Yunnan Province; host-virus-specific county not reported in the main article,November 2015 to December 2020,2015,2020,Orthohantavirus seoulense,Hantaviridae,Metagenomic / pooled sequencing,Lung tissue,,
40380277-047,Pooled sequencing,Pooled meta-transcriptomic detection,No,Positive,S0021,Suncus murinus,Soricidae,China,Twelve counties in Yunnan Province; host-virus-specific county not reported in the main article,November 2015 to December 2020,2015,2020,Mòjiāng virus,Paramyxoviridae,Metagenomic / pooled sequencing,Lung tissue,,
40380277-048,Pooled sequencing,Pooled meta-transcriptomic detection,No,Positive,S0021,Uropsilus investigator,Talpidae,China,Twelve counties in Yunnan Province; host-virus-specific county not reported in the main article,November 2015 to December 2020,2015,2020,Shrew morsusvirus BIME1,Chuviridae,Metagenomic / pooled sequencing,Lung tissue,,
40380277-049,Pooled sequencing,Pooled meta-transcriptomic detection,No,Positive,S0021,Uropsilus investigator,Talpidae,China,Twelve counties in Yunnan Province; host-virus-specific county not reported in the main article,November 2015 to December 2020,2015,2020,Mole scarabeuvirus BIME1,Chuviridae,Metagenomic / pooled sequencing,Lung tissue,,
40380277-050,Pooled sequencing,Pooled meta-transcriptomic detection,No,Positive,S0021,Uropsilus investigator,Talpidae,China,Twelve counties in Yunnan Province; host-virus-specific county not reported in the main article,November 2015 to December 2020,2015,2020,Mòjiāng virus,Paramyxoviridae,Metagenomic / pooled sequencing,Lung tissue,,
40380277-051,Pooled sequencing,Pooled meta-transcriptomic detection,No,Positive,S0021,Uropsilus investigator,Talpidae,China,Twelve counties in Yunnan Province; host-virus-specific county not reported in the main article,November 2015 to December 2020,2015,2020,Shrew hepacivirus BIME1,Hepaciviridae,Metagenomic / pooled sequencing,Lung tissue,,
40380277-052,Pooled sequencing,Pooled meta-transcriptomic detection,No,Positive,S0021,Uropsilus investigator,Talpidae,China,Twelve counties in Yunnan Province; host-virus-specific county not reported in the main article,November 2015 to December 2020,2015,2020,Shrew orbivirus BIME1,Sedoreoviridae,Metagenomic / pooled sequencing,Lung tissue,,
40380277-053,Pooled sequencing,Pooled meta-transcriptomic detection,No,Positive,S0021,Uropsilus investigator,Talpidae,China,Twelve counties in Yunnan Province; host-virus-specific county not reported in the main article,November 2015 to December 2020,2015,2020,Shrew astrovirus BIME1,Astroviridae,Metagenomic / pooled sequencing,Lung tissue,,
40380277-054,Pooled sequencing,Pooled meta-transcriptomic detection,No,Positive,S0021,Anourosorex squamipes,Soricidae,China,Twelve counties in Yunnan Province; host-virus-specific county not reported in the main article,November 2015 to December 2020,2015,2020,Wufeng shrew circovirus 1,Circoviridae,Metagenomic / pooled sequencing,Lung tissue,,
40380277-055,Pooled sequencing,Pooled meta-transcriptomic detection,No,Positive,S0021,Anourosorex squamipes,Soricidae,China,Twelve counties in Yunnan Province; host-virus-specific county not reported in the main article,November 2015 to December 2020,2015,2020,Shrew ohlsdorf virus BIME1,,Metagenomic / pooled sequencing,Lung tissue,,
40380277-056,Pooled sequencing,Pooled meta-transcriptomic detection,No,Positive,S0021,Anourosorex squamipes,Soricidae,China,Twelve counties in Yunnan Province; host-virus-specific county not reported in the main article,November 2015 to December 2020,2015,2020,Shrew rhabdovirus BIME1,Rhabdoviridae,Metagenomic / pooled sequencing,Lung tissue,,
40380277-057,Pooled sequencing,Pooled meta-transcriptomic detection,No,Positive,S0021,Anourosorex squamipes,Soricidae,China,Twelve counties in Yunnan Province; host-virus-specific county not reported in the main article,November 2015 to December 2020,2015,2020,Shrew rhabdovirus BIME9,Rhabdoviridae,Metagenomic / pooled sequencing,Lung tissue,,
40380277-058,Pooled sequencing,Pooled meta-transcriptomic detection,No,Positive,S0021,Anourosorex squamipes,Soricidae,China,Twelve counties in Yunnan Province; host-virus-specific county not reported in the main article,November 2015 to December 2020,2015,2020,Shrew phenuivirus BIME6,Phenuiviridae,Metagenomic / pooled sequencing,Lung tissue,,
40380277-059,Pooled sequencing,Pooled meta-transcriptomic detection,No,Positive,S0021,Anourosorex squamipes,Soricidae,China,Twelve counties in Yunnan Province; host-virus-specific county not reported in the main article,November 2015 to December 2020,2015,2020,Shrew phenuivirus BIME1,Phenuiviridae,Metagenomic / pooled sequencing,Lung tissue,,
40380277-060,Pooled sequencing,Pooled meta-transcriptomic detection,No,Positive,S0021,Anourosorex squamipes,Soricidae,China,Twelve counties in Yunnan Province; host-virus-specific county not reported in the main article,November 2015 to December 2020,2015,2020,Shrew rhabdovirus BIME10,Rhabdoviridae,Metagenomic / pooled sequencing,Lung tissue,,
40380277-061,Pooled sequencing,Pooled meta-transcriptomic detection,No,Positive,S0021,Anourosorex squamipes,Soricidae,China,Twelve counties in Yunnan Province; host-virus-specific county not reported in the main article,November 2015 to December 2020,2015,2020,Shrew astrovirus BIME3,Astroviridae,Metagenomic / pooled sequencing,Lung tissue,,
40380277-062,Pooled sequencing,Pooled meta-transcriptomic detection,No,Positive,S0021,Anourosorex squamipes,Soricidae,China,Twelve counties in Yunnan Province; host-virus-specific county not reported in the main article,November 2015 to December 2020,2015,2020,Shrew phlebovirus BIME1,Phenuiviridae,Metagenomic / pooled sequencing,Lung tissue,,
40380277-063,Pooled sequencing,Pooled meta-transcriptomic detection,No,Positive,S0021,Anourosorex squamipes,Soricidae,China,Twelve counties in Yunnan Province; host-virus-specific county not reported in the main article,November 2015 to December 2020,2015,2020,Shrew chuvirus BIME2,Chuviridae,Metagenomic / pooled sequencing,Lung tissue,,
40380277-064,Pooled sequencing,Pooled meta-transcriptomic detection,No,Positive,S0021,Anourosorex squamipes,Soricidae,China,Twelve counties in Yunnan Province; host-virus-specific county not reported in the main article,November 2015 to December 2020,2015,2020,Shrew chuvirus BIME1,Chuviridae,Metagenomic / pooled sequencing,Lung tissue,,
40380277-065,Pooled sequencing,Pooled meta-transcriptomic detection,No,Positive,S0021,Anourosorex squamipes,Soricidae,China,Twelve counties in Yunnan Province; host-virus-specific county not reported in the main article,November 2015 to December 2020,2015,2020,Cao Bằng virus,Hantaviridae,Metagenomic / pooled sequencing,Lung tissue,,
40380277-066,Pooled sequencing,Pooled meta-transcriptomic detection,No,Positive,S0021,Anourosorex squamipes,Soricidae,China,Twelve counties in Yunnan Province; host-virus-specific county not reported in the main article,November 2015 to December 2020,2015,2020,Shrew henipavirus BIME (number not legible in Figure 5d),Paramyxoviridae,Metagenomic / pooled sequencing,Lung tissue,,
40380277-067,Pooled sequencing,Pooled meta-transcriptomic detection,No,Positive,S0021,Anourosorex squamipes,Soricidae,China,Twelve counties in Yunnan Province; host-virus-specific county not reported in the main article,November 2015 to December 2020,2015,2020,Shrew rhabdovirus BIME2,Rhabdoviridae,Metagenomic / pooled sequencing,Lung tissue,,
40380277-068,Pooled sequencing,Pooled meta-transcriptomic detection,No,Positive,S0021,Anourosorex squamipes,Soricidae,China,Twelve counties in Yunnan Province; host-virus-specific county not reported in the main article,November 2015 to December 2020,2015,2020,Wufeng shrew rhabdovirus 1,Rhabdoviridae,Metagenomic / pooled sequencing,Lung tissue,,
40380277-069,Pooled sequencing,Pooled meta-transcriptomic detection,No,Positive,S0021,Anourosorex squamipes,Soricidae,China,Twelve counties in Yunnan Province; host-virus-specific county not reported in the main article,November 2015 to December 2020,2015,2020,Shrew rhabdovirus BIME3,Rhabdoviridae,Metagenomic / pooled sequencing,Lung tissue,,
40380277-070,Pooled sequencing,Pooled meta-transcriptomic detection,No,Positive,S0021,Anourosorex squamipes,Soricidae,China,Twelve counties in Yunnan Province; host-virus-specific county not reported in the main article,November 2015 to December 2020,2015,2020,Wufeng shrew rhabdovirus 2,Rhabdoviridae,Metagenomic / pooled sequencing,Lung tissue,,
40380277-071,Pooled sequencing,Pooled meta-transcriptomic detection,No,Positive,S0021,Anourosorex squamipes,Soricidae,China,Twelve counties in Yunnan Province; host-virus-specific county not reported in the main article,November 2015 to December 2020,2015,2020,Wufeng shrew rhabdovirus 3,Rhabdoviridae,Metagenomic / pooled sequencing,Lung tissue,,
40380277-072,Pooled sequencing,Pooled meta-transcriptomic detection,No,Positive,S0021,Anourosorex squamipes,Soricidae,China,Twelve counties in Yunnan Province; host-virus-specific county not reported in the main article,November 2015 to December 2020,2015,2020,Shrew astrovirus BIME1,Astroviridae,Metagenomic / pooled sequencing,Lung tissue,,
40380277-073,Pooled sequencing,Pooled meta-transcriptomic detection,No,Positive,S0021,Episoriculus macrurus,Soricidae,China,Twelve counties in Yunnan Province; host-virus-specific county not reported in the main article,November 2015 to December 2020,2015,2020,Shrew pegivirus BIME1,Flaviviridae,Metagenomic / pooled sequencing,Lung tissue,,
40380277-074,Pooled sequencing,Pooled meta-transcriptomic detection,No,Positive,S0021,Episoriculus macrurus,Soricidae,China,Twelve counties in Yunnan Province; host-virus-specific county not reported in the main article,November 2015 to December 2020,2015,2020,Shrew hantavirus BIME1,Hantaviridae,Metagenomic / pooled sequencing,Lung tissue,,
40380277-075,Pooled sequencing,Pooled meta-transcriptomic detection,No,Positive,S0021,Episoriculus macrurus,Soricidae,China,Twelve counties in Yunnan Province; host-virus-specific county not reported in the main article,November 2015 to December 2020,2015,2020,Shrew jeilongvirus BIME1,Paramyxoviridae,Metagenomic / pooled sequencing,Lung tissue,,
40380277-076,Pooled sequencing,Pooled meta-transcriptomic detection,No,Positive,S0021,Episoriculus macrurus,Soricidae,China,Twelve counties in Yunnan Province; host-virus-specific county not reported in the main article,November 2015 to December 2020,2015,2020,Shrew rhabdovirus BIME2,Rhabdoviridae,Metagenomic / pooled sequencing,Lung tissue,,
40380277-077,Pooled sequencing,Pooled meta-transcriptomic detection,No,Positive,S0021,Episoriculus macrurus,Soricidae,China,Twelve counties in Yunnan Province; host-virus-specific county not reported in the main article,November 2015 to December 2020,2015,2020,Wufeng shrew rhabdovirus 1,Rhabdoviridae,Metagenomic / pooled sequencing,Lung tissue,,
40380277-078,Pooled sequencing,Pooled meta-transcriptomic detection,No,Positive,S0021,Episoriculus macrurus,Soricidae,China,Twelve counties in Yunnan Province; host-virus-specific county not reported in the main article,November 2015 to December 2020,2015,2020,Shrew astrovirus BIME1,Astroviridae,Metagenomic / pooled sequencing,Lung tissue,,
40380277-079,Pooled sequencing,Pooled meta-transcriptomic detection,No,Positive,S0021,Neotetracus sinensis,Erinaceidae,China,Twelve counties in Yunnan Province; host-virus-specific county not reported in the main article,November 2015 to December 2020,2015,2020,Hedgehog rhabdovirus BIME1,Rhabdoviridae,Metagenomic / pooled sequencing,Lung tissue,,
40380277-080,Pooled sequencing,Pooled meta-transcriptomic detection,No,Positive,S0021,Neotetracus sinensis,Erinaceidae,China,Twelve counties in Yunnan Province; host-virus-specific county not reported in the main article,November 2015 to December 2020,2015,2020,Shrew jeilongvirus BIME1,Paramyxoviridae,Metagenomic / pooled sequencing,Lung tissue,,
40380277-081,Pooled sequencing,Pooled meta-transcriptomic detection,No,Positive,S0021,Neotetracus sinensis,Erinaceidae,China,Twelve counties in Yunnan Province; host-virus-specific county not reported in the main article,November 2015 to December 2020,2015,2020,Hedgehog pegivirus BIME1,Flaviviridae,Metagenomic / pooled sequencing,Lung tissue,,
40380277-082,Pooled sequencing,Pooled meta-transcriptomic detection,No,Positive,S0021,Hylomys suillus,Erinaceidae,China,Twelve counties in Yunnan Province; host-virus-specific county not reported in the main article,November 2015 to December 2020,2015,2020,Hedgehog tupaia virus BIME1,,Metagenomic / pooled sequencing,Lung tissue,,
40380277-083,Pooled sequencing,Pooled meta-transcriptomic detection,No,Positive,S0021,Hylomys suillus,Erinaceidae,China,Twelve counties in Yunnan Province; host-virus-specific county not reported in the main article,November 2015 to December 2020,2015,2020,Hedgehog pegivirus BIME1,Flaviviridae,Metagenomic / pooled sequencing,Lung tissue,,
40380277-084,Pooled sequencing,Pooled meta-transcriptomic detection,No,Positive,S0021,Uropsilus gracilis,Talpidae,China,Twelve counties in Yunnan Province; host-virus-specific county not reported in the main article,November 2015 to December 2020,2015,2020,Mole tupavirus BIME1,Rhabdoviridae,Metagenomic / pooled sequencing,Lung tissue,,
40380277-085,Pooled sequencing,Pooled meta-transcriptomic screening — no virus detected,No,Negative,S0021,Uropsilus atronates,Talpidae,China,Twelve counties in Yunnan Province; host-virus-specific county not reported in the main article,November 2015 to December 2020,2015,2020,,,Metagenomic / pooled sequencing,Lung tissue,,
40552021-001,Serology,Antibody detection,Yes,Negative,S0022,Erinaceus europaeus,Erinaceidae,Poland,"Poznań, Wielkopolskie Voivodeship, central-western Poland",June 2020 to September 2023,2020,2023,hepatitis E virus genotype 3,Hepeviridae,Serology,Serum,43,0
40573458-001,Natural direct detection,Direct nucleic-acid detection and genome characterization,No,Positive,S0023,Crocidura shantungensis,Soricidae,Republic of Korea,"Goheung-gun, Jeollanam-do",October–November 2022,2022,2022,Parahenipavirus_GH (PHNV-GH),Paramyxoviridae,PCR + sequencing,"Kidney, with additional lung, heart, liver and spleen from the selected host",,
40573458-002,Natural direct detection,Direct qRT-PCR detection,No,Positive,S0023,Crocidura lasiura,Soricidae,Republic of Korea,"Donghae-si, Gangwon-do; Paju-si, Gyeonggi-do; Uiseong-gun, Gyeongsangbuk-do",October–November 2022,2022,2022,Gamak virus- or Daeryong virus-related sequences detected by screening assay,Paramyxoviridae,PCR + sequencing,"Kidney, with additional lung, heart, liver and spleen from the selected host",,
40582414-001,Pooled sequencing,Pooled meta-transcriptomic detection,No,Positive,S0024,Sorex araneus,Soricidae,China,"Zhoushan, Zhejiang Province",Zhoushan 2020,2020,2020,Zhoushan shrew pestivirus 1,Pestiviridae,Metagenomic / pooled sequencing,"Internal organs, oropharyngeal and anal swabs, and feces; host-virus-specific material not reported in Figure 2A",,
40582414-002,Pooled sequencing,Pooled meta-transcriptomic detection,No,Positive,S0024,Erinaceus amurensis,Erinaceidae,China,"Zhoushan, Zhejiang Province","Zhoushan 2019, 2020 and 2023",2019,2023,Zhoushan hedgehog picorna-like virus 1,Picornaviridae,Metagenomic / pooled sequencing,"Internal organs, oropharyngeal and anal swabs, and feces; host-virus-specific material not reported in Figure 2A",,
40582414-003,Pooled sequencing,Pooled meta-transcriptomic detection,No,Positive,S0024,Erinaceus amurensis,Erinaceidae,China,"Zhoushan, Zhejiang Province","Zhoushan 2019, 2020 and 2023",2019,2023,Zhoushan hedgehog picorna-like virus 2,Picornaviridae,Metagenomic / pooled sequencing,"Internal organs, oropharyngeal and anal swabs, and feces; host-virus-specific material not reported in Figure 2A",,
40582414-004,Pooled sequencing,Pooled meta-transcriptomic detection,No,Positive,S0024,Erinaceus amurensis,Erinaceidae,China,"Zhoushan, Zhejiang Province","Zhoushan 2019, 2020 and 2023",2019,2023,Zhoushan hedgehog hepevirus 1,Hepeviridae,Metagenomic / pooled sequencing,"Internal organs, oropharyngeal and anal swabs, and feces; host-virus-specific material not reported in Figure 2A",,
40582414-005,Pooled sequencing,Pooled meta-transcriptomic detection,No,Positive,S0024,Erinaceus amurensis,Erinaceidae,China,"Zhoushan, Zhejiang Province","Zhoushan 2019, 2020 and 2023",2019,2023,Zhoushan hedgehog dicipivirus 1,Picornaviridae,Metagenomic / pooled sequencing,"Internal organs, oropharyngeal and anal swabs, and feces; host-virus-specific material not reported in Figure 2A",,
40582414-006,Pooled sequencing,Pooled meta-transcriptomic detection,No,Positive,S0024,Erinaceus amurensis,Erinaceidae,China,"Zhoushan, Zhejiang Province","Zhoushan 2019, 2020 and 2023",2019,2023,Zhoushan hedgehog jeilongvirus 1,Paramyxoviridae,Metagenomic / pooled sequencing,"Internal organs, oropharyngeal and anal swabs, and feces; host-virus-specific material not reported in Figure 2A",,
40582414-007,Pooled sequencing,Pooled meta-transcriptomic detection,No,Positive,S0024,Erinaceus amurensis,Erinaceidae,China,"Zhoushan, Zhejiang Province","Zhoushan 2019, 2020 and 2023",2019,2023,Zhoushan hedgehog dimarhabdovirus 1,Rhabdoviridae,Metagenomic / pooled sequencing,"Internal organs, oropharyngeal and anal swabs, and feces; host-virus-specific material not reported in Figure 2A",,
40582414-008,Pooled sequencing,Pooled meta-transcriptomic detection,No,Positive,S0024,Erinaceus amurensis,Erinaceidae,China,"Zhoushan, Zhejiang Province","Zhoushan 2019, 2020 and 2023",2019,2023,Zhoushan hedgehog densovirus 1,Parvoviridae,Metagenomic / pooled sequencing,"Internal organs, oropharyngeal and anal swabs, and feces; host-virus-specific material not reported in Figure 2A",,
40584256-001,Natural direct detection,Direct nucleic-acid detection,Yes,Positive,S0025,Sorex araneus,Soricidae,Sweden,"Grimsö, Sala and Bogesund",May 2015 to November 2017,2015,2017,Hantavirus RNA; 11 sequenced amplicons identified as Seewis virus (SWSV),Hantaviridae,PCR + sequencing,Lung tissue,110,13
40584256-002,Natural direct detection,Direct nucleic-acid detection,No,Negative,S0025,Sorex araneus,Soricidae,Sweden,Bogesund,May 2015 to November 2017,2015,2017,Hantavirus RNA,Hantaviridae,PCR / RT-PCR,Lung tissue,5,0
40584256-003,Natural direct detection,Direct nucleic-acid detection,No,Positive,S0025,Sorex araneus,Soricidae,Sweden,Sala,May 2015 to November 2017,2015,2017,Hantavirus RNA,Hantaviridae,PCR / RT-PCR,Lung tissue,30,2
40584256-004,Natural direct detection,Direct nucleic-acid detection,No,Positive,S0025,Sorex araneus,Soricidae,Sweden,Grimsö,May 2015 to November 2017,2015,2017,Hantavirus RNA,Hantaviridae,PCR / RT-PCR,Lung tissue,75,11
40584256-005,Pooled sequencing,Pooled RNA-sequencing detection,No,Positive,S0025,Sorex araneus,Soricidae,Sweden,Grimsö and Sala,May 2015 to November 2017,2015,2017,Altai virus (ALTV),Hantaviridae,Metagenomic / pooled sequencing,Lung tissue,,
40584256-006,Pooled sequencing,Pooled RNA-sequencing detection,No,Positive,S0025,Sorex araneus,Soricidae,Sweden,Grimsö and Sala,May 2015 to November 2017,2015,2017,Seewis virus (SWSV),Hantaviridae,Metagenomic / pooled sequencing,Lung tissue,,
40584258-001,Natural direct detection,Direct nucleic-acid detection,Yes,Positive,S0026,Crocidura mariquensis,Soricidae,South Africa,"Primarily Meletse, Limpopo; Secunda, Mpumalanga; and opportunistic sites",November 2014 to November 2017,2014,2017,Putative Henipavirus species,Paramyxoviridae,PCR + sequencing,"Kidney and gastrointestinal samples (faeces, rectum or intestine)",12,2
40584258-002,Natural direct detection,Direct nucleic-acid screening — no shrew detections,No,Negative,S0026,Soricidae spp.,Soricidae,South Africa,"Primarily Meletse, Limpopo; Secunda, Mpumalanga; and opportunistic sites",November 2014 to November 2017,2014,2017,Coronaviruses,Coronaviridae,PCR + sequencing,"Kidney and gastrointestinal samples (faeces, rectum or intestine)",,0
40593191-001,Natural direct detection,Direct nucleic-acid detection,Yes,Positive,S0027,Crocidura shantungensis,Soricidae,Republic of Korea,Ulleung Island,2009,2009,2009,Jeju virus,Hantaviridae,PCR + sequencing,Lung tissue,62,40
40593191-002,Natural direct detection,Direct nucleic-acid detection,No,Positive,S0027,Crocidura shantungensis,Soricidae,Republic of Korea,"Na-ri, Buk-myeon, Ulleung Island",2009,2009,2009,Jeju virus,Hantaviridae,PCR + sequencing,Lung tissue,47,31
40593191-003,Natural direct detection,Direct nucleic-acid detection,No,Positive,S0027,Crocidura shantungensis,Soricidae,Republic of Korea,"Sadong-ri, Ulleung-eup, Ulleung Island",2009,2009,2009,Jeju virus,Hantaviridae,PCR + sequencing,Lung tissue,15,9
40593191-004,Natural direct detection,Direct nucleic-acid detection,No,Positive,S0027,Crocidura shantungensis,Soricidae,Republic of Korea,Ulleung Island,2009,2009,2009,Jeju virus,Hantaviridae,PCR + sequencing,Lung tissue,27,16
40593191-005,Natural direct detection,Direct nucleic-acid detection,No,Positive,S0027,Crocidura shantungensis,Soricidae,Republic of Korea,Ulleung Island,2009,2009,2009,Jeju virus,Hantaviridae,PCR + sequencing,Lung tissue,35,24
40593191-006,Natural direct detection,Direct nucleic-acid detection,No,Positive,S0027,Crocidura shantungensis,Soricidae,Republic of Korea,Ulleung Island,2009,2009,2009,Jeju virus,Hantaviridae,PCR + sequencing,Lung tissue,31,19
40593191-007,Natural direct detection,Direct nucleic-acid detection,No,Positive,S0027,Crocidura shantungensis,Soricidae,Republic of Korea,Ulleung Island,2009,2009,2009,Jeju virus,Hantaviridae,PCR + sequencing,Lung tissue,27,19
40593191-008,Natural direct detection,Direct nucleic-acid detection,No,Positive,S0027,Crocidura shantungensis,Soricidae,Republic of Korea,Ulleung Island,2009,2009,2009,Jeju virus,Hantaviridae,PCR + sequencing,Lung tissue,4,2
40593191-009,Natural direct detection,Genome characterization,No,Positive,S0027,Crocidura shantungensis,Soricidae,Republic of Korea,Ulleung Island,2009,2009,2009,Jeju virus,Hantaviridae,PCR + sequencing,Lung tissue,,4
40950050-001,Experimental evidence,"Experimental cell-entry, replication and protein-binding evidence",No,Uncertain / not applicable,S0028,Erinaceus europaeus,Erinaceidae,Not applicable,"Virus variants previously reported from Italy, the United Kingdom, Russia and Germany were used experimentally",Not applicable,,,"Hedgehog merbecoviruses (ErinCoVs), including ErinCoV-12-19, ErinCoV-1-18, ErinCoV-19-18, ErinCoV-UK-2014, ErinCoV-MOW-15-1 and ErinCoV-Ger12",Coronaviridae,Experimental infection,"Recombinant spike/RBD proteins, pseudotyped particles and engineered cell lines",,
40959801-001,Serology,Antibody detection — negative,Yes,Negative,S0029,Erinaceus europaeus,Erinaceidae,Italy,"Campania, southern Italy",Study sampling period ending July 2024; exact hedgehog dates not reported,2024,2024,wild boar hepatitis E virus genotype 6a,Hepeviridae,Serology,Serum,8,0
40959801-002,Serology,Antibody detection — negative,Yes,Negative,S0029,Erinaceus europaeus,Erinaceidae,Italy,"Campania, southern Italy",Study sampling period ending July 2024; exact hedgehog dates not reported,2024,2024,Schmallenberg virus,Peribunyaviridae,Serology,Serum,8,0
40959801-003,Serology,Antibody detection — negative,Yes,Negative,S0029,Erinaceus europaeus,Erinaceidae,Italy,"Campania, southern Italy",Study sampling period ending July 2024; exact hedgehog dates not reported,2024,2024,pseudorabies virus,Orthoherpesviridae,Serology,Serum,8,0
41041524-001,Pooled sequencing,Metagenomic sequence detection and phylogenetic placement,No,Positive,S0030,Suncus spp.,Soricidae,Nigeria,Ondo and Ebonyi States; shrew-specific state/locality not reported,December 2023 to March 2024,2023,2024,Thiafora virus,Nairoviridae,Metagenomic / pooled sequencing,"The Methods report blood and liver, spleen and lung tissues for small rodents and shrews; the specific positive shrew material was not identified",,
38258015-001,Natural direct detection,Direct viral DNA detection,Yes,Positive,S0031,Erinaceus europaeus,Erinaceidae,Italy,"Piedmont, northwestern Italy",2018–2022,2018,2022,Bocaparvoviruses (BoVs),Parvoviridae,PCR + sequencing,Paired duodenal and liver samples,183,15
38258015-002,Natural direct detection,Direct viral DNA detection,No,Positive,S0031,Erinaceus europaeus,Erinaceidae,Italy,"Piedmont, northwestern Italy",2018–2022,2018,2022,Bocaparvoviruses (BoVs),Parvoviridae,PCR + sequencing,Duodenum,183,13
38258015-003,Natural direct detection,Direct viral DNA detection,No,Positive,S0031,Erinaceus europaeus,Erinaceidae,Italy,"Piedmont, northwestern Italy",2018–2022,2018,2022,Bocaparvoviruses (BoVs),Parvoviridae,PCR + sequencing,Liver,183,5
38258015-004,Natural direct detection,Sequence-confirmed viral DNA detection,No,Positive,S0031,Erinaceus europaeus,Erinaceidae,Italy,"Piedmont, northwestern Italy",2018–2022,2018,2022,Hedgehog bocavirus,Parvoviridae,PCR + sequencing,Paired duodenal and liver samples,,12
38258015-005,Natural direct detection,Sequence-confirmed viral DNA detection,No,Positive,S0031,Erinaceus europaeus,Erinaceidae,Italy,"Piedmont, northwestern Italy",2018–2022,2018,2022,Porcine-bocavirus-like strains related to Bocaparvovirus ungulate 4,Parvoviridae,PCR + sequencing,Paired duodenal and liver samples,,3
38258015-006,Natural direct detection,Direct viral DNA detection,Yes,Positive,S0031,Erinaceus europaeus,Erinaceidae,Italy,"Piedmont, northwestern Italy",2018–2022,2018,2022,Bufavirus (BuV),Parvoviridae,PCR + sequencing,Duodenum,183,2
38258015-007,Natural direct detection,Direct viral DNA screening — negative,No,Negative,S0031,Erinaceus europaeus,Erinaceidae,Italy,"Piedmont, northwestern Italy",2018–2022,2018,2022,Bufavirus (BuV),Parvoviridae,PCR + sequencing,Liver,183,0
38389324-001,Experimental evidence,Experimental infection of cell lines,No,Positive,S0032,Crocidura suaveolens,Soricidae,Not applicable,Not applicable,Not applicable,,,severe acute respiratory syndrome coronavirus 2,Coronaviridae,Experimental infection,Crocidura cell line; Trachea-derived cell line,,
38389324-002,Experimental evidence,Experimental infection of cell lines,No,Positive,S0032,Erinaceus europaeus,Erinaceidae,Not applicable,Not applicable,Not applicable,,,severe acute respiratory syndrome coronavirus 2,Coronaviridae,Experimental infection,Hdg REC.B; Kidney-derived cell line,,
38878993-001,Natural direct detection,Direct viral DNA screening — negative,Yes,Negative,S0033,Crocidura spp.,Soricidae,Gabon,Haut-Ogooué Province,2014 and 2021,2014,2021,Mpox virus (MPXV),Poxviridae,PCR / RT-PCR,Liver and spleen,25,0
38878993-002,Natural direct detection,Direct viral DNA screening — negative,No,Negative,S0033,Crocidura spp.,Soricidae,Gabon,Haut-Ogooué Province,2014,2014,2014,Mpox virus (MPXV),Poxviridae,PCR / RT-PCR,Liver and spleen,18,0
38878993-003,Natural direct detection,Direct viral DNA screening — negative,No,Negative,S0033,Crocidura spp.,Soricidae,Gabon,Haut-Ogooué Province,2021,2021,2021,Mpox virus (MPXV),Poxviridae,PCR / RT-PCR,Liver and spleen,7,0
38932262-001,Natural direct detection,Direct viral RNA screening,Yes,Positive,S0034,Episoriculus spp.,Soricidae,China,"Gongshan County, Nujiang Prefecture, western Yunnan Province",August 2022,2022,2022,Hepatovirus (HepV),Picornaviridae,PCR + sequencing,"Mixed lung, liver and intestine",6,2
38932262-002,Natural direct detection,Direct viral RNA screening — negative,Yes,Negative,S0034,Anourosorex spp.,Soricidae,China,"Gongshan County, Nujiang Prefecture, western Yunnan Province",August 2022,2022,2022,Hepatovirus (HepV),Picornaviridae,PCR + sequencing,"Mixed lung, liver and intestine",17,0
38932262-003,Natural direct detection,Direct viral RNA screening — negative,Yes,Negative,S0034,Crocidura spp.,Soricidae,China,"Gongshan County, Nujiang Prefecture, western Yunnan Province",August 2022,2022,2022,Hepatovirus (HepV),Picornaviridae,PCR + sequencing,"Mixed lung, liver and intestine",5,0
38932262-004,Natural direct detection,Sequence-confirmed direct viral RNA detection,No,Positive,S0034,Episoriculus macrurus,Soricidae,China,"Gongshan County, Nujiang Prefecture, western Yunnan Province",August 2022,2022,2022,EpMa-HAV,Picornaviridae,PCR + sequencing,"Mixed lung, liver and intestine",,1
38932262-005,Natural direct detection,Sequence-confirmed direct viral RNA detection,No,Positive,S0034,Episoriculus leucops,Soricidae,China,"Gongshan County, Nujiang Prefecture, western Yunnan Province",August 2022,2022,2022,EpLe-HAV,Picornaviridae,PCR + sequencing,"Mixed lung, liver and intestine",,1
39088249-002,Natural direct detection,Direct viral RNA detection and sequence confirmation,Yes,Positive,S0035,Crocidura suaveolens,Soricidae,Germany and Czech Republic,North-eastern Germany,2002–2021; Czech C. leucodon collected in 2007,2002,2021,Hasua virus (HasV),Paramyxoviridae,PCR + sequencing,"Individual tissue pools containing available brain, lung, spleen, liver and kidney; species-level intestine pools",6,1
39088249-003,Natural direct detection,Direct viral RNA detection and sequence confirmation,Yes,Positive,S0035,Crocidura suaveolens,Soricidae,Germany and Czech Republic,Germany,2002–2021; Czech C. leucodon collected in 2007,2002,2021,Resua virus (ResV),Paramyxoviridae,PCR + sequencing,"Individual tissue pools containing available brain, lung, spleen, liver and kidney; species-level intestine pools",6,3
39088249-004,Natural direct detection,Direct viral RNA detection and sequence confirmation,Yes,Positive,S0035,Crocidura leucodon,Soricidae,Germany and Czech Republic,Southern Germany,2002–2021; Czech C. leucodon collected in 2007,2002,2021,Lechcodon virus (LechV),Paramyxoviridae,PCR + sequencing,"Individual tissue pools containing available brain, lung, spleen, liver and kidney; species-level intestine pools",21,2
39088249-005,Natural direct detection,Direct viral RNA detection and sequence confirmation,Yes,Positive,S0035,Crocidura russula,Soricidae,Germany and Czech Republic,Germany,2002–2021; Czech C. leucodon collected in 2007,2002,2021,denwin virus,Paramyxoviridae,PCR + sequencing,"Individual tissue pools containing available brain, lung, spleen, liver and kidney; species-level intestine pools",16,9
39088249-006,Natural direct detection,Direct viral RNA detection and sequence confirmation,Yes,Positive,S0035,Soricidae spp.,Soricidae,Germany and Czech Republic,Germany and Czech Republic,2002–2021; Czech C. leucodon collected in 2007,2002,2021,Orthonairovirus-related sequences,Nairoviridae,PCR + sequencing,"Individual tissue pools containing available brain, lung, spleen, liver and kidney; species-level intestine pools",45,10
39088249-007,Natural direct detection,Direct viral RNA detection and sequence confirmation,Yes,Positive,S0035,Crocidura leucodon,Soricidae,Germany and Czech Republic,Germany and Czech Republic,2002–2021; Czech C. leucodon collected in 2007,2002,2021,Regana virus (REGV),Nairoviridae,PCR + sequencing,"Individual tissue pools containing available brain, lung, spleen, liver and kidney; species-level intestine pools",21,6
39088249-008,Natural direct detection,Direct viral RNA detection and sequence confirmation,Yes,Positive,S0035,Crocidura russula,Soricidae,Germany and Czech Republic,Germany,2002–2021; Czech C. leucodon collected in 2007,2002,2021,Erve virus,Nairoviridae,PCR + sequencing,"Individual tissue pools containing available brain, lung, spleen, liver and kidney; species-level intestine pools",16,2
39088249-009,Natural direct detection,Direct viral RNA detection and sequence confirmation,Yes,Positive,S0035,Suncus etruscus,Soricidae,Germany and Czech Republic,German breeding colony,2002–2021; Czech C. leucodon collected in 2007,2002,2021,Rasenna virus (RASV),Nairoviridae,PCR + sequencing,"Individual tissue pools containing available brain, lung, spleen, liver and kidney; species-level intestine pools",2,1
39088249-010,Natural direct detection,Direct viral RNA screening — negative,Yes,Negative,S0035,Crocidura suaveolens,Soricidae,Germany and Czech Republic,Germany,2002–2021; Czech C. leucodon collected in 2007,2002,2021,Orthonairovirus-related sequences,Nairoviridae,PCR + sequencing,"Individual tissue pools containing available brain, lung, spleen, liver and kidney; species-level intestine pools",6,0
39088249-011,Natural direct detection,Direct viral RNA detection and sequence confirmation,Yes,Positive,S0035,Crocidura russula,Soricidae,Germany and Czech Republic,Western and eastern Germany,2002–2021; Czech C. leucodon collected in 2007,2002,2021,Novel shrew hepatitis E virus (shrewHEV),Hepeviridae,PCR + sequencing,"Individual tissue pools containing available brain, lung, spleen, liver and kidney; species-level intestine pools",16,2
39088249-012,Natural direct detection,Direct viral RNA detection and sequence confirmation,Yes,Positive,S0035,Crocidura leucodon,Soricidae,Germany and Czech Republic,Germany,2002–2021; Czech C. leucodon collected in 2007,2002,2021,Borna disease virus 1,Bornaviridae,PCR + sequencing,"Individual tissue pools containing available brain, lung, spleen, liver and kidney; species-level intestine pools",21,4
39088249-013,Natural direct detection,Direct viral RNA detection and sequence confirmation,Yes,Positive,S0035,Crocidura suaveolens,Soricidae,Germany and Czech Republic,Germany,2002–2021; Czech C. leucodon collected in 2007,2002,2021,Borna disease virus 1,Bornaviridae,PCR + sequencing,"Individual tissue pools containing available brain, lung, spleen, liver and kidney; species-level intestine pools",6,2
39088249-014,Natural direct detection,Direct viral RNA detection and sequence confirmation,Yes,Positive,S0035,Crocidura russula,Soricidae,Germany and Czech Republic,Germany,2002–2021; Czech C. leucodon collected in 2007,2002,2021,Borna disease virus 1,Bornaviridae,PCR + sequencing,"Individual tissue pools containing available brain, lung, spleen, liver and kidney; species-level intestine pools",16,1
39117662-002,Pooled sequencing,Pooled metatranscriptomic detection,No,Positive,S0036,Anourosorex squamipes,Soricidae,China,"Thirteen sites in Shandong, Jiangsu, Zhejiang, Fujian and Guangdong provinces",June 2015 to December 2021,2015,2021,influenza A virus,Orthomyxoviridae,Metagenomic / pooled sequencing,Lung,,
39117662-003,Pooled sequencing,Pooled metatranscriptomic detection,No,Positive,S0036,Anourosorex squamipes,Soricidae,China,"Thirteen sites in Shandong, Jiangsu, Zhejiang, Fujian and Guangdong provinces",June 2015 to December 2021,2015,2021,Anourosorex squamipes sapelovirus,Picornaviridae,Metagenomic / pooled sequencing,Lung,,
39117662-004,Pooled sequencing,Pooled metatranscriptomic detection,No,Positive,S0036,Anourosorex squamipes,Soricidae,China,"Thirteen sites in Shandong, Jiangsu, Zhejiang, Fujian and Guangdong provinces",June 2015 to December 2021,2015,2021,Hubei arthropod virus 3,,Metagenomic / pooled sequencing,Lung,,
39117662-005,Pooled sequencing,Pooled metatranscriptomic detection,No,Positive,S0036,Anourosorex squamipes,Soricidae,China,"Thirteen sites in Shandong, Jiangsu, Zhejiang, Fujian and Guangdong provinces",June 2015 to December 2021,2015,2021,rabies virus,Rhabdoviridae,Metagenomic / pooled sequencing,Lung,,
39117662-006,Pooled sequencing,Pooled metatranscriptomic detection,No,Positive,S0036,Anourosorex squamipes,Soricidae,China,"Thirteen sites in Shandong, Jiangsu, Zhejiang, Fujian and Guangdong provinces",June 2015 to December 2021,2015,2021,avian paramyxovirus 4,Paramyxoviridae,Metagenomic / pooled sequencing,Lung,,
39117662-007,Pooled sequencing,Pooled metatranscriptomic detection,No,Positive,S0036,Anourosorex squamipes,Soricidae,China,"Thirteen sites in Shandong, Jiangsu, Zhejiang, Fujian and Guangdong provinces",June 2015 to December 2021,2015,2021,Jingmen Crocidura shantungensis pestivirus 1,Pestiviridae,Metagenomic / pooled sequencing,Lung,,
39117662-008,Pooled sequencing,Pooled metatranscriptomic detection,No,Positive,S0036,Anourosorex squamipes,Soricidae,China,"Thirteen sites in Shandong, Jiangsu, Zhejiang, Fujian and Guangdong provinces",June 2015 to December 2021,2015,2021,Wuhan spider virus 9,,Metagenomic / pooled sequencing,Lung,,
39117662-009,Pooled sequencing,Pooled metatranscriptomic detection,No,Positive,S0036,Crocidura lasiura,Soricidae,China,"Thirteen sites in Shandong, Jiangsu, Zhejiang, Fujian and Guangdong provinces",June 2015 to December 2021,2015,2021,influenza A virus,Orthomyxoviridae,Metagenomic / pooled sequencing,Lung,,
39117662-010,Pooled sequencing,Pooled metatranscriptomic detection,No,Positive,S0036,Crocidura lasiura,Soricidae,China,"Thirteen sites in Shandong, Jiangsu, Zhejiang, Fujian and Guangdong provinces",June 2015 to December 2021,2015,2021,Fushun cicadella viridis iflavirus 1,Iflaviridae,Metagenomic / pooled sequencing,Lung,,
39117662-011,Pooled sequencing,Pooled metatranscriptomic detection,No,Positive,S0036,Crocidura lasiura,Soricidae,China,"Thirteen sites in Shandong, Jiangsu, Zhejiang, Fujian and Guangdong provinces",June 2015 to December 2021,2015,2021,Gorebridge virus,,Metagenomic / pooled sequencing,Lung,,
39117662-012,Pooled sequencing,Pooled metatranscriptomic detection,No,Positive,S0036,Crocidura lasiura,Soricidae,China,"Thirteen sites in Shandong, Jiangsu, Zhejiang, Fujian and Guangdong provinces",June 2015 to December 2021,2015,2021,Guiyang permutotetra-like virus 2,Permutotetraviridae,Metagenomic / pooled sequencing,Lung,,
39117662-013,Pooled sequencing,Pooled metatranscriptomic detection,No,Positive,S0036,Crocidura lasiura,Soricidae,China,"Thirteen sites in Shandong, Jiangsu, Zhejiang, Fujian and Guangdong provinces",June 2015 to December 2021,2015,2021,Hoshavirus virus,,Metagenomic / pooled sequencing,Lung,,
39117662-014,Pooled sequencing,Pooled metatranscriptomic detection,No,Positive,S0036,Crocidura lasiura,Soricidae,China,"Thirteen sites in Shandong, Jiangsu, Zhejiang, Fujian and Guangdong provinces",June 2015 to December 2021,2015,2021,Hubei arthropod virus 3,,Metagenomic / pooled sequencing,Lung,,
39117662-015,Pooled sequencing,Pooled metatranscriptomic detection,No,Positive,S0036,Crocidura lasiura,Soricidae,China,"Thirteen sites in Shandong, Jiangsu, Zhejiang, Fujian and Guangdong provinces",June 2015 to December 2021,2015,2021,Hubei orthoptera virus 1,,Metagenomic / pooled sequencing,Lung,,
39117662-016,Pooled sequencing,Pooled metatranscriptomic detection,No,Positive,S0036,Crocidura lasiura,Soricidae,China,"Thirteen sites in Shandong, Jiangsu, Zhejiang, Fujian and Guangdong provinces",June 2015 to December 2021,2015,2021,Hubei partiti-like virus 16,,Metagenomic / pooled sequencing,Lung,,
39117662-017,Pooled sequencing,Pooled metatranscriptomic detection,No,Positive,S0036,Crocidura lasiura,Soricidae,China,"Thirteen sites in Shandong, Jiangsu, Zhejiang, Fujian and Guangdong provinces",June 2015 to December 2021,2015,2021,Lángyá virus,Paramyxoviridae,Metagenomic / pooled sequencing,Lung,,
39117662-018,Pooled sequencing,Pooled metatranscriptomic detection,No,Positive,S0036,Crocidura lasiura,Soricidae,China,"Thirteen sites in Shandong, Jiangsu, Zhejiang, Fujian and Guangdong provinces",June 2015 to December 2021,2015,2021,avian paramyxovirus 1,Paramyxoviridae,Metagenomic / pooled sequencing,Lung,,
39117662-019,Pooled sequencing,Pooled metatranscriptomic detection,No,Positive,S0036,Crocidura lasiura,Soricidae,China,"Thirteen sites in Shandong, Jiangsu, Zhejiang, Fujian and Guangdong provinces",June 2015 to December 2021,2015,2021,Rodent cerdavirus,,Metagenomic / pooled sequencing,Lung,,
39117662-020,Pooled sequencing,Pooled metatranscriptomic detection,No,Positive,S0036,Crocidura lasiura,Soricidae,China,"Thirteen sites in Shandong, Jiangsu, Zhejiang, Fujian and Guangdong provinces",June 2015 to December 2021,2015,2021,Sanya permutotetra-like virus 2,Permutotetraviridae,Metagenomic / pooled sequencing,Lung,,
39117662-021,Pooled sequencing,Pooled metatranscriptomic detection,No,Positive,S0036,Crocidura lasiura,Soricidae,China,"Thirteen sites in Shandong, Jiangsu, Zhejiang, Fujian and Guangdong provinces",June 2015 to December 2021,2015,2021,Sanya permutotetra-like virus 3,Permutotetraviridae,Metagenomic / pooled sequencing,Lung,,
39117662-022,Pooled sequencing,Pooled metatranscriptomic detection,No,Positive,S0036,Crocidura lasiura,Soricidae,China,"Thirteen sites in Shandong, Jiangsu, Zhejiang, Fujian and Guangdong provinces",June 2015 to December 2021,2015,2021,Sichuan mosquito circovirus 3,Circoviridae,Metagenomic / pooled sequencing,Lung,,
39117662-023,Pooled sequencing,Pooled metatranscriptomic detection,No,Positive,S0036,Crocidura lasiura,Soricidae,China,"Thirteen sites in Shandong, Jiangsu, Zhejiang, Fujian and Guangdong provinces",June 2015 to December 2021,2015,2021,Wuhan pillworm virus 1,,Metagenomic / pooled sequencing,Lung,,
39117662-024,Pooled sequencing,Pooled metatranscriptomic detection,No,Positive,S0036,Crocidura lasiura,Soricidae,China,"Thirteen sites in Shandong, Jiangsu, Zhejiang, Fujian and Guangdong provinces",June 2015 to December 2021,2015,2021,Wuhan pillworm virus 3,,Metagenomic / pooled sequencing,Lung,,
39117662-025,Pooled sequencing,Pooled metatranscriptomic detection,No,Positive,S0036,Crocidura lasiura,Soricidae,China,"Thirteen sites in Shandong, Jiangsu, Zhejiang, Fujian and Guangdong provinces",June 2015 to December 2021,2015,2021,Wuhan spider virus 9,,Metagenomic / pooled sequencing,Lung,,
39117662-026,Pooled sequencing,Pooled metatranscriptomic detection,No,Positive,S0036,Crocidura shantungensis,Soricidae,China,"Thirteen sites in Shandong, Jiangsu, Zhejiang, Fujian and Guangdong provinces",June 2015 to December 2021,2015,2021,influenza A virus,Orthomyxoviridae,Metagenomic / pooled sequencing,Lung,,
39117662-027,Pooled sequencing,Pooled metatranscriptomic detection,No,Positive,S0036,Crocidura shantungensis,Soricidae,China,"Thirteen sites in Shandong, Jiangsu, Zhejiang, Fujian and Guangdong provinces",June 2015 to December 2021,2015,2021,Army ant associated dicistrovirus 5,Dicistroviridae,Metagenomic / pooled sequencing,Lung,,
39117662-028,Pooled sequencing,Pooled metatranscriptomic detection,No,Positive,S0036,Crocidura shantungensis,Soricidae,China,"Thirteen sites in Shandong, Jiangsu, Zhejiang, Fujian and Guangdong provinces",June 2015 to December 2021,2015,2021,Bat rotavirus,Sedoreoviridae,Metagenomic / pooled sequencing,Lung,,
39117662-029,Pooled sequencing,Pooled metatranscriptomic detection,No,Positive,S0036,Crocidura shantungensis,Soricidae,China,"Thirteen sites in Shandong, Jiangsu, Zhejiang, Fujian and Guangdong provinces",June 2015 to December 2021,2015,2021,Chimba virus,,Metagenomic / pooled sequencing,Lung,,
39117662-030,Pooled sequencing,Pooled metatranscriptomic detection,No,Positive,S0036,Crocidura shantungensis,Soricidae,China,"Thirteen sites in Shandong, Jiangsu, Zhejiang, Fujian and Guangdong provinces",June 2015 to December 2021,2015,2021,aphid lethal paralysis virus,Dicistroviridae,Metagenomic / pooled sequencing,Lung,,
39117662-031,Pooled sequencing,Pooled metatranscriptomic detection,No,Positive,S0036,Crocidura shantungensis,Soricidae,China,"Thirteen sites in Shandong, Jiangsu, Zhejiang, Fujian and Guangdong provinces",June 2015 to December 2021,2015,2021,Rhopalosiphum padi virus,Dicistroviridae,Metagenomic / pooled sequencing,Lung,,
39117662-032,Pooled sequencing,Pooled metatranscriptomic detection,No,Positive,S0036,Crocidura shantungensis,Soricidae,China,"Thirteen sites in Shandong, Jiangsu, Zhejiang, Fujian and Guangdong provinces",June 2015 to December 2021,2015,2021,Crocidura shantungensis jeilongvirus,Paramyxoviridae,Metagenomic / pooled sequencing,Lung,,
39117662-033,Pooled sequencing,Pooled metatranscriptomic detection,No,Positive,S0036,Crocidura shantungensis,Soricidae,China,"Thirteen sites in Shandong, Jiangsu, Zhejiang, Fujian and Guangdong provinces",June 2015 to December 2021,2015,2021,Guiyang permutotetra-like virus 2,Permutotetraviridae,Metagenomic / pooled sequencing,Lung,,
39117662-034,Pooled sequencing,Pooled metatranscriptomic detection,No,Positive,S0036,Crocidura shantungensis,Soricidae,China,"Thirteen sites in Shandong, Jiangsu, Zhejiang, Fujian and Guangdong provinces",June 2015 to December 2021,2015,2021,Hoshavirus virus,,Metagenomic / pooled sequencing,Lung,,
39117662-035,Pooled sequencing,Pooled metatranscriptomic detection,No,Positive,S0036,Crocidura shantungensis,Soricidae,China,"Thirteen sites in Shandong, Jiangsu, Zhejiang, Fujian and Guangdong provinces",June 2015 to December 2021,2015,2021,Hubei arthropod virus 3,,Metagenomic / pooled sequencing,Lung,,
39117662-036,Pooled sequencing,Pooled metatranscriptomic detection,No,Positive,S0036,Crocidura shantungensis,Soricidae,China,"Thirteen sites in Shandong, Jiangsu, Zhejiang, Fujian and Guangdong provinces",June 2015 to December 2021,2015,2021,Hubei diptera virus 16,,Metagenomic / pooled sequencing,Lung,,
39117662-037,Pooled sequencing,Pooled metatranscriptomic detection,No,Positive,S0036,Crocidura shantungensis,Soricidae,China,"Thirteen sites in Shandong, Jiangsu, Zhejiang, Fujian and Guangdong provinces",June 2015 to December 2021,2015,2021,Hubei orthoptera virus 4,,Metagenomic / pooled sequencing,Lung,,
39117662-038,Pooled sequencing,Pooled metatranscriptomic detection,No,Positive,S0036,Crocidura shantungensis,Soricidae,China,"Thirteen sites in Shandong, Jiangsu, Zhejiang, Fujian and Guangdong provinces",June 2015 to December 2021,2015,2021,Hubei partiti-like virus 16,,Metagenomic / pooled sequencing,Lung,,
39117662-039,Pooled sequencing,Pooled metatranscriptomic detection,No,Positive,S0036,Crocidura shantungensis,Soricidae,China,"Thirteen sites in Shandong, Jiangsu, Zhejiang, Fujian and Guangdong provinces",June 2015 to December 2021,2015,2021,Hubei picorna-like virus 15,,Metagenomic / pooled sequencing,Lung,,
39117662-040,Pooled sequencing,Pooled metatranscriptomic detection,No,Positive,S0036,Crocidura shantungensis,Soricidae,China,"Thirteen sites in Shandong, Jiangsu, Zhejiang, Fujian and Guangdong provinces",June 2015 to December 2021,2015,2021,Hubei picorna-like virus 39,,Metagenomic / pooled sequencing,Lung,,
39117662-041,Pooled sequencing,Pooled metatranscriptomic detection,No,Positive,S0036,Crocidura shantungensis,Soricidae,China,"Thirteen sites in Shandong, Jiangsu, Zhejiang, Fujian and Guangdong provinces",June 2015 to December 2021,2015,2021,Hubei picorna-like virus 55,,Metagenomic / pooled sequencing,Lung,,
39117662-042,Pooled sequencing,Pooled metatranscriptomic detection,No,Positive,S0036,Crocidura shantungensis,Soricidae,China,"Thirteen sites in Shandong, Jiangsu, Zhejiang, Fujian and Guangdong provinces",June 2015 to December 2021,2015,2021,Lángyá virus,Paramyxoviridae,Metagenomic / pooled sequencing,Lung,,
39117662-043,Pooled sequencing,Pooled metatranscriptomic detection,No,Positive,S0036,Crocidura shantungensis,Soricidae,China,"Thirteen sites in Shandong, Jiangsu, Zhejiang, Fujian and Guangdong provinces",June 2015 to December 2021,2015,2021,rabies virus,Rhabdoviridae,Metagenomic / pooled sequencing,Lung,,
39117662-044,Pooled sequencing,Pooled metatranscriptomic detection,No,Positive,S0036,Crocidura shantungensis,Soricidae,China,"Thirteen sites in Shandong, Jiangsu, Zhejiang, Fujian and Guangdong provinces",June 2015 to December 2021,2015,2021,avian paramyxovirus 1,Paramyxoviridae,Metagenomic / pooled sequencing,Lung,,
39117662-045,Pooled sequencing,Pooled metatranscriptomic detection,No,Positive,S0036,Crocidura shantungensis,Soricidae,China,"Thirteen sites in Shandong, Jiangsu, Zhejiang, Fujian and Guangdong provinces",June 2015 to December 2021,2015,2021,rotavirus A,Sedoreoviridae,Metagenomic / pooled sequencing,Lung,,
39117662-046,Pooled sequencing,Pooled metatranscriptomic detection,No,Positive,S0036,Crocidura shantungensis,Soricidae,China,"Thirteen sites in Shandong, Jiangsu, Zhejiang, Fujian and Guangdong provinces",June 2015 to December 2021,2015,2021,Sanya permutotetra-like virus 2,Permutotetraviridae,Metagenomic / pooled sequencing,Lung,,
39117662-047,Pooled sequencing,Pooled metatranscriptomic detection,No,Positive,S0036,Crocidura shantungensis,Soricidae,China,"Thirteen sites in Shandong, Jiangsu, Zhejiang, Fujian and Guangdong provinces",June 2015 to December 2021,2015,2021,Sanya permutotetra-like virus 3,Permutotetraviridae,Metagenomic / pooled sequencing,Lung,,
39117662-048,Pooled sequencing,Pooled metatranscriptomic detection,No,Positive,S0036,Crocidura shantungensis,Soricidae,China,"Thirteen sites in Shandong, Jiangsu, Zhejiang, Fujian and Guangdong provinces",June 2015 to December 2021,2015,2021,Shuangao noda-like virus 1,,Metagenomic / pooled sequencing,Lung,,
39117662-049,Pooled sequencing,Pooled metatranscriptomic detection,No,Positive,S0036,Crocidura shantungensis,Soricidae,China,"Thirteen sites in Shandong, Jiangsu, Zhejiang, Fujian and Guangdong provinces",June 2015 to December 2021,2015,2021,Solenopsis invicta virus 11,,Metagenomic / pooled sequencing,Lung,,
39117662-050,Pooled sequencing,Pooled metatranscriptomic detection,No,Positive,S0036,Crocidura shantungensis,Soricidae,China,"Thirteen sites in Shandong, Jiangsu, Zhejiang, Fujian and Guangdong provinces",June 2015 to December 2021,2015,2021,Wuhan cricket virus 2,,Metagenomic / pooled sequencing,Lung,,
39117662-051,Pooled sequencing,Pooled metatranscriptomic detection,No,Positive,S0036,Crocidura shantungensis,Soricidae,China,"Thirteen sites in Shandong, Jiangsu, Zhejiang, Fujian and Guangdong provinces",June 2015 to December 2021,2015,2021,Wuhan insect virus 17,,Metagenomic / pooled sequencing,Lung,,
39117662-052,Pooled sequencing,Pooled metatranscriptomic detection,No,Positive,S0036,Crocidura shantungensis,Soricidae,China,"Thirteen sites in Shandong, Jiangsu, Zhejiang, Fujian and Guangdong provinces",June 2015 to December 2021,2015,2021,Wuhan millipede virus 3,,Metagenomic / pooled sequencing,Lung,,
39117662-053,Pooled sequencing,Pooled metatranscriptomic detection,No,Positive,S0036,Crocidura shantungensis,Soricidae,China,"Thirteen sites in Shandong, Jiangsu, Zhejiang, Fujian and Guangdong provinces",June 2015 to December 2021,2015,2021,Wuhan pillworm virus 3,,Metagenomic / pooled sequencing,Lung,,
39117662-054,Pooled sequencing,Pooled metatranscriptomic detection,No,Positive,S0036,Crocidura shantungensis,Soricidae,China,"Thirteen sites in Shandong, Jiangsu, Zhejiang, Fujian and Guangdong provinces",June 2015 to December 2021,2015,2021,Wuhan spider virus 9,,Metagenomic / pooled sequencing,Lung,,
39117662-055,Pooled sequencing,Pooled metatranscriptomic detection,No,Positive,S0036,Crocidura tanakae,Soricidae,China,"Thirteen sites in Shandong, Jiangsu, Zhejiang, Fujian and Guangdong provinces",June 2015 to December 2021,2015,2021,cricket paralysis virus,Dicistroviridae,Metagenomic / pooled sequencing,Lung,,
39117662-056,Pooled sequencing,Pooled metatranscriptomic detection,No,Positive,S0036,Crocidura tanakae,Soricidae,China,"Thirteen sites in Shandong, Jiangsu, Zhejiang, Fujian and Guangdong provinces",June 2015 to December 2021,2015,2021,rat hepatitis E virus,Hepeviridae,Metagenomic / pooled sequencing,Lung,,
39117662-057,Pooled sequencing,Pooled metatranscriptomic detection,No,Positive,S0036,Suncus murinus,Soricidae,China,"Thirteen sites in Shandong, Jiangsu, Zhejiang, Fujian and Guangdong provinces",June 2015 to December 2021,2015,2021,aphid lethal paralysis virus,Dicistroviridae,Metagenomic / pooled sequencing,Lung,,
39117662-058,Pooled sequencing,Pooled metatranscriptomic detection,No,Positive,S0036,Suncus murinus,Soricidae,China,"Thirteen sites in Shandong, Jiangsu, Zhejiang, Fujian and Guangdong provinces",June 2015 to December 2021,2015,2021,Hubei arthropod virus 3,,Metagenomic / pooled sequencing,Lung,,
39117662-059,Pooled sequencing,Pooled metatranscriptomic detection,No,Positive,S0036,Suncus murinus,Soricidae,China,"Thirteen sites in Shandong, Jiangsu, Zhejiang, Fujian and Guangdong provinces",June 2015 to December 2021,2015,2021,Lángyá virus,Paramyxoviridae,Metagenomic / pooled sequencing,Lung,,
39117662-060,Pooled sequencing,Pooled metatranscriptomic detection,No,Positive,S0036,Suncus murinus,Soricidae,China,"Thirteen sites in Shandong, Jiangsu, Zhejiang, Fujian and Guangdong provinces",June 2015 to December 2021,2015,2021,rotavirus A,Sedoreoviridae,Metagenomic / pooled sequencing,Lung,,
39256401-001,Natural direct detection,RT-qPCR-confirmed infection and sequence characterization,No,Positive,S0037,Crocidura leucodon,Soricidae,Germany,BoDV-1-endemic regions in Germany,Not reported,,,Borna disease virus 1,Bornaviridae,PCR + sequencing,Fresh or fresh-frozen shrew diagnostic tissue; exact organs not specified in Table 1,7,7
39522880-001,Serology,Neutralizing-antibody detection,Yes,Positive,S0038,Erinaceidae spp.,Erinaceidae,China,"Urban Beijing, from inside the 2nd ring road to beyond the 5th ring road",July–August 2023,2023,2023,severe fever with thrombocytopenia syndrome virus,Phenuiviridae,Serology,Serum,50,28
39522880-002,Natural direct detection,Direct viral RNA detection,Yes,Positive,S0038,Erinaceidae spp.,Erinaceidae,China,"Urban Beijing, from inside the 2nd ring road to beyond the 5th ring road",July–August 2023,2023,2023,severe fever with thrombocytopenia syndrome virus,Phenuiviridae,PCR + sequencing,Blood,46,19
39522880-003,Natural direct detection,Direct viral RNA detection,No,Positive,S0038,Erinaceidae spp.,Erinaceidae,China,"Jingshan, Beijing",July–August 2023,2023,2023,severe fever with thrombocytopenia syndrome virus,Phenuiviridae,PCR + sequencing,Blood,2,1
39522880-004,Natural direct detection,Direct viral RNA detection,No,Positive,S0038,Erinaceidae spp.,Erinaceidae,China,"Beihai, Beijing",July–August 2023,2023,2023,severe fever with thrombocytopenia syndrome virus,Phenuiviridae,PCR + sequencing,Blood,4,3
39522880-005,Natural direct detection,Direct viral RNA detection,No,Positive,S0038,Erinaceidae spp.,Erinaceidae,China,"Temple of Heaven, Beijing",July–August 2023,2023,2023,severe fever with thrombocytopenia syndrome virus,Phenuiviridae,PCR + sequencing,Blood,5,2
39522880-006,Natural direct detection,Direct viral RNA detection,No,Positive,S0038,Erinaceidae spp.,Erinaceidae,China,"Zizhuyuan, Beijing",July–August 2023,2023,2023,severe fever with thrombocytopenia syndrome virus,Phenuiviridae,PCR + sequencing,Blood,2,2
39522880-007,Natural direct detection,Direct viral RNA detection,No,Positive,S0038,Erinaceidae spp.,Erinaceidae,China,"Jishuitan, Beijing",July–August 2023,2023,2023,severe fever with thrombocytopenia syndrome virus,Phenuiviridae,PCR + sequencing,Blood,2,2
39522880-008,Natural direct detection,Direct viral RNA detection,No,Positive,S0038,Erinaceidae spp.,Erinaceidae,China,"Lianhuachi, Beijing",July–August 2023,2023,2023,severe fever with thrombocytopenia syndrome virus,Phenuiviridae,PCR + sequencing,Blood,2,1
39522880-009,Natural direct detection,Direct viral RNA screening — negative,No,Negative,S0038,Erinaceidae spp.,Erinaceidae,China,"Yuyuantan, Beijing",July–August 2023,2023,2023,severe fever with thrombocytopenia syndrome virus,Phenuiviridae,PCR + sequencing,Blood,1,0
39522880-010,Natural direct detection,Direct viral RNA detection,No,Positive,S0038,Erinaceidae spp.,Erinaceidae,China,"Wanliu, Beijing",July–August 2023,2023,2023,severe fever with thrombocytopenia syndrome virus,Phenuiviridae,PCR + sequencing,Blood,4,3
39522880-011,Natural direct detection,Direct viral RNA screening — negative,No,Negative,S0038,Erinaceidae spp.,Erinaceidae,China,"Olympic Forest Park, Beijing",July–August 2023,2023,2023,severe fever with thrombocytopenia syndrome virus,Phenuiviridae,PCR + sequencing,Blood,1,0
39522880-012,Natural direct detection,Direct viral RNA screening — negative,No,Negative,S0038,Erinaceidae spp.,Erinaceidae,China,"Peking University, Beijing",July–August 2023,2023,2023,severe fever with thrombocytopenia syndrome virus,Phenuiviridae,PCR + sequencing,Blood,1,0
39522880-013,Natural direct detection,Direct viral RNA screening — negative,No,Negative,S0038,Erinaceidae spp.,Erinaceidae,China,"Tsinghua University, Beijing",July–August 2023,2023,2023,severe fever with thrombocytopenia syndrome virus,Phenuiviridae,PCR + sequencing,Blood,2,0
39522880-014,Natural direct detection,Direct viral RNA screening — negative,No,Negative,S0038,Erinaceidae spp.,Erinaceidae,China,"Beiwu, Beijing",July–August 2023,2023,2023,severe fever with thrombocytopenia syndrome virus,Phenuiviridae,PCR + sequencing,Blood,2,0
39522880-015,Natural direct detection,Direct viral RNA detection,No,Positive,S0038,Erinaceidae spp.,Erinaceidae,China,"Shiji Forest Park, Beijing",July–August 2023,2023,2023,severe fever with thrombocytopenia syndrome virus,Phenuiviridae,PCR + sequencing,Blood,2,1
39522880-016,Natural direct detection,Direct viral RNA detection,No,Positive,S0038,Erinaceidae spp.,Erinaceidae,China,"Houjiazhuang, Beijing",July–August 2023,2023,2023,severe fever with thrombocytopenia syndrome virus,Phenuiviridae,PCR + sequencing,Blood,4,2
39522880-017,Natural direct detection,Direct viral RNA screening — negative,No,Negative,S0038,Erinaceidae spp.,Erinaceidae,China,"Qingyangtun, Beijing",July–August 2023,2023,2023,severe fever with thrombocytopenia syndrome virus,Phenuiviridae,PCR + sequencing,Blood,2,0
39522880-018,Natural direct detection,Direct viral RNA detection,No,Positive,S0038,Erinaceidae spp.,Erinaceidae,China,"Wenquan, Beijing",July–August 2023,2023,2023,severe fever with thrombocytopenia syndrome virus,Phenuiviridae,PCR + sequencing,Blood,3,1
39522880-019,Natural direct detection,Direct viral RNA screening — negative,No,Negative,S0038,Erinaceidae spp.,Erinaceidae,China,"Gaoying, Beijing",July–August 2023,2023,2023,severe fever with thrombocytopenia syndrome virus,Phenuiviridae,PCR + sequencing,Blood,2,0
39522880-020,Natural direct detection,Direct viral RNA detection,No,Positive,S0038,Erinaceidae spp.,Erinaceidae,China,"Longquanwu, Beijing",July–August 2023,2023,2023,severe fever with thrombocytopenia syndrome virus,Phenuiviridae,PCR + sequencing,Blood,5,1
39522880-021,Serology,Neutralizing-antibody detection,No,Positive,S0038,Erinaceidae spp.,Erinaceidae,China,"Jingshan, Beijing",July–August 2023,2023,2023,severe fever with thrombocytopenia syndrome virus,Phenuiviridae,Serology,Serum,2,1
39522880-022,Serology,Neutralizing-antibody detection,No,Positive,S0038,Erinaceidae spp.,Erinaceidae,China,"Beihai, Beijing",July–August 2023,2023,2023,severe fever with thrombocytopenia syndrome virus,Phenuiviridae,Serology,Serum,4,3
39522880-023,Serology,Neutralizing-antibody detection,No,Positive,S0038,Erinaceidae spp.,Erinaceidae,China,"Taoranting, Beijing",July–August 2023,2023,2023,severe fever with thrombocytopenia syndrome virus,Phenuiviridae,Serology,Serum,4,1
39522880-024,Serology,Neutralizing-antibody detection,No,Positive,S0038,Erinaceidae spp.,Erinaceidae,China,"Temple of Heaven, Beijing",July–August 2023,2023,2023,severe fever with thrombocytopenia syndrome virus,Phenuiviridae,Serology,Serum,5,4
39522880-025,Serology,Neutralizing-antibody detection,No,Positive,S0038,Erinaceidae spp.,Erinaceidae,China,"Zizhuyuan, Beijing",July–August 2023,2023,2023,severe fever with thrombocytopenia syndrome virus,Phenuiviridae,Serology,Serum,5,2
39522880-026,Serology,Neutralizing-antibody detection,No,Positive,S0038,Erinaceidae spp.,Erinaceidae,China,"Jishuitan, Beijing",July–August 2023,2023,2023,severe fever with thrombocytopenia syndrome virus,Phenuiviridae,Serology,Serum,2,1
39522880-027,Serology,Neutralizing-antibody screening — negative,No,Negative,S0038,Erinaceidae spp.,Erinaceidae,China,"Lianhuachi, Beijing",July–August 2023,2023,2023,severe fever with thrombocytopenia syndrome virus,Phenuiviridae,Serology,Serum,1,0
39522880-028,Serology,Neutralizing-antibody screening — negative,No,Negative,S0038,Erinaceidae spp.,Erinaceidae,China,"Yuyuantan, Beijing",July–August 2023,2023,2023,severe fever with thrombocytopenia syndrome virus,Phenuiviridae,Serology,Serum,1,0
39522880-029,Serology,Neutralizing-antibody detection,No,Positive,S0038,Erinaceidae spp.,Erinaceidae,China,"Wanliu, Beijing",July–August 2023,2023,2023,severe fever with thrombocytopenia syndrome virus,Phenuiviridae,Serology,Serum,4,1
39522880-030,Serology,Neutralizing-antibody detection,No,Positive,S0038,Erinaceidae spp.,Erinaceidae,China,"Olympic Forest Park, Beijing",July–August 2023,2023,2023,severe fever with thrombocytopenia syndrome virus,Phenuiviridae,Serology,Serum,2,2
39522880-031,Serology,Neutralizing-antibody screening — negative,No,Negative,S0038,Erinaceidae spp.,Erinaceidae,China,"Tsinghua University, Beijing",July–August 2023,2023,2023,severe fever with thrombocytopenia syndrome virus,Phenuiviridae,Serology,Serum,1,0
39522880-032,Serology,Neutralizing-antibody screening — negative,No,Negative,S0038,Erinaceidae spp.,Erinaceidae,China,"Beiwu, Beijing",July–August 2023,2023,2023,severe fever with thrombocytopenia syndrome virus,Phenuiviridae,Serology,Serum,2,0
39522880-033,Serology,Neutralizing-antibody detection,No,Positive,S0038,Erinaceidae spp.,Erinaceidae,China,"Shiji Forest Park, Beijing",July–August 2023,2023,2023,severe fever with thrombocytopenia syndrome virus,Phenuiviridae,Serology,Serum,2,2
39522880-034,Serology,Neutralizing-antibody detection,No,Positive,S0038,Erinaceidae spp.,Erinaceidae,China,"Beishiqu, Beijing",July–August 2023,2023,2023,severe fever with thrombocytopenia syndrome virus,Phenuiviridae,Serology,Serum,1,1
39522880-035,Serology,Neutralizing-antibody detection,No,Positive,S0038,Erinaceidae spp.,Erinaceidae,China,"Houjiazhuang, Beijing",July–August 2023,2023,2023,severe fever with thrombocytopenia syndrome virus,Phenuiviridae,Serology,Serum,2,2
39522880-036,Serology,Neutralizing-antibody detection,No,Positive,S0038,Erinaceidae spp.,Erinaceidae,China,"Qingyangtun, Beijing",July–August 2023,2023,2023,severe fever with thrombocytopenia syndrome virus,Phenuiviridae,Serology,Serum,2,1
39522880-037,Serology,Neutralizing-antibody detection,No,Positive,S0038,Erinaceidae spp.,Erinaceidae,China,"Wenquan, Beijing",July–August 2023,2023,2023,severe fever with thrombocytopenia syndrome virus,Phenuiviridae,Serology,Serum,3,1
39522880-038,Serology,Neutralizing-antibody detection,No,Positive,S0038,Erinaceidae spp.,Erinaceidae,China,"Gaoying, Beijing",July–August 2023,2023,2023,severe fever with thrombocytopenia syndrome virus,Phenuiviridae,Serology,Serum,3,2
39522880-039,Serology,Neutralizing-antibody detection,No,Positive,S0038,Erinaceidae spp.,Erinaceidae,China,"Longquanwu, Beijing",July–August 2023,2023,2023,severe fever with thrombocytopenia syndrome virus,Phenuiviridae,Serology,Serum,5,4
39665420-001,Natural direct detection,Direct viral RNA detection in selected neurological cases,No,Positive,S0039,Erinaceus europaeus,Erinaceidae,United Kingdom,"Gloucestershire and Buckinghamshire, England","Autumn/winter incidents in 2012–2013, 2017–2018 and 2019–2020",2012,2020,Hedgehog arterivirus 1 (HhAV-1),Arteriviridae,PCR / RT-PCR,"Postmortem tissues, including brain and multiple organs",8,8
39665420-002,Natural direct detection,Direct viral RNA detection in selected neurological cases,No,Positive,S0039,Erinaceus europaeus,Erinaceidae,United Kingdom,"Gloucestershire and Buckinghamshire, England",Autumn/winter 2012–2013,2012,2013,Hedgehog arterivirus 1 (HhAV-1),Arteriviridae,PCR / RT-PCR,"Postmortem tissues, including brain and multiple organs",1,1
39665420-003,Natural direct detection,Direct viral RNA detection in selected neurological cases,No,Positive,S0039,Erinaceus europaeus,Erinaceidae,United Kingdom,"Gloucestershire and Buckinghamshire, England",Autumn/winter 2017–2018,2017,2018,Hedgehog arterivirus 1 (HhAV-1),Arteriviridae,PCR / RT-PCR,"Postmortem tissues, including brain and multiple organs",4,4
39665420-004,Natural direct detection,Direct viral RNA detection in selected neurological cases,No,Positive,S0039,Erinaceus europaeus,Erinaceidae,United Kingdom,"Gloucestershire and Buckinghamshire, England",Autumn/winter 2019–2020,2019,2020,Hedgehog arterivirus 1 (HhAV-1),Arteriviridae,PCR / RT-PCR,"Postmortem tissues, including brain and multiple organs",3,3
39665420-005,Natural direct detection,Direct viral RNA detection in selected controls,No,Positive,S0039,Erinaceus europaeus,Erinaceidae,United Kingdom,"Gloucestershire and Buckinghamshire, England",Not reported,,,Hedgehog arterivirus 1 (HhAV-1),Arteriviridae,PCR / RT-PCR,"Postmortem tissues, including brain and multiple organs",13,8
39665420-006,Natural direct detection,In situ viral RNA localization,No,Positive,S0039,Erinaceus europaeus,Erinaceidae,United Kingdom,"Gloucestershire and Buckinghamshire, England","2012–2013, 2017–2018 and 2019–2020 incidents",2012,2020,Hedgehog arterivirus 1 (HhAV-1),Arteriviridae,PCR / RT-PCR,"Postmortem tissues, including brain and multiple organs",8,8
39665420-007,Natural direct detection,In situ viral RNA localization — negative,No,Negative,S0039,Erinaceus europaeus,Erinaceidae,United Kingdom,"Gloucestershire and Buckinghamshire, England",Not reported,,,Hedgehog arterivirus 1 (HhAV-1),Arteriviridae,PCR / RT-PCR,"Postmortem tissues, including brain and multiple organs",2,0
39677782-001,Natural direct detection,Direct viral RNA screening,Yes,Positive,S0040,Crocidura lasiura,Soricidae,Republic of Korea,"Gyeonggi, Gangwon, Chungcheongnam and Jeollanam Provinces",2023,2023,2023,Henipaviruses / paramyxoviruses detected by the screening assay,Paramyxoviridae,PCR + sequencing,Kidney,24,15
39677782-002,Natural direct detection,Direct viral RNA screening,No,Positive,S0040,Crocidura lasiura,Soricidae,Republic of Korea,"Gyeonggi, Gangwon, Chungcheongnam and Jeollanam Provinces",2023,2023,2023,Henipaviruses / paramyxoviruses detected by the screening assay,Paramyxoviridae,PCR + sequencing,Kidney,13,10
39677782-003,Natural direct detection,Direct viral RNA screening,No,Positive,S0040,Crocidura lasiura,Soricidae,Republic of Korea,"Gyeonggi, Gangwon, Chungcheongnam and Jeollanam Provinces",2023,2023,2023,Henipaviruses / paramyxoviruses detected by the screening assay,Paramyxoviridae,PCR + sequencing,Kidney,11,5
39677782-004,Natural direct detection,Direct viral RNA screening — negative,No,Negative,S0040,Crocidura lasiura,Soricidae,Republic of Korea,"Gyeonggi, Gangwon, Chungcheongnam and Jeollanam Provinces",2023,2023,2023,Henipaviruses / paramyxoviruses detected by the screening assay,Paramyxoviridae,PCR + sequencing,Kidney,4,0
39677782-005,Natural direct detection,Direct viral RNA screening,No,Positive,S0040,Crocidura lasiura,Soricidae,Republic of Korea,"Gyeonggi, Gangwon, Chungcheongnam and Jeollanam Provinces",2023,2023,2023,Henipaviruses / paramyxoviruses detected by the screening assay,Paramyxoviridae,PCR + sequencing,Kidney,20,15
39677782-006,Natural direct detection,Direct viral RNA screening,No,Positive,S0040,Crocidura lasiura,Soricidae,Republic of Korea,Gyeonggi Province,2023,2023,2023,Henipaviruses / paramyxoviruses detected by the screening assay,Paramyxoviridae,PCR + sequencing,Kidney,14,10
39677782-007,Natural direct detection,Direct viral RNA screening,No,Positive,S0040,Crocidura lasiura,Soricidae,Republic of Korea,Gangwon Province,2023,2023,2023,Henipaviruses / paramyxoviruses detected by the screening assay,Paramyxoviridae,PCR + sequencing,Kidney,2,1
39677782-008,Natural direct detection,Direct viral RNA screening — negative,No,Negative,S0040,Crocidura lasiura,Soricidae,Republic of Korea,Chungcheongnam Province,2023,2023,2023,Henipaviruses / paramyxoviruses detected by the screening assay,Paramyxoviridae,PCR + sequencing,Kidney,2,0
39677782-009,Natural direct detection,Direct viral RNA screening,No,Positive,S0040,Crocidura lasiura,Soricidae,Republic of Korea,Jeollanam Province,2023,2023,2023,Henipaviruses / paramyxoviruses detected by the screening assay,Paramyxoviridae,PCR + sequencing,Kidney,6,4
39677782-010,Natural direct detection,Sequence-confirmed direct viral RNA detection,Yes,Positive,S0040,Crocidura lasiura,Soricidae,Republic of Korea,"Gyeonggi, Gangwon, Chungcheongnam and Jeollanam Provinces",2023,2023,2023,Langya virus Korea (LayV KOR),Paramyxoviridae,PCR + sequencing,Kidney,24,3
39677782-011,Pooled sequencing,Retrospective metagenomic sequence detection,No,Positive,S0040,Crocidura lasiura,Soricidae,Republic of Korea,"Gyeonggi, Gangwon, Chungcheongnam and Jeollanam Provinces",2017,2017,2017,Langya virus Korea (LayV KOR),Paramyxoviridae,Metagenomic / pooled sequencing,Kidney,,2
37363265-001,Natural direct detection,Direct viral RNA detection,Yes,Positive,S0041,Suncus murinus,Soricidae,Singapore,Thirteen urban and forest sampling sites across Singapore,April 2012 to February 2014,2012,2014,cencurut virus,Nairoviridae,PCR + sequencing,"Lung, spleen and kidney",37,34
37363265-002,Natural direct detection,Direct viral RNA detection,No,Positive,S0041,Suncus murinus,Soricidae,Singapore,Thirteen urban and forest sampling sites across Singapore,April 2012 to February 2014,2012,2014,cencurut virus,Nairoviridae,PCR / RT-PCR,Lung,37,
37363265-003,Natural direct detection,Direct viral RNA detection,No,Positive,S0041,Suncus murinus,Soricidae,Singapore,Thirteen urban and forest sampling sites across Singapore,April 2012 to February 2014,2012,2014,cencurut virus,Nairoviridae,PCR / RT-PCR,Spleen,37,
37363265-004,Natural direct detection,Direct viral RNA detection,No,Positive,S0041,Suncus murinus,Soricidae,Singapore,Thirteen urban and forest sampling sites across Singapore,April 2012 to February 2014,2012,2014,cencurut virus,Nairoviridae,PCR / RT-PCR,Kidney,37,
37363265-005,Natural direct detection,Direct viral RNA detection,No,Positive,S0041,Suncus murinus,Soricidae,Singapore,"Central Water Catchment, Singapore",April 2012 to February 2014,2012,2014,cencurut virus,Nairoviridae,PCR + sequencing,"Lung, spleen and kidney",3,3
37363265-006,Natural direct detection,Direct viral RNA detection,No,Negative,S0041,Suncus murinus,Soricidae,Singapore,"Punggol, Singapore",April 2012 to February 2014,2012,2014,cencurut virus,Nairoviridae,PCR + sequencing,"Lung, spleen and kidney",1,0
37363265-007,Natural direct detection,Direct viral RNA detection,No,Positive,S0041,Suncus murinus,Soricidae,Singapore,"Bukit Merah, Singapore",April 2012 to February 2014,2012,2014,cencurut virus,Nairoviridae,PCR + sequencing,"Lung, spleen and kidney",9,8
37363265-008,Natural direct detection,Direct viral RNA detection,No,Positive,S0041,Suncus murinus,Soricidae,Singapore,"Bukit Timah, Singapore",April 2012 to February 2014,2012,2014,cencurut virus,Nairoviridae,PCR + sequencing,"Lung, spleen and kidney",5,5
37363265-009,Natural direct detection,Direct viral RNA detection,No,Positive,S0041,Suncus murinus,Soricidae,Singapore,"Cantonment, Singapore",April 2012 to February 2014,2012,2014,cencurut virus,Nairoviridae,PCR + sequencing,"Lung, spleen and kidney",2,2
37363265-010,Natural direct detection,Direct viral RNA detection,No,Positive,S0041,Suncus murinus,Soricidae,Singapore,"Marine Parade, Singapore",April 2012 to February 2014,2012,2014,cencurut virus,Nairoviridae,PCR + sequencing,"Lung, spleen and kidney",2,2
37363265-011,Natural direct detection,Direct viral RNA detection,No,Positive,S0041,Suncus murinus,Soricidae,Singapore,"Outram, Singapore",April 2012 to February 2014,2012,2014,cencurut virus,Nairoviridae,PCR + sequencing,"Lung, spleen and kidney",1,1
37363265-012,Natural direct detection,Direct viral RNA detection,No,Positive,S0041,Suncus murinus,Soricidae,Singapore,"Potong Pasir, Singapore",April 2012 to February 2014,2012,2014,cencurut virus,Nairoviridae,PCR + sequencing,"Lung, spleen and kidney",1,1
37363265-013,Natural direct detection,Direct viral RNA detection,No,Positive,S0041,Suncus murinus,Soricidae,Singapore,"Rochor, Singapore",April 2012 to February 2014,2012,2014,cencurut virus,Nairoviridae,PCR + sequencing,"Lung, spleen and kidney",1,1
37363265-014,Natural direct detection,Direct viral RNA detection,No,Positive,S0041,Suncus murinus,Soricidae,Singapore,"Bukit Timah, Singapore",April 2012 to February 2014,2012,2014,cencurut virus,Nairoviridae,PCR + sequencing,"Lung, spleen and kidney",3,3
37363265-015,Natural direct detection,Direct viral RNA detection,No,Positive,S0041,Suncus murinus,Soricidae,Singapore,"Cantonment, Singapore",April 2012 to February 2014,2012,2014,cencurut virus,Nairoviridae,PCR + sequencing,"Lung, spleen and kidney",2,2
37363265-016,Natural direct detection,Direct viral RNA detection,No,Positive,S0041,Suncus murinus,Soricidae,Singapore,"Marine Parade, Singapore",April 2012 to February 2014,2012,2014,cencurut virus,Nairoviridae,PCR + sequencing,"Lung, spleen and kidney",2,2
37363265-017,Natural direct detection,Direct viral RNA detection,No,Positive,S0041,Suncus murinus,Soricidae,Singapore,"Clementi, Singapore",April 2012 to February 2014,2012,2014,cencurut virus,Nairoviridae,PCR + sequencing,"Lung, spleen and kidney",5,4
37376613-001,Natural direct detection,Direct viral RNA detection,Yes,Positive,S0042,Talpa occidentalis,Talpidae,Spain,Asturias,January 2011 to June 2014,2011,2014,"Hantaviruses: Bruges virus, Nova virus and Asturias virus",Hantaviridae,PCR + sequencing,Lung tissue,106,11
37376613-002,Natural direct detection,Sequence-confirmed direct viral RNA detection,No,Positive,S0042,Talpa occidentalis,Talpidae,Spain,"Asturias: Coceña (1), Fresnadiellu (2), Oles (2), Priesca (1)",January 2011 to June 2014,2011,2014,Bruges virus,Hantaviridae,PCR + sequencing,Lung tissue,106,6
37376613-003,Natural direct detection,Sequence-confirmed direct viral RNA detection,No,Positive,S0042,Talpa occidentalis,Talpidae,Spain,"Asturias: Coceña (1), Oles (1), Priesca (2)",January 2011 to June 2014,2011,2014,Nova virus,Hantaviridae,PCR + sequencing,Lung tissue,106,4
37376613-004,Natural direct detection,Sequence-confirmed direct viral RNA detection,No,Positive,S0042,Talpa occidentalis,Talpidae,Spain,Asturias: Coceña,January 2011 to June 2014,2011,2014,"Asturias virus (ASTV), strain 3877",Hantaviridae,PCR + sequencing,Lung tissue,106,1
37376613-005,Natural direct detection,Direct viral RNA detection,Yes,Positive,S0042,Sorex coronatus,Soricidae,Spain,Asturias,January 2011 to June 2014,2011,2014,Seewis virus (SWSV),Hantaviridae,PCR + sequencing,Lung tissue,15,2
37376613-006,Natural direct detection,Direct viral RNA detection,No,Positive,S0042,Sorex coronatus,Soricidae,Spain,"Fresnu, Asturias",2012,2012,2012,Seewis virus (SWSV),Hantaviridae,PCR + sequencing,Lung tissue,5,1
37376613-007,Natural direct detection,Direct viral RNA detection,No,Positive,S0042,Sorex coronatus,Soricidae,Spain,"VEV (Villaviciosa), Asturias",2011,2011,2011,Seewis virus (SWSV),Hantaviridae,PCR + sequencing,Lung tissue,4,1
37376613-008,Natural direct detection,Direct viral RNA screening — negative,Yes,Negative,S0042,Crocidura russula,Soricidae,Spain,Asturias,January 2011 to June 2014,2011,2014,Hantavirus RNA,Hantaviridae,PCR + sequencing,Lung tissue,76,0
37433351-001,Natural direct detection,Direct viral RNA detection,Yes,Positive,S0043,Sorex araneus,Soricidae,Germany,Different regions of Germany,2004–2016,2004,2016,rotavirus K,Sedoreoviridae,PCR + sequencing,Intestinal contents,73,8
37433351-002,Natural direct detection,Sequence-confirmed direct viral RNA detection,No,Positive,S0043,Sorex araneus,Soricidae,Germany,Different regions of Germany,2004–2016,2004,2016,rotavirus K,Sedoreoviridae,PCR + sequencing,Intestinal contents,73,6
37433351-003,Natural direct detection,Complete coding-genome characterization,No,Positive,S0043,Sorex araneus,Soricidae,Germany,"Near Stuttgart, southwestern Germany",June 2013,2013,2013,rotavirus K,Sedoreoviridae,PCR + sequencing,Intestinal content,1,1
37634660-001,Serology,Antibody detection,Yes,Positive,S0044,Erinaceus amurensis,Erinaceidae,China,"Shunyi Park, Beijing",19 October 2021,2021,2021,severe fever with thrombocytopenia syndrome virus,Phenuiviridae,Serology,Serum,6,2
37634660-002,Serology,Antibody screening — negative,Yes,Negative,S0044,Erinaceus amurensis,Erinaceidae,China,"Olympic Forest Park, Chaoyang District, Beijing",2021,2021,2021,severe fever with thrombocytopenia syndrome virus,Phenuiviridae,Serology,Serum,,0
37634660-003,Natural direct detection,Direct viral RNA screening — negative,Yes,Negative,S0044,Erinaceus amurensis,Erinaceidae,China,"Olympic Forest Park, Chaoyang District, Beijing",2021,2021,2021,severe fever with thrombocytopenia syndrome virus,Phenuiviridae,PCR / RT-PCR,Serum,,0
37634660-004,Serology,Neutralizing-antibody detection,Yes,Positive,S0044,Erinaceus amurensis,Erinaceidae,China,"Longquanwu Village, Mentougou District, Beijing",April 2023,2023,2023,severe fever with thrombocytopenia syndrome virus,Phenuiviridae,Serology,Serum,5,5
37634660-005,Experimental evidence,Experimental infection with serological follow-up,No,Positive,S0044,Erinaceus amurensis,Erinaceidae,China,Not reported,Not reported,,,severe fever with thrombocytopenia syndrome virus,Phenuiviridae,Experimental infection,Serum,2,2
37734372-002,Pooled sequencing,Family-level pooled meta-transcriptomic detection,No,Positive,S0045,Soricidae spp.,Soricidae,China,"Jingmen and Wufeng, Hubei Province; Wenzhou and Longquan, Zhejiang Province",Winter and early spring of 2016–2017,2016,2017,Viruses from family Arteriviridae,Arteriviridae,Metagenomic / pooled sequencing,"Lung, liver, kidney, spleen and gut/fecal samples",,
37734372-003,Pooled sequencing,Family-level pooled meta-transcriptomic detection,No,Positive,S0045,Soricidae spp.,Soricidae,China,"Jingmen and Wufeng, Hubei Province; Wenzhou and Longquan, Zhejiang Province",Winter and early spring of 2016–2017,2016,2017,Viruses from family Hantaviridae,Hantaviridae,Metagenomic / pooled sequencing,"Lung, liver, kidney, spleen and gut/fecal samples",,
37734372-004,Pooled sequencing,Family-level pooled meta-transcriptomic detection,No,Positive,S0045,Soricidae spp.,Soricidae,China,"Jingmen and Wufeng, Hubei Province; Wenzhou and Longquan, Zhejiang Province",Winter and early spring of 2016–2017,2016,2017,Viruses from family Coronaviridae,Coronaviridae,Metagenomic / pooled sequencing,"Lung, liver, kidney, spleen and gut/fecal samples",,
37734372-005,Pooled sequencing,Family-level pooled meta-transcriptomic detection,No,Positive,S0045,Soricidae spp.,Soricidae,China,"Jingmen and Wufeng, Hubei Province; Wenzhou and Longquan, Zhejiang Province",Winter and early spring of 2016–2017,2016,2017,Viruses from family Hepadnaviridae,Hepadnaviridae,Metagenomic / pooled sequencing,"Lung, liver, kidney, spleen and gut/fecal samples",,
37734372-010,Pooled sequencing,Pooled meta-transcriptomic detection,No,Positive,S0045,Suncus murinus,Soricidae,China,"Jingmen and Wufeng, Hubei Province; Wenzhou and Longquan, Zhejiang Province",Winter and early spring of 2016–2017,2016,2017,Wenzhou shrew henipavirus 1,Paramyxoviridae,Metagenomic / pooled sequencing,Not reported,,
37734372-011,Pooled sequencing,Pooled meta-transcriptomic detection,No,Positive,S0045,Crocidura shantungensis,Soricidae,China,"Jingmen and Wufeng, Hubei Province; Wenzhou and Longquan, Zhejiang Province",Winter and early spring of 2016–2017,2016,2017,Novel rotavirus in Crocidura shantungensis,Sedoreoviridae,Metagenomic / pooled sequencing,Not reported,,
37734372-012,Pooled sequencing,Pooled meta-transcriptomic detection,No,Positive,S0045,Soricidae spp.,Soricidae,China,"Jingmen and Wufeng, Hubei Province; Wenzhou and Longquan, Zhejiang Province",Winter and early spring of 2016–2017,2016,2017,Three newly identified hepaciviruses,Hepaciviridae,Metagenomic / pooled sequencing,Not reported,,
37734372-013,Pooled sequencing,Pooled meta-transcriptomic detection,No,Positive,S0045,Soricidae spp.,Soricidae,China,"Jingmen and Wufeng, Hubei Province; Wenzhou and Longquan, Zhejiang Province",Winter and early spring of 2016–2017,2016,2017,rotavirus A,Sedoreoviridae,Metagenomic / pooled sequencing,Not reported,,
37734372-014,Pooled sequencing,Pooled meta-transcriptomic detection,No,Positive,S0045,Soricidae spp.,Soricidae,China,"Jingmen and Wufeng, Hubei Province; Wenzhou and Longquan, Zhejiang Province",Winter and early spring of 2016–2017,2016,2017,Jingmen rodent permutotetravirus 1,Permutotetraviridae,Metagenomic / pooled sequencing,Not reported,,
37795019-001,Natural direct detection,Longitudinal direct viral RNA detection,Yes,Positive,S0046,Erinaceus europaeus,Erinaceidae,Italy,"Rome, central Italy",February–June 2021 and September 2021–April 2022,2021,2022,Erinaceus coronavirus (EriCoV),Coronaviridae,PCR + sequencing,Feces,102,63
37795019-002,Natural direct detection,Direct viral RNA detection,No,Positive,S0046,Erinaceus europaeus,Erinaceidae,Italy,"Rome, central Italy",First sampling,,,Erinaceus coronavirus (EriCoV),Coronaviridae,PCR + sequencing,Feces,102,45
37795019-003,Natural direct detection,Direct viral RNA detection,No,Positive,S0046,Erinaceus europaeus,Erinaceidae,Italy,"Rome, central Italy",Last reported sampling,,,Erinaceus coronavirus (EriCoV),Coronaviridae,PCR + sequencing,Feces,102,49
37795019-004,Natural direct detection,Longitudinal direct viral RNA detection,No,Positive,S0046,Erinaceus europaeus,Erinaceidae,Italy,"Rome, central Italy",February–June 2021 and September 2021–April 2022,2021,2022,Erinaceus coronavirus (EriCoV),Coronaviridae,PCR + sequencing,Feces,102,18
37795019-005,Natural direct detection,Longitudinal direct viral RNA detection,No,Positive,S0046,Erinaceus europaeus,Erinaceidae,Italy,"Rome, central Italy",February–June 2021 and September 2021–April 2022,2021,2022,Erinaceus coronavirus (EriCoV),Coronaviridae,PCR + sequencing,Feces,27,14
38059490-001,Natural direct detection,Direct viral RNA screening — negative,Yes,Negative,S0047,Sorex araneus,Soricidae,United Kingdom,Multiple British wildlife sampling locations; species-specific locations not reported in the main article,January 2022,2022,2022,severe acute respiratory syndrome coronavirus 2,Coronaviridae,PCR / RT-PCR,Feces,1,0
38059490-002,Natural direct detection,Direct viral RNA screening — negative,Yes,Negative,S0047,Sorex minutus,Soricidae,United Kingdom,Multiple British wildlife sampling locations; species-specific locations not reported in the main article,January 2022,2022,2022,severe acute respiratory syndrome coronavirus 2,Coronaviridae,PCR / RT-PCR,Feces,2,0
38059490-003,Natural direct detection,Direct viral RNA screening — negative,Yes,Negative,S0047,Erinaceus europaeus,Erinaceidae,United Kingdom,Multiple British wildlife sampling locations; species-specific locations not reported in the main article,November 2022,2022,2022,severe acute respiratory syndrome coronavirus 2,Coronaviridae,PCR / RT-PCR,Feces,2,0
38137960-001,Natural direct detection,Sequence-confirmed direct viral RNA detection,Yes,Positive,S0048,Soricidae spp.,Soricidae,Croatia,Continental Croatia,The Methods state 2013–2017; Table 1 also includes one specimen from 2003,2003,2017,Seewis virus (SWSV; Orthohantavirus seewisense),Hantaviridae,PCR + sequencing,"Lung, kidney, liver, spleen and/or intestine, depending on specimen",9,2
38137960-002,Natural direct detection,Sequence-confirmed direct viral RNA detection,No,Positive,S0048,Sorex araneus,Soricidae,Croatia,Continental Croatia,The Methods state 2013–2017; Table 1 also includes one specimen from 2003,2003,2017,Seewis virus (SWSV; Orthohantavirus seewisense),Hantaviridae,PCR + sequencing,"Lung, kidney, liver, spleen and/or intestine, depending on specimen",3,1
38137960-003,Natural direct detection,Sequence-confirmed direct viral RNA detection,No,Positive,S0048,Neomys milleri,Soricidae,Croatia,Continental Croatia,The Methods state 2013–2017; Table 1 also includes one specimen from 2003,2003,2017,Seewis virus (SWSV; Orthohantavirus seewisense),Hantaviridae,PCR + sequencing,"Lung, kidney, liver, spleen and/or intestine, depending on specimen",3,1
38137960-004,Natural direct detection,Direct viral RNA screening — negative,No,Negative,S0048,Neomys fodiens,Soricidae,Croatia,Continental Croatia,The Methods state 2013–2017; Table 1 also includes one specimen from 2003,2003,2017,Seewis virus (SWSV; Orthohantavirus seewisense),Hantaviridae,PCR + sequencing,"Lung, kidney, liver, spleen and/or intestine, depending on specimen",1,0
38137960-005,Natural direct detection,Direct viral RNA screening — negative,No,Negative,S0048,Crocidura suaveolens,Soricidae,Croatia,Continental Croatia,The Methods state 2013–2017; Table 1 also includes one specimen from 2003,2003,2017,Seewis virus (SWSV; Orthohantavirus seewisense),Hantaviridae,PCR + sequencing,"Lung, kidney, liver, spleen and/or intestine, depending on specimen",1,0
38137960-006,Natural direct detection,Direct viral RNA screening — negative,No,Negative,S0048,Crocidura leucodon,Soricidae,Croatia,Continental Croatia,The Methods state 2013–2017; Table 1 also includes one specimen from 2003,2003,2017,Seewis virus (SWSV; Orthohantavirus seewisense),Hantaviridae,PCR + sequencing,"Lung, kidney, liver, spleen and/or intestine, depending on specimen",1,0
38137960-007,Natural direct detection,Sequence-confirmed direct viral RNA detection,No,Positive,S0048,Sorex araneus,Soricidae,Croatia,Medvednica,2013,2013,2013,Seewis virus (SWSV; Orthohantavirus seewisense),Hantaviridae,PCR + sequencing,Lung and liver,1,1
38137960-008,Natural direct detection,Sequence-confirmed direct viral RNA detection,No,Positive,S0048,Neomys milleri,Soricidae,Croatia,Stara Gradiška,2016,2016,2016,Seewis virus (SWSV; Orthohantavirus seewisense),Hantaviridae,PCR + sequencing,Kidney,1,1
38187621-001,Natural direct detection,Direct viral RNA screening — negative,Yes,Negative,S0049,Suncus murinus,Soricidae,Madagascar,"Marojejy National Park region, northeastern Madagascar; villages Mandena, Manantenina and Sarahandrano and surrounding habitats",2017–2021,2017,2021,Hantavirus RNA,Hantaviridae,PCR + sequencing,Lung tissue,55,0
39736935-002,Natural direct detection,Direct viral RNA sequence-read detection,Yes,Positive,S0050,Erinaceus spp.,Erinaceidae,Russia,European Russia,Summer 2022 to spring 2023; hibernating animals sampled on 21 November 2022,2022,2023,Erinaceus coronavirus (EriCoV),Coronaviridae,Sequencing,Oral and anal swabs,7,4
39736935-003,Natural direct detection,Direct viral RNA sequence-read screening — negative,Yes,Negative,S0050,Erinaceus spp.,Erinaceidae,Russia,Central Siberia (Novosibirsk),Summer 2022 to spring 2023; hibernating animals sampled on 21 November 2022,2022,2023,Erinaceus coronavirus (EriCoV),Coronaviridae,Sequencing,Oral and anal swabs; one animal had oral swab only,7,0
39736935-004,Natural direct detection,Direct viral RNA sequence-read screening — negative,Yes,Negative,S0050,Erinaceus spp.,Erinaceidae,Russia,European Russia,Summer 2022 to spring 2023; hibernating animals sampled on 21 November 2022,2022,2023,Erinaceus coronavirus (EriCoV),Coronaviridae,Sequencing,Oral swabs,7,0
39736935-005,Natural direct detection,Complete viral genome sequence,No,Positive,S0050,Erinaceus spp.,Erinaceidae,Russia,Moscow/Moscow Region,Summer 2022 to spring 2023; hibernating animals sampled on 21 November 2022,2022,2023,EriCoV/RU/MOW15-1/2022,Coronaviridae,Sequencing,Oral swab from hedgehog 22_15(MOS); presence also supported in the anal swab,1,1
39736935-006,Natural direct detection,Complete viral genome sequence,No,Positive,S0050,Erinaceus spp.,Erinaceidae,Russia,Moscow/Moscow Region,Summer 2022 to spring 2023; hibernating animals sampled on 21 November 2022,2022,2023,EriCoV/RU/MOW15-2/2022,Coronaviridae,Sequencing,Oral swab from hedgehog 22_15(MOS); presence also supported in the anal swab,1,1
39736935-007,Natural direct detection,Direct viral RNA sequence-read detection,Yes,Positive,S0050,Erinaceus spp.,Erinaceidae,Russia,European Russia,Summer 2022 to spring 2023; hibernating animals sampled on 21 November 2022,2022,2023,Erinaceus arenaviruses (EriAreVs),Arenaviridae,Sequencing,Oral and anal swabs,7,2
39736935-008,Natural direct detection,Direct viral RNA sequence-read screening — negative,Yes,Negative,S0050,Erinaceus spp.,Erinaceidae,Russia,Central Siberia (Novosibirsk),Summer 2022 to spring 2023; hibernating animals sampled on 21 November 2022,2022,2023,Erinaceus arenaviruses (EriAreVs),Arenaviridae,Sequencing,Oral and anal swabs; one animal had oral swab only,7,0
39736935-009,Natural direct detection,Direct viral RNA sequence-read detection,Yes,Positive,S0050,Erinaceus spp.,Erinaceidae,Russia,European Russia,Summer 2022 to spring 2023; hibernating animals sampled on 21 November 2022,2022,2023,Erinaceus arenaviruses (EriAreVs),Arenaviridae,Sequencing,Oral swabs,7,2
39736935-010,Natural direct detection,Sequence-confirmed direct viral RNA detection,No,Positive,S0050,Erinaceus spp.,Erinaceidae,Russia,Moscow Region,Summer 2022 to spring 2023; hibernating animals sampled on 21 November 2022,2022,2023,EriAreV in hedgehog 23_1(MOW),Arenaviridae,Sequencing,Oral and anal swabs,1,1
39736935-011,Natural direct detection,Sequence-confirmed direct viral RNA detection,No,Positive,S0050,Erinaceus spp.,Erinaceidae,Russia,Moscow/Moscow Region,Summer 2022 to spring 2023; hibernating animals sampled on 21 November 2022,2022,2023,EriAreV in hedgehog 22_15(MOS),Arenaviridae,Sequencing,Oral and anal swabs,1,1
39736935-012,Natural direct detection,Sequence-confirmed direct viral RNA detection,No,Positive,S0050,Erinaceus spp.,Erinaceidae,Russia,Moscow,Summer 2022 to spring 2023; hibernating animals sampled on 21 November 2022,2022,2023,EriAreV in hedgehog 22_7(MOS),Arenaviridae,Sequencing,Oral swab,1,1
39736935-013,Natural direct detection,Sequence-confirmed direct viral RNA detection,No,Positive,S0050,Erinaceus spp.,Erinaceidae,Russia,Belgorod,Summer 2022 to spring 2023; hibernating animals sampled on 21 November 2022,2022,2023,EriAreV in hedgehog 22_6(BEL),Arenaviridae,Sequencing,Oral swab,1,1
39736935-014,Natural direct detection,Viral-family sequence-read detection,Yes,Positive,S0050,Erinaceus spp.,Erinaceidae,Russia,Central Siberia (Novosibirsk),Summer 2022 to spring 2023; hibernating animals sampled on 21 November 2022,2022,2023,Parvoviridae-related reads,Parvoviridae,Sequencing,Oral and anal swabs,7,7
39736935-015,Natural direct detection,Viral-family sequence-read detection,Yes,Positive,S0050,Erinaceus spp.,Erinaceidae,Russia,European Russia,Summer 2022 to spring 2023; hibernating animals sampled on 21 November 2022,2022,2023,Parvoviridae-related reads,Parvoviridae,Sequencing,Oral and anal swabs,7,2
39736935-016,Natural direct detection,Viral-family sequence-read detection,Yes,Positive,S0050,Erinaceus spp.,Erinaceidae,Russia,European Russia,Summer 2022 to spring 2023; hibernating animals sampled on 21 November 2022,2022,2023,Parvoviridae-related reads,Parvoviridae,Sequencing,Oral swabs,7,2
39736935-017,Natural direct detection,Viral-family sequence-read detection,Yes,Positive,S0050,Erinaceus spp.,Erinaceidae,Russia,Central Siberia (Novosibirsk),Summer 2022 to spring 2023; hibernating animals sampled on 21 November 2022,2022,2023,Flaviviridae-related reads,Flaviviridae,Sequencing,Oral and anal swabs,7,2
39736935-018,Natural direct detection,Low-abundance viral-family sequence-read detection,No,Positive,S0050,Erinaceus spp.,Erinaceidae,Russia,Moscow Region,Summer 2022 to spring 2023; hibernating animals sampled on 21 November 2022,2022,2023,Picornaviridae-related reads,Picornaviridae,Sequencing,Oral and anal swabs from hedgehog 22_15(MOS),1,1
39846190-001,Natural direct detection,Direct viral RNA screening — negative,Yes,Negative,S0051,Anourosorex squamipes,Soricidae,China,"Yunnan Province: Luxi (2016), Zhaoyang (2016), Ruili (2017), Nanjian (2018), Yongshan (2018)",April 2014 to September 2019,2014,2019,orthohepevirus RNA (broad assay target),Hepeviridae,PCR + sequencing,Liver tissue,52,0
39846190-002,Natural direct detection,Direct viral RNA screening — negative,Yes,Negative,S0051,Crocidura attenuata,Soricidae,China,"Yunnan Province: Lianghe (2016), Zhaoyang (2016), Menghai (2016), Yuanmou (2016), Xiangyun (2017), Yuanjiang (2017), Nanjian (2017), Jinghong (2018), Yongshan (2018), Yunlong (2019)",April 2014 to September 2019,2014,2019,orthohepevirus RNA (broad assay target),Hepeviridae,PCR + sequencing,Liver tissue,37,0
39846190-003,Natural direct detection,Direct viral RNA screening — negative,Yes,Negative,S0051,Crocidura suaveolens,Soricidae,China,Yunnan Province: Yongshan (2018),April 2014 to September 2019,2014,2019,orthohepevirus RNA (broad assay target),Hepeviridae,PCR + sequencing,Liver tissue,3,0
39846190-004,Natural direct detection,Direct viral RNA detection,Yes,Positive,S0051,Episoriculus caudatus,Soricidae,China,Yunnan Province: Yongshan (2018),April 2014 to September 2019,2014,2019,orthohepevirus RNA (broad assay target),Hepeviridae,PCR + sequencing,Liver tissue,1,1
39846190-005,Natural direct detection,Direct viral RNA screening — negative,Yes,Negative,S0051,Sorex araneus,Soricidae,China,"Yunnan Province: Menghai (2016), Xiangyun (2016/2017), Jinghong (2018)",April 2014 to September 2019,2014,2019,orthohepevirus RNA (broad assay target),Hepeviridae,PCR + sequencing,Liver tissue,11,0
39846190-006,Natural direct detection,Direct viral RNA screening — negative,Yes,Negative,S0051,Sorex excelsus,Soricidae,China,Yunnan Province: Yongshan (2018),April 2014 to September 2019,2014,2019,orthohepevirus RNA (broad assay target),Hepeviridae,PCR + sequencing,Liver tissue,2,0
39846190-007,Natural direct detection,Direct viral RNA detection,Yes,Positive,S0051,Suncus murinus,Soricidae,China,"Yunnan Province: Lianghe (2016), Mengla (2016), Menghai (2016), Ruili (2017), Yongshan (2018)",April 2014 to September 2019,2014,2019,orthohepevirus RNA (broad assay target),Hepeviridae,PCR + sequencing,Liver tissue,35,1
39846190-008,Natural direct detection,Direct viral RNA screening — negative,Yes,Negative,S0051,Euroscaptor longirostris,Talpidae,China,Yunnan Province: Yunlong (2019),April 2014 to September 2019,2014,2019,orthohepevirus RNA (broad assay target),Hepeviridae,PCR + sequencing,Liver tissue,1,0
39846190-009,Natural direct detection,Direct viral RNA screening — negative,Yes,Negative,S0051,Uropsilus gracilis,Talpidae,China,Yunnan Province: Yongshan (2018),April 2014 to September 2019,2014,2019,orthohepevirus RNA (broad assay target),Hepeviridae,PCR + sequencing,Liver tissue,5,0
39846190-010,Natural direct detection,Direct viral RNA screening — negative,Yes,Negative,S0051,Hylomys suillus,Erinaceidae,China,"Yunnan Province: Lianghe (2016), Ruili (2017)",April 2014 to September 2019,2014,2019,orthohepevirus RNA (broad assay target),Hepeviridae,PCR + sequencing,Liver tissue,20,0
39846190-011,Natural direct detection,Full viral genome sequence,No,Positive,S0051,Suncus murinus,Soricidae,China,"Lianghe County, Yunnan (2016)",April 2014 to September 2019,2014,2019,rat hepatitis E virus,Hepeviridae,PCR + sequencing,Liver tissue,1,1
39846190-012,Natural direct detection,Full viral genome sequence,No,Positive,S0051,Episoriculus caudatus,Soricidae,China,"Yongshan County, Yunnan (2018)",April 2014 to September 2019,2014,2019,Orthohepevirus strain EcYS16,Hepeviridae,PCR + sequencing,Liver tissue,1,1
39849055-001,Natural direct detection,Sequence-confirmed direct viral RNA detection,Yes,Positive,S0052,Erinaceus roumanicus,Erinaceidae,Hungary,"Baranya, Fejér, Pest including Budapest, and Somogy counties",2023–2024,2023,2024,Hedgehog mammarenaviruses related to Mecsek Mountains mammarenavirus,Arenaviridae,PCR + sequencing,Faeces,59,5
39849055-002,Natural direct detection,Complete L- and S-segment sequences,No,Positive,S0052,Erinaceus roumanicus,Erinaceidae,Hungary,Úrhida,2023,2023,2023,ER8/2023/HUN,Arenaviridae,PCR + sequencing,Faeces,1,1
39849055-003,Natural direct detection,Complete L- and S-segment sequences,No,Positive,S0052,Erinaceus roumanicus,Erinaceidae,Hungary,Székesfehérvár,2023,2023,2023,ER15/2023/HUN,Arenaviridae,PCR + sequencing,Faeces,1,1
39849055-004,Natural direct detection,Complete L- and S-segment sequences,No,Positive,S0052,Erinaceus roumanicus,Erinaceidae,Hungary,Budapest,2023,2023,2023,ER27/2023/HUN,Arenaviridae,PCR + sequencing,Faeces,1,1
39849055-005,Natural direct detection,Complete L- and S-segment sequences,No,Positive,S0052,Erinaceus roumanicus,Erinaceidae,Hungary,Fót,2023,2023,2023,ER33/2023/HUN,Arenaviridae,PCR + sequencing,Faeces,1,1
39849055-006,Natural direct detection,Complete L- and S-segment sequences,No,Positive,S0052,Erinaceus roumanicus,Erinaceidae,Hungary,Szár,2023,2023,2023,ER39/2023/HUN,Arenaviridae,PCR + sequencing,Faeces,1,1
39921690-001,Natural direct detection,RT-qPCR-positive clinical specimens and complete/near-complete viral genomes,No,Positive,S0053,Erinaceus europaeus,Erinaceidae,"England, United Kingdom","Buckinghamshire, Gloucestershire and Cambridgeshire",2013–2024,2013,2024,Hedgehog arterivirus 1 (HhAV-1),Arteriviridae,PCR + sequencing,Post-mortem brain tissue,7,7
39983689-001,Natural direct detection,Complete viral genome sequence,Yes,Positive,S0054,Blarina brevicauda,Soricidae,United States,"Camp Hill, Auburn, Alabama (latitude 32.82, longitude −85.65)",2021,2021,2021,Camp Hill virus (CHV),Paramyxoviridae,Sequencing,"Skin, heart, kidney, liver and brain",4,4
39983689-002,Natural direct detection,Viral RNA sequence-read detection,No,Positive,S0054,Blarina brevicauda,Soricidae,United States,"Camp Hill, Auburn, Alabama (latitude 32.82, longitude −85.65)",2021,2021,2021,Camp Hill virus (CHV),Paramyxoviridae,Sequencing,Kidney,4,4
39983689-003,Natural direct detection,Viral RNA sequence-read screening — negative,No,Negative,S0054,Blarina brevicauda,Soricidae,United States,"Camp Hill, Auburn, Alabama (latitude 32.82, longitude −85.65)",2021,2021,2021,Camp Hill virus (CHV),Paramyxoviridae,Sequencing,Skin,4,0
39983689-004,Natural direct detection,Viral RNA sequence-read screening — negative,No,Negative,S0054,Blarina brevicauda,Soricidae,United States,"Camp Hill, Auburn, Alabama (latitude 32.82, longitude −85.65)",2021,2021,2021,Camp Hill virus (CHV),Paramyxoviridae,Sequencing,Heart,4,0
39983689-005,Natural direct detection,Viral RNA sequence-read screening — negative,No,Negative,S0054,Blarina brevicauda,Soricidae,United States,"Camp Hill, Auburn, Alabama (latitude 32.82, longitude −85.65)",2021,2021,2021,Camp Hill virus (CHV),Paramyxoviridae,Sequencing,Liver,4,0
39983689-006,Natural direct detection,Viral RNA sequence-read screening — negative,No,Negative,S0054,Blarina brevicauda,Soricidae,United States,"Camp Hill, Auburn, Alabama (latitude 32.82, longitude −85.65)",2021,2021,2021,Camp Hill virus (CHV),Paramyxoviridae,Sequencing,Brain,4,0
39983689-007,Natural direct detection,Viral RNA sequence-read detection,Yes,Positive,S0054,Blarina brevicauda,Soricidae,United States,"Camp Hill, Auburn, Alabama (latitude 32.82, longitude −85.65)",2021,2021,2021,Camp Ripley virus,Hantaviridae,Sequencing,"Skin, heart, kidney, liver and brain",4,4
40033356-002,Pooled sequencing,Pooled metatranscriptomic sequence detection,No,Positive,S0055,Soricidae spp.,Soricidae,China,"Hubei Province; new 2021 sampling across Huangshi, Jingmen, Jingzhou, Shiyan, Xianning, Xiangyang and Yichang; public data also from Jingmen and Yichang","2014, 2016–2017 and March–December 2021",2014,2021,Astroviridae contigs,Astroviridae,Metagenomic / pooled sequencing,"Pooled internal organs; the 2016–2017 data also included intestine and feces, and 2014 data used pooled pharyngeal and anal swabs",,
40033356-003,Pooled sequencing,Pooled metatranscriptomic sequence detection,No,Positive,S0055,Soricidae spp.,Soricidae,China,"Hubei Province; new 2021 sampling across Huangshi, Jingmen, Jingzhou, Shiyan, Xianning, Xiangyang and Yichang; public data also from Jingmen and Yichang","2014, 2016–2017 and March–December 2021",2014,2021,Caliciviridae contigs,Caliciviridae,Metagenomic / pooled sequencing,"Pooled internal organs; the 2016–2017 data also included intestine and feces, and 2014 data used pooled pharyngeal and anal swabs",,
40033356-004,Pooled sequencing,Pooled metatranscriptomic sequence detection,No,Positive,S0055,Soricidae spp.,Soricidae,China,"Hubei Province; new 2021 sampling across Huangshi, Jingmen, Jingzhou, Shiyan, Xianning, Xiangyang and Yichang; public data also from Jingmen and Yichang","2014, 2016–2017 and March–December 2021",2014,2021,Arteriviridae contigs,Arteriviridae,Metagenomic / pooled sequencing,"Pooled internal organs; the 2016–2017 data also included intestine and feces, and 2014 data used pooled pharyngeal and anal swabs",,
40033356-005,Pooled sequencing,Pooled metatranscriptomic sequence detection,No,Positive,S0055,Soricidae spp.,Soricidae,China,"Hubei Province; new 2021 sampling across Huangshi, Jingmen, Jingzhou, Shiyan, Xianning, Xiangyang and Yichang; public data also from Jingmen and Yichang","2014, 2016–2017 and March–December 2021",2014,2021,Chuviridae contigs,Chuviridae,Metagenomic / pooled sequencing,"Pooled internal organs; the 2016–2017 data also included intestine and feces, and 2014 data used pooled pharyngeal and anal swabs",,
40033356-006,Pooled sequencing,Pooled metatranscriptomic sequence detection,No,Positive,S0055,Soricidae spp.,Soricidae,China,"Hubei Province; new 2021 sampling across Huangshi, Jingmen, Jingzhou, Shiyan, Xianning, Xiangyang and Yichang; public data also from Jingmen and Yichang","2014, 2016–2017 and March–December 2021",2014,2021,"Flaviviridae, shrew-derived Pestivirus sequences",Pestiviridae,Metagenomic / pooled sequencing,"Pooled internal organs; the 2016–2017 data also included intestine and feces, and 2014 data used pooled pharyngeal and anal swabs",,
40033356-007,Pooled sequencing,Pooled metatranscriptomic sequence detection,No,Positive,S0055,Soricidae spp.,Soricidae,China,"Hubei Province; new 2021 sampling across Huangshi, Jingmen, Jingzhou, Shiyan, Xianning, Xiangyang and Yichang; public data also from Jingmen and Yichang","2014, 2016–2017 and March–December 2021",2014,2021,Dicistroviridae contigs,Dicistroviridae,Metagenomic / pooled sequencing,"Pooled internal organs; the 2016–2017 data also included intestine and feces, and 2014 data used pooled pharyngeal and anal swabs",,
40033356-008,Pooled sequencing,Pooled metatranscriptomic sequence detection,No,Positive,S0055,Soricidae spp.,Soricidae,China,"Hubei Province; new 2021 sampling across Huangshi, Jingmen, Jingzhou, Shiyan, Xianning, Xiangyang and Yichang; public data also from Jingmen and Yichang","2014, 2016–2017 and March–December 2021",2014,2021,Hantaviridae contigs,Hantaviridae,Metagenomic / pooled sequencing,"Pooled internal organs; the 2016–2017 data also included intestine and feces, and 2014 data used pooled pharyngeal and anal swabs",,
40033356-009,Pooled sequencing,Pooled metatranscriptomic sequence detection,No,Positive,S0055,Soricidae spp.,Soricidae,China,"Hubei Province; new 2021 sampling across Huangshi, Jingmen, Jingzhou, Shiyan, Xianning, Xiangyang and Yichang; public data also from Jingmen and Yichang","2014, 2016–2017 and March–December 2021",2014,2021,Hepeviridae contigs,Hepeviridae,Metagenomic / pooled sequencing,"Pooled internal organs; the 2016–2017 data also included intestine and feces, and 2014 data used pooled pharyngeal and anal swabs",,
40033356-010,Pooled sequencing,Pooled metatranscriptomic sequence detection,No,Positive,S0055,Soricidae spp.,Soricidae,China,"Hubei Province; new 2021 sampling across Huangshi, Jingmen, Jingzhou, Shiyan, Xianning, Xiangyang and Yichang; public data also from Jingmen and Yichang","2014, 2016–2017 and March–December 2021",2014,2021,Spinareoviridae contigs,Spinareoviridae,Metagenomic / pooled sequencing,"Pooled internal organs; the 2016–2017 data also included intestine and feces, and 2014 data used pooled pharyngeal and anal swabs",,
40033356-011,Pooled sequencing,Pooled metatranscriptomic sequence detection,No,Positive,S0055,Soricidae spp.,Soricidae,China,"Hubei Province; new 2021 sampling across Huangshi, Jingmen, Jingzhou, Shiyan, Xianning, Xiangyang and Yichang; public data also from Jingmen and Yichang","2014, 2016–2017 and March–December 2021",2014,2021,Sedoreoviridae contigs,Sedoreoviridae,Metagenomic / pooled sequencing,"Pooled internal organs; the 2016–2017 data also included intestine and feces, and 2014 data used pooled pharyngeal and anal swabs",,
40033356-012,Pooled sequencing,Pooled metatranscriptomic sequence detection,No,Positive,S0055,Soricidae spp.,Soricidae,China,"Hubei Province; new 2021 sampling across Huangshi, Jingmen, Jingzhou, Shiyan, Xianning, Xiangyang and Yichang; public data also from Jingmen and Yichang","2014, 2016–2017 and March–December 2021",2014,2021,Nodaviridae sequences related to Nodamura virus,Nodaviridae,Metagenomic / pooled sequencing,"Pooled internal organs; the 2016–2017 data also included intestine and feces, and 2014 data used pooled pharyngeal and anal swabs",,
40033356-013,Pooled sequencing,Pooled metatranscriptomic sequence detection,No,Positive,S0055,Soricidae spp.,Soricidae,China,"Hubei Province; new 2021 sampling across Huangshi, Jingmen, Jingzhou, Shiyan, Xianning, Xiangyang and Yichang; public data also from Jingmen and Yichang","2014, 2016–2017 and March–December 2021",2014,2021,Nodaviridae sequences related to Pariacoto virus,Nodaviridae,Metagenomic / pooled sequencing,"Pooled internal organs; the 2016–2017 data also included intestine and feces, and 2014 data used pooled pharyngeal and anal swabs",,
40033356-014,Pooled sequencing,Pooled metatranscriptomic sequence detection,No,Positive,S0055,Soricidae spp.,Soricidae,China,"Hubei Province; new 2021 sampling across Huangshi, Jingmen, Jingzhou, Shiyan, Xianning, Xiangyang and Yichang; public data also from Jingmen and Yichang","2014, 2016–2017 and March–December 2021",2014,2021,Highly divergent Nodaviridae clade,Nodaviridae,Metagenomic / pooled sequencing,"Pooled internal organs; the 2016–2017 data also included intestine and feces, and 2014 data used pooled pharyngeal and anal swabs",,
40033356-015,Pooled sequencing,Pooled metatranscriptomic sequence detection,No,Positive,S0055,Soricidae spp.,Soricidae,China,"Hubei Province; new 2021 sampling across Huangshi, Jingmen, Jingzhou, Shiyan, Xianning, Xiangyang and Yichang; public data also from Jingmen and Yichang","2014, 2016–2017 and March–December 2021",2014,2021,Shrew-derived Parahenipavirus contigs,Paramyxoviridae,Metagenomic / pooled sequencing,"Pooled internal organs; the 2016–2017 data also included intestine and feces, and 2014 data used pooled pharyngeal and anal swabs",,
40033356-016,Pooled sequencing,Pooled metatranscriptomic sequence detection,No,Positive,S0055,Soricidae spp.,Soricidae,China,"Hubei Province; new 2021 sampling across Huangshi, Jingmen, Jingzhou, Shiyan, Xianning, Xiangyang and Yichang; public data also from Jingmen and Yichang","2014, 2016–2017 and March–December 2021",2014,2021,Phenuiviridae contigs,Phenuiviridae,Metagenomic / pooled sequencing,"Pooled internal organs; the 2016–2017 data also included intestine and feces, and 2014 data used pooled pharyngeal and anal swabs",,
40033356-017,Pooled sequencing,Pooled metatranscriptomic sequence detection,No,Positive,S0055,Soricidae spp.,Soricidae,China,"Hubei Province; new 2021 sampling across Huangshi, Jingmen, Jingzhou, Shiyan, Xianning, Xiangyang and Yichang; public data also from Jingmen and Yichang","2014, 2016–2017 and March–December 2021",2014,2021,Rhabdoviridae contigs,Rhabdoviridae,Metagenomic / pooled sequencing,"Pooled internal organs; the 2016–2017 data also included intestine and feces, and 2014 data used pooled pharyngeal and anal swabs",,
40033356-018,Pooled sequencing,Pooled metatranscriptomic sequence detection,No,Positive,S0055,Soricidae spp.,Soricidae,China,"Hubei Province; new 2021 sampling across Huangshi, Jingmen, Jingzhou, Shiyan, Xianning, Xiangyang and Yichang; public data also from Jingmen and Yichang","2014, 2016–2017 and March–December 2021",2014,2021,Novel Yichang-shrew Orthonairovirus contig,Nairoviridae,Metagenomic / pooled sequencing,"Pooled internal organs; the 2016–2017 data also included intestine and feces, and 2014 data used pooled pharyngeal and anal swabs",,
40033356-019,Pooled sequencing,Pooled metatranscriptomic sequence detection,No,Positive,S0055,Soricidae spp.,Soricidae,China,"Hubei Province; new 2021 sampling across Huangshi, Jingmen, Jingzhou, Shiyan, Xianning, Xiangyang and Yichang; public data also from Jingmen and Yichang","2014, 2016–2017 and March–December 2021",2014,2021,Qinviridae contigs,Qinviridae,Metagenomic / pooled sequencing,"Pooled internal organs; the 2016–2017 data also included intestine and feces, and 2014 data used pooled pharyngeal and anal swabs",,
40033356-020,Pooled sequencing,Pooled metatranscriptomic sequence characterization,No,Positive,S0055,Soricidae spp.,Soricidae,China,"Yichang, Hubei Province",2016–2017,2016,2017,Yichang Shrews chu-like virus/2016/2017 9,Chuviridae,Metagenomic / pooled sequencing,"Pooled internal organs; the 2016–2017 data also included intestine and feces, and 2014 data used pooled pharyngeal and anal swabs",,
40033356-021,Pooled sequencing,Pooled metatranscriptomic sequence characterization,No,Positive,S0055,Soricidae spp.,Soricidae,China,"Yichang, Hubei Province",2016–2017,2016,2017,Yichang Shrews chu-like virus/2016/2017 3,Chuviridae,Metagenomic / pooled sequencing,"Pooled internal organs; the 2016–2017 data also included intestine and feces, and 2014 data used pooled pharyngeal and anal swabs",,
40033356-022,Pooled sequencing,Pooled metatranscriptomic sequence characterization,No,Positive,S0055,Soricidae spp.,Soricidae,China,"Yichang, Hubei Province",2016–2017,2016,2017,Yichang Shrews dicistro-like virus/2016/2017 8,Dicistroviridae,Metagenomic / pooled sequencing,"Pooled internal organs; the 2016–2017 data also included intestine and feces, and 2014 data used pooled pharyngeal and anal swabs",,
40033356-023,Pooled sequencing,Pooled metatranscriptomic sequence characterization,No,Positive,S0055,Soricidae spp.,Soricidae,China,"Yichang, Hubei Province",2016–2017,2016,2017,Yichang Shrews picorna-like virus/2016/2017 11,Picornaviridae,Metagenomic / pooled sequencing,"Pooled internal organs; the 2016–2017 data also included intestine and feces, and 2014 data used pooled pharyngeal and anal swabs",,
40033356-024,Pooled sequencing,Pooled metatranscriptomic sequence characterization,No,Positive,S0055,Soricidae spp.,Soricidae,China,"Yichang, Hubei Province",2016–2017,2016,2017,Yichang Shrews picorna-like virus/2016/2017 29,Picornaviridae,Metagenomic / pooled sequencing,"Pooled internal organs; the 2016–2017 data also included intestine and feces, and 2014 data used pooled pharyngeal and anal swabs",,
40033356-025,Pooled sequencing,Pooled metatranscriptomic sequence characterization,No,Positive,S0055,Soricidae spp.,Soricidae,China,Hubei Province,"2014, 2016–2017 or 2021; exact dataset not stated for this sequence",2014,2021,Novel shrew hepatitis E virus clade,Hepeviridae,Metagenomic / pooled sequencing,"Pooled internal organs; the 2016–2017 data also included intestine and feces, and 2014 data used pooled pharyngeal and anal swabs",,
40033356-026,Pooled sequencing,Pooled metatranscriptomic sequence characterization,No,Positive,S0055,Soricidae spp.,Soricidae,China,"Yichang and/or Jingzhou, Hubei Province","2014, 2016–2017 or 2021; exact dataset not stated for this sequence",2014,2021,Shrew Henipavirus strains from Yichang and Jingzhou,Paramyxoviridae,Metagenomic / pooled sequencing,"Pooled internal organs; the 2016–2017 data also included intestine and feces, and 2014 data used pooled pharyngeal and anal swabs",,
40033356-027,Pooled sequencing,Pooled metatranscriptomic sequence characterization,No,Positive,S0055,Soricidae spp.,Soricidae,China,Hubei Province,"2014, 2016–2017 or 2021; exact dataset not stated for this sequence",2014,2021,Unique shrew Rhabdoviridae strain,Rhabdoviridae,Metagenomic / pooled sequencing,"Pooled internal organs; the 2016–2017 data also included intestine and feces, and 2014 data used pooled pharyngeal and anal swabs",,
40102882-002,Pooled sequencing,Pooled fecal metaviromic sequence detection,No,Positive,S0056,Crocidura fuliginosa,Soricidae,China,"Xishuangbanna Dai Autonomous Prefecture, Yunnan Province",2021–2023,2021,2023,Hepeviridae-related contigs,Hepeviridae,Metagenomic / pooled sequencing,Faeces,,
40102882-003,Pooled sequencing,Pooled fecal metaviromic sequence detection,No,Positive,S0056,Anourosorex squamipes,Soricidae,China,"Xishuangbanna Dai Autonomous Prefecture, Yunnan Province",2021–2023,2021,2023,Hepeviridae-related contigs,Hepeviridae,Metagenomic / pooled sequencing,Faeces,,
40102882-004,Pooled sequencing,Pooled fecal metaviromic sequence detection,No,Positive,S0056,Crocidura fuliginosa,Soricidae,China,"Xishuangbanna Dai Autonomous Prefecture, Yunnan Province",2021–2023,2021,2023,Flaviviridae-related contigs,Flaviviridae,Metagenomic / pooled sequencing,Faeces,,
40102882-005,Pooled sequencing,Pooled fecal metaviromic sequence detection,No,Positive,S0056,Hylomys suillus,Erinaceidae,China,"Xishuangbanna Dai Autonomous Prefecture, Yunnan Province",2021–2023,2021,2023,Flaviviridae-related contigs,Flaviviridae,Metagenomic / pooled sequencing,Faeces,,
40102882-006,Pooled sequencing,Pooled fecal metaviromic sequence detection,No,Positive,S0056,Soricidae spp.; Echinosorex gymnura,Soricidae; Erinaceidae,China,"Xishuangbanna Dai Autonomous Prefecture, Yunnan Province",2021–2023,2021,2023,Astroviridae contigs,Astroviridae,Metagenomic / pooled sequencing,Faeces,,
40102882-007,Pooled sequencing,Pooled fecal metaviromic sequence detection,No,Positive,S0056,Hylomys suillus,Erinaceidae,China,"Xishuangbanna Dai Autonomous Prefecture, Yunnan Province",2021–2023,2021,2023,Picornaviridae contig MHC47-52.k141 9135,Picornaviridae,Metagenomic / pooled sequencing,Faeces,,
40102882-008,Pooled sequencing,Pooled fecal metaviromic sequence detection,No,Positive,S0056,Soricidae spp.; Echinosorex gymnura,Soricidae; Erinaceidae,China,"Xishuangbanna Dai Autonomous Prefecture, Yunnan Province",2021–2023,2021,2023,Picobirnaviridae contigs,Picobirnaviridae,Metagenomic / pooled sequencing,Faeces,,
40102882-009,Pooled sequencing,Pooled fecal metaviromic sequence detection,No,Positive,S0056,Soricidae spp.; Echinosorex gymnura,Soricidae; Erinaceidae,China,"Xishuangbanna Dai Autonomous Prefecture, Yunnan Province",2021–2023,2021,2023,Paramyxoviridae-related contigs,Paramyxoviridae,Metagenomic / pooled sequencing,Faeces,,
40102882-010,Pooled sequencing,Pooled fecal metaviromic sequence detection,No,Positive,S0056,Soricidae spp.; Echinosorex gymnura,Soricidae; Erinaceidae,China,"Xishuangbanna Dai Autonomous Prefecture, Yunnan Province",2021–2023,2021,2023,Poxviridae-related contigs including Entomopoxvirus vOTUs,Poxviridae,Metagenomic / pooled sequencing,Faeces,,
40212663-001,Natural direct detection,Sequence-confirmed direct viral RNA detection,Yes,Positive,S0057,Crocidura lasiura,Soricidae,Republic of Korea,"Gyeonggi, Gangwon, Chungcheongnam and Jeollanam Provinces",2023,2023,2023,Parahenipavirus RNA,Paramyxoviridae,PCR + sequencing,Kidney tissue,24,15
40212663-002,Natural direct detection,Sequence-confirmed direct viral RNA detection,Yes,Positive,S0057,Crocidura lasiura,Soricidae,Republic of Korea,"Gyeonggi, Gangwon, Chungcheongnam and Jeollanam Provinces",2023,2023,2023,Lángyá virus,Paramyxoviridae,PCR + sequencing,Kidney tissue,24,3
40212663-003,Natural direct detection,Sequence-confirmed direct viral RNA detection,Yes,Positive,S0057,Crocidura lasiura,Soricidae,Republic of Korea,"Gyeonggi, Gangwon, Chungcheongnam and Jeollanam Provinces",2023,2023,2023,Gamak virus,Paramyxoviridae,PCR + sequencing,Kidney tissue,24,12
40212663-004,Natural direct detection,Sequence-confirmed direct viral RNA detection,No,Positive,S0057,Crocidura lasiura,Soricidae,Republic of Korea,"Gyeonggi, Gangwon, Chungcheongnam and Jeollanam Provinces",2023,2023,2023,Parahenipavirus RNA,Paramyxoviridae,PCR + sequencing,Kidney tissue,13,10
40212663-005,Natural direct detection,Sequence-confirmed direct viral RNA detection,No,Positive,S0057,Crocidura lasiura,Soricidae,Republic of Korea,"Gyeonggi, Gangwon, Chungcheongnam and Jeollanam Provinces",2023,2023,2023,Parahenipavirus RNA,Paramyxoviridae,PCR + sequencing,Kidney tissue,11,5
40212663-006,Natural direct detection,Sequence-confirmed direct viral RNA detection,No,Negative,S0057,Crocidura lasiura,Soricidae,Republic of Korea,"Gyeonggi, Gangwon, Chungcheongnam and Jeollanam Provinces",2023,2023,2023,Parahenipavirus RNA,Paramyxoviridae,PCR + sequencing,Kidney tissue,4,0
40212663-007,Natural direct detection,Sequence-confirmed direct viral RNA detection,No,Positive,S0057,Crocidura lasiura,Soricidae,Republic of Korea,"Gyeonggi, Gangwon, Chungcheongnam and Jeollanam Provinces",2023,2023,2023,Parahenipavirus RNA,Paramyxoviridae,PCR + sequencing,Kidney tissue,20,15
40212663-008,Natural direct detection,Sequence-confirmed direct viral RNA detection,No,Positive,S0057,Crocidura lasiura,Soricidae,Republic of Korea,"Gyeonggi, Republic of Korea",2023,2023,2023,Parahenipavirus RNA,Paramyxoviridae,PCR + sequencing,Kidney tissue,14,10
40212663-009,Natural direct detection,Sequence-confirmed direct viral RNA detection,No,Positive,S0057,Crocidura lasiura,Soricidae,Republic of Korea,"Gangwon, Republic of Korea",2023,2023,2023,Parahenipavirus RNA,Paramyxoviridae,PCR + sequencing,Kidney tissue,2,1
40212663-010,Natural direct detection,Sequence-confirmed direct viral RNA detection,No,Negative,S0057,Crocidura lasiura,Soricidae,Republic of Korea,"Chungcheongnam, Republic of Korea",2023,2023,2023,Parahenipavirus RNA,Paramyxoviridae,PCR + sequencing,Kidney tissue,2,0
40212663-011,Natural direct detection,Sequence-confirmed direct viral RNA detection,No,Positive,S0057,Crocidura lasiura,Soricidae,Republic of Korea,"Jeollanam, Republic of Korea",2023,2023,2023,Parahenipavirus RNA,Paramyxoviridae,PCR + sequencing,Kidney tissue,6,4
40212663-012,Natural direct detection,Complete viral genome sequence,No,Positive,S0057,Crocidura lasiura,Soricidae,Republic of Korea,"Gyeonggi, Gangwon, Chungcheongnam and Jeollanam Provinces",2017,2017,2017,Lángyá virus,Paramyxoviridae,PCR + sequencing,Kidney tissue,2,2
40212663-013,Natural direct detection,Complete viral genome sequence,No,Positive,S0057,Crocidura lasiura,Soricidae,Republic of Korea,"Gyeonggi, Gangwon, Chungcheongnam and Jeollanam Provinces",2017 and 2023,2017,2023,Lángyá virus,Paramyxoviridae,PCR + sequencing,Kidney tissue,5,5
40303134-001,Pooled sequencing,Cell-free DNA metagenomic detection,No,Positive,S0058,Erinaceus europaeus,Erinaceidae,Belgium,"Geraardsbergen, Flanders, Belgium",June 2021,2021,2021,Novel hedgehog-associated circovirus,Circoviridae,Metagenomic / pooled sequencing,Plasma cell-free DNA,6,4
40303134-002,Natural direct detection,PCR- and Sanger-confirmed viral DNA detection,No,Positive,S0058,Erinaceus europaeus,Erinaceidae,Belgium,"Geraardsbergen, Flanders, Belgium",June 2021,2021,2021,Novel hedgehog-associated circovirus,Circoviridae,PCR + sequencing,Liver,6,6
40303134-003,Natural direct detection,Direct viral DNA detection,Yes,Positive,S0058,Erinaceus europaeus,Erinaceidae,Belgium,"Western Belgium; rescue centres in Geraardsbergen, Merelbeke and Oostende",Not reported,,,Novel hedgehog-associated circovirus,Circoviridae,PCR / RT-PCR,Liver,188,110
40303134-004,Natural direct detection,Direct viral DNA detection,No,Positive,S0058,Erinaceus europaeus,Erinaceidae,Belgium,"Western Belgium; rescue centres in Geraardsbergen, Merelbeke and Oostende",Not reported,,,Novel hedgehog-associated circovirus,Circoviridae,PCR / RT-PCR,Liver,90,
40303134-005,Natural direct detection,Direct viral DNA detection,No,Positive,S0058,Erinaceus europaeus,Erinaceidae,Belgium,"Western Belgium; rescue centres in Geraardsbergen, Merelbeke and Oostende",Not reported,,,Novel hedgehog-associated circovirus,Circoviridae,PCR / RT-PCR,Liver,98,
40375974-001,Experimental evidence,Experimental infection,No,Positive,S0059,Crocidura russula,Soricidae,Germany,Animal facility of Philipps-University Marburg,Not reported,,,Borna disease virus 1,Bornaviridae,Experimental infection,"Multiple organs, tissues, blood, oral swabs, skin swabs and feces",15,12
40375974-002,Experimental evidence,Experimental infection,No,Negative,S0059,Crocidura russula,Soricidae,Germany,Animal facility of Philipps-University Marburg,Not reported,,,Borna disease virus 1,Bornaviridae,Experimental infection,Multiple organs and tissues at necropsy; serial serum/swabs/feces,3,0
40375974-003,Experimental evidence,Experimental infection,No,Positive,S0059,Crocidura russula,Soricidae,Germany,Animal facility of Philipps-University Marburg,Not reported,,,Borna disease virus 1,Bornaviridae,Experimental infection,Multiple organs and tissues at necropsy; serial serum/swabs/feces,3,3
40375974-004,Experimental evidence,Experimental infection,No,Positive,S0059,Crocidura russula,Soricidae,Germany,Animal facility of Philipps-University Marburg,Not reported,,,Borna disease virus 1,Bornaviridae,Experimental infection,Multiple organs and tissues at necropsy; serial serum/swabs/feces,3,3
40375974-005,Experimental evidence,Experimental infection,No,Positive,S0059,Crocidura russula,Soricidae,Germany,Animal facility of Philipps-University Marburg,Not reported,,,Borna disease virus 1,Bornaviridae,Experimental infection,Multiple organs and tissues at necropsy; serial serum/swabs/feces,3,3
40375974-006,Experimental evidence,Experimental infection,No,Positive,S0059,Crocidura russula,Soricidae,Germany,Animal facility of Philipps-University Marburg,Not reported,,,Borna disease virus 1,Bornaviridae,Experimental infection,Multiple organs and tissues at necropsy; serial serum/swabs/feces,3,3
40375974-007,Experimental evidence,Experimental viral RNA shedding,No,Positive,S0059,Crocidura russula,Soricidae,Germany,Animal facility of Philipps-University Marburg,41 dpi,,,Borna disease virus 1,Bornaviridae,Experimental infection,Skin swab,2,1
40375974-008,Experimental evidence,Experimental viral RNA shedding,No,Positive,S0059,Crocidura russula,Soricidae,Germany,Animal facility of Philipps-University Marburg,35 dpi,,,Borna disease virus 1,Bornaviridae,Experimental infection,Skin swab,3,1
40375974-009,Experimental evidence,Experimental viral RNA shedding,No,Positive,S0059,Crocidura russula,Soricidae,Germany,Animal facility of Philipps-University Marburg,41 dpi,,,Borna disease virus 1,Bornaviridae,Experimental infection,Feces,2,1
40375974-010,Experimental evidence,Experimental shedding of infectious virus,No,Positive,S0059,Crocidura russula,Soricidae,Germany,Animal facility of Philipps-University Marburg,35 dpi,,,Borna disease virus 1,Bornaviridae,Experimental infection,Oral swab,3,2
35632599-001,Natural direct detection,Sequence-confirmed direct viral DNA detection,No,Positive,S0060,Atelerix albiventris,Erinaceidae,Japan,Veterinary clinic in Fukuoka,March 2019 to June 2020,2019,2020,Atelerix albiventris herpesvirus 1 (AAHeV),Orthoherpesviridae,PCR + sequencing,Oral swab,50,2
35632599-002,Natural direct detection,Sequence-confirmed direct viral DNA detection,No,Positive,S0060,Atelerix albiventris,Erinaceidae,Japan,Veterinary clinic in Fukuoka,March 2019 to June 2020,2019,2020,African pygmy hedgehog adenovirus 1 (AhAdV-1),Adenoviridae,PCR + sequencing,Oral swab,50,2
35632599-003,Natural direct detection,Direct viral DNA detection,Yes,Positive,S0060,Atelerix albiventris,Erinaceidae,Japan,Veterinary clinic in Fukuoka,March 2019 to June 2020,2019,2020,Atelerix albiventris herpesvirus 1 (AAHeV),Orthoherpesviridae,PCR + sequencing,Oral swab,150,14
35632599-004,Natural direct detection,Direct viral DNA detection,Yes,Positive,S0060,Atelerix albiventris,Erinaceidae,Japan,Veterinary clinic in Fukuoka,March 2019 to June 2020,2019,2020,African pygmy hedgehog adenovirus 1 (AhAdV-1),Adenoviridae,PCR + sequencing,Oral swab,150,3
35632599-005,Natural direct detection,Direct viral RNA screening — negative,Yes,Negative,S0060,Atelerix albiventris,Erinaceidae,Japan,Veterinary clinic in Fukuoka,March 2019 to June 2020,2019,2020,Coronavirus,Coronaviridae,PCR / RT-PCR,Oral swab,50,0
35632599-006,Natural direct detection,Direct viral DNA detection,No,Positive,S0060,Atelerix albiventris,Erinaceidae,Japan,Veterinary clinic in Fukuoka,March 2019 to June 2020,2019,2020,Atelerix albiventris herpesvirus 1 (AAHeV),Orthoherpesviridae,PCR / RT-PCR,Oral swab,83,8
35632599-007,Natural direct detection,Direct viral DNA detection,No,Negative,S0060,Atelerix albiventris,Erinaceidae,Japan,Veterinary clinic in Fukuoka,March 2019 to June 2020,2019,2020,African pygmy hedgehog adenovirus 1 (AhAdV-1),Adenoviridae,PCR / RT-PCR,Oral swab,83,0
35632599-008,Natural direct detection,Direct viral DNA detection,No,Positive,S0060,Atelerix albiventris,Erinaceidae,Japan,Veterinary clinic in Fukuoka,March 2019 to June 2020,2019,2020,Atelerix albiventris herpesvirus 1 (AAHeV),Orthoherpesviridae,PCR / RT-PCR,Oral swab,59,5
35632599-009,Natural direct detection,Direct viral DNA detection,No,Positive,S0060,Atelerix albiventris,Erinaceidae,Japan,Veterinary clinic in Fukuoka,March 2019 to June 2020,2019,2020,African pygmy hedgehog adenovirus 1 (AhAdV-1),Adenoviridae,PCR / RT-PCR,Oral swab,59,2
35632599-010,Natural direct detection,Direct viral DNA detection,No,Positive,S0060,Atelerix albiventris,Erinaceidae,Japan,Veterinary clinic in Fukuoka,March 2019 to June 2020,2019,2020,Atelerix albiventris herpesvirus 1 (AAHeV),Orthoherpesviridae,PCR / RT-PCR,Oral swab,13,1
35632599-011,Natural direct detection,Direct viral DNA detection,No,Positive,S0060,Atelerix albiventris,Erinaceidae,Japan,Veterinary clinic in Fukuoka,March 2019 to June 2020,2019,2020,African pygmy hedgehog adenovirus 1 (AhAdV-1),Adenoviridae,PCR / RT-PCR,Oral swab,13,2
35632599-012,Natural direct detection,Direct viral DNA detection,No,Positive,S0060,Atelerix albiventris,Erinaceidae,Japan,Veterinary clinic in Fukuoka,March 2019 to June 2020,2019,2020,Atelerix albiventris herpesvirus 1 (AAHeV),Orthoherpesviridae,PCR / RT-PCR,Oral swab,131,13
35632599-013,Natural direct detection,Direct viral DNA detection,No,Positive,S0060,Atelerix albiventris,Erinaceidae,Japan,Veterinary clinic in Fukuoka,March 2019 to June 2020,2019,2020,African pygmy hedgehog adenovirus 1 (AhAdV-1),Adenoviridae,PCR / RT-PCR,Oral swab,131,1
35632599-014,Natural direct detection,Direct viral DNA detection,No,Positive,S0060,Atelerix albiventris,Erinaceidae,Japan,Veterinary clinic in Fukuoka,March 2019 to June 2020,2019,2020,Atelerix albiventris herpesvirus 1 (AAHeV),Orthoherpesviridae,PCR / RT-PCR,Oral swab,27,6
35632599-015,Natural direct detection,Direct viral DNA detection,No,Negative,S0060,Atelerix albiventris,Erinaceidae,Japan,Veterinary clinic in Fukuoka,March 2019 to June 2020,2019,2020,African pygmy hedgehog adenovirus 1 (AhAdV-1),Adenoviridae,PCR / RT-PCR,Oral swab,27,0
35632599-016,Natural direct detection,Direct viral DNA detection,No,Positive,S0060,Atelerix albiventris,Erinaceidae,Japan,Veterinary clinic in Fukuoka,March 2019 to June 2020,2019,2020,Atelerix albiventris herpesvirus 1 (AAHeV),Orthoherpesviridae,PCR / RT-PCR,Oral swab,122,8
35632599-017,Natural direct detection,Direct viral DNA detection,No,Positive,S0060,Atelerix albiventris,Erinaceidae,Japan,Veterinary clinic in Fukuoka,March 2019 to June 2020,2019,2020,African pygmy hedgehog adenovirus 1 (AhAdV-1),Adenoviridae,PCR / RT-PCR,Oral swab,122,3
35632599-018,Natural direct detection,Direct viral DNA detection,No,Negative,S0060,Atelerix albiventris,Erinaceidae,Japan,Veterinary clinic in Fukuoka,March 2019 to June 2020,2019,2020,Atelerix albiventris herpesvirus 1 (AAHeV),Orthoherpesviridae,PCR / RT-PCR,Oral swab,49,0
35632599-019,Natural direct detection,Direct viral DNA detection,No,Positive,S0060,Atelerix albiventris,Erinaceidae,Japan,Veterinary clinic in Fukuoka,March 2019 to June 2020,2019,2020,African pygmy hedgehog adenovirus 1 (AhAdV-1),Adenoviridae,PCR / RT-PCR,Oral swab,49,1
35632599-020,Natural direct detection,Direct viral DNA detection,No,Positive,S0060,Atelerix albiventris,Erinaceidae,Japan,Veterinary clinic in Fukuoka,March 2019 to June 2020,2019,2020,Atelerix albiventris herpesvirus 1 (AAHeV),Orthoherpesviridae,PCR / RT-PCR,Oral swab,100,14
35632599-021,Natural direct detection,Direct viral DNA detection,No,Positive,S0060,Atelerix albiventris,Erinaceidae,Japan,Veterinary clinic in Fukuoka,March 2019 to June 2020,2019,2020,African pygmy hedgehog adenovirus 1 (AhAdV-1),Adenoviridae,PCR / RT-PCR,Oral swab,100,2
35632599-022,Natural direct detection,Direct viral DNA detection,No,Positive,S0060,Atelerix albiventris,Erinaceidae,Japan,Veterinary clinic in Fukuoka,March 2019 to June 2020,2019,2020,Atelerix albiventris herpesvirus 1 (AAHeV),Orthoherpesviridae,PCR / RT-PCR,Oral swab,9,1
35632599-023,Natural direct detection,Direct viral DNA detection,No,Positive,S0060,Atelerix albiventris,Erinaceidae,Japan,Veterinary clinic in Fukuoka,March 2019 to June 2020,2019,2020,African pygmy hedgehog adenovirus 1 (AhAdV-1),Adenoviridae,PCR / RT-PCR,Oral swab,9,1
35632599-024,Natural direct detection,Direct viral DNA detection,No,Positive,S0060,Atelerix albiventris,Erinaceidae,Japan,Veterinary clinic in Fukuoka,March 2019 to June 2020,2019,2020,Atelerix albiventris herpesvirus 1 (AAHeV),Orthoherpesviridae,PCR / RT-PCR,Oral swab,140,13
35632599-025,Natural direct detection,Direct viral DNA detection,No,Positive,S0060,Atelerix albiventris,Erinaceidae,Japan,Veterinary clinic in Fukuoka,March 2019 to June 2020,2019,2020,African pygmy hedgehog adenovirus 1 (AhAdV-1),Adenoviridae,PCR / RT-PCR,Oral swab,140,2
35632599-026,Natural direct detection,Direct viral DNA detection,No,Positive,S0060,Atelerix albiventris,Erinaceidae,Japan,Veterinary clinic in Fukuoka,March 2019 to June 2020,2019,2020,Atelerix albiventris herpesvirus 1 (AAHeV),Orthoherpesviridae,PCR / RT-PCR,Oral swab,17,2
35632599-027,Natural direct detection,Direct viral DNA detection,No,Positive,S0060,Atelerix albiventris,Erinaceidae,Japan,Veterinary clinic in Fukuoka,March 2019 to June 2020,2019,2020,African pygmy hedgehog adenovirus 1 (AhAdV-1),Adenoviridae,PCR / RT-PCR,Oral swab,17,1
35632599-028,Natural direct detection,Direct viral DNA detection,No,Positive,S0060,Atelerix albiventris,Erinaceidae,Japan,Veterinary clinic in Fukuoka,March 2019 to June 2020,2019,2020,Atelerix albiventris herpesvirus 1 (AAHeV),Orthoherpesviridae,PCR / RT-PCR,Oral swab,131,12
35632599-029,Natural direct detection,Direct viral DNA detection,No,Positive,S0060,Atelerix albiventris,Erinaceidae,Japan,Veterinary clinic in Fukuoka,March 2019 to June 2020,2019,2020,African pygmy hedgehog adenovirus 1 (AhAdV-1),Adenoviridae,PCR / RT-PCR,Oral swab,131,2
35632599-030,Natural direct detection,Direct viral DNA detection,No,Positive,S0060,Atelerix albiventris,Erinaceidae,Japan,Veterinary clinic in Fukuoka,March 2019 to June 2020,2019,2020,Atelerix albiventris herpesvirus 1 (AAHeV),Orthoherpesviridae,PCR / RT-PCR,Oral swab,33,3
35632599-031,Natural direct detection,Direct viral DNA detection,No,Negative,S0060,Atelerix albiventris,Erinaceidae,Japan,Veterinary clinic in Fukuoka,March 2019 to June 2020,2019,2020,African pygmy hedgehog adenovirus 1 (AhAdV-1),Adenoviridae,PCR / RT-PCR,Oral swab,33,0
35632599-032,Natural direct detection,Direct viral DNA detection,No,Positive,S0060,Atelerix albiventris,Erinaceidae,Japan,Veterinary clinic in Fukuoka,March 2019 to June 2020,2019,2020,Atelerix albiventris herpesvirus 1 (AAHeV),Orthoherpesviridae,PCR / RT-PCR,Oral swab,117,11
35632599-033,Natural direct detection,Direct viral DNA detection,No,Positive,S0060,Atelerix albiventris,Erinaceidae,Japan,Veterinary clinic in Fukuoka,March 2019 to June 2020,2019,2020,African pygmy hedgehog adenovirus 1 (AhAdV-1),Adenoviridae,PCR / RT-PCR,Oral swab,117,3
35632599-034,Natural direct detection,Direct viral DNA detection,No,Positive,S0060,Atelerix albiventris,Erinaceidae,Japan,Veterinary clinic in Fukuoka,March 2019 to June 2020,2019,2020,Atelerix albiventris herpesvirus 1 (AAHeV),Orthoherpesviridae,PCR / RT-PCR,Oral swab,40,4
35632599-035,Natural direct detection,Direct viral DNA detection,No,Positive,S0060,Atelerix albiventris,Erinaceidae,Japan,Veterinary clinic in Fukuoka,March 2019 to June 2020,2019,2020,African pygmy hedgehog adenovirus 1 (AhAdV-1),Adenoviridae,PCR / RT-PCR,Oral swab,40,1
35632599-036,Natural direct detection,Direct viral DNA detection,No,Positive,S0060,Atelerix albiventris,Erinaceidae,Japan,Veterinary clinic in Fukuoka,March 2019 to June 2020,2019,2020,Atelerix albiventris herpesvirus 1 (AAHeV),Orthoherpesviridae,PCR / RT-PCR,Oral swab,109,10
35632599-037,Natural direct detection,Direct viral DNA detection,No,Positive,S0060,Atelerix albiventris,Erinaceidae,Japan,Veterinary clinic in Fukuoka,March 2019 to June 2020,2019,2020,African pygmy hedgehog adenovirus 1 (AhAdV-1),Adenoviridae,PCR / RT-PCR,Oral swab,109,2
35854826-001,Natural direct detection,Direct viral RNA detection,Yes,Positive,S0061,Crocidura grandiceps,Soricidae,Guinea,"Near Guéckédou, Nzérékoré Region",Not reported,,,Paramyxovirus; the positive was characterized as melian virus,Paramyxoviridae,PCR + sequencing,Kidney tissue,3,1
35854826-002,Natural direct detection,Direct viral RNA detection,Yes,Positive,S0061,Crocidura russula,Soricidae,Belgium,Not reported,Not reported,,,Paramyxovirus; one positive was characterized as denwin virus,Paramyxoviridae,PCR + sequencing,Kidney tissue,8,3
35854826-003,Natural direct detection,Direct viral RNA screening — negative,Yes,Negative,S0061,Sorex minutus,Soricidae,Belgium,Not reported,Not reported,,,Paramyxovirus,Paramyxoviridae,PCR + sequencing,Kidney tissue,1,0
35854826-004,Natural direct detection,Complete viral genome sequence,No,Positive,S0061,Crocidura grandiceps,Soricidae,Guinea,"Near Guéckédou, Nzérékoré Region",Not reported,,,melian virus,Paramyxoviridae,PCR + sequencing,Kidney tissue,1,1
35854826-005,Natural direct detection,Complete viral genome sequence,No,Positive,S0061,Crocidura russula,Soricidae,Belgium,Not reported,Not reported,,,denwin virus,Paramyxoviridae,PCR + sequencing,Kidney tissue,1,1
36169417-001,Natural direct detection,Sequence-confirmed direct viral RNA detection,Yes,Positive,S0062,Sorex araneus,Soricidae,Czech Republic,Nine localities in the Czech Republic,2017–2020,2017,2020,Seewis virus (SWSV),Hantaviridae,PCR + sequencing,"Available organs including lung, kidney, liver, spleen, brain and heart",4,2
36169417-002,Natural direct detection,Sequence-confirmed direct viral RNA detection,Yes,Positive,S0062,Sorex araneus,Soricidae,Czech Republic,Nine localities in the Czech Republic,2017–2020,2017,2020,Asikkala virus,Hantaviridae,PCR + sequencing,"Available organs including lung, kidney, liver, spleen, brain and heart",4,1
36169417-003,Natural direct detection,Direct viral RNA screening — negative,Yes,Negative,S0062,Sorex minutus,Soricidae,Czech Republic,Nine localities in the Czech Republic,2017–2020,2017,2020,Seewis virus (SWSV),Hantaviridae,PCR + sequencing,"Available organs including lung, kidney, liver, spleen, brain and heart",1,0
36169417-004,Natural direct detection,Direct viral RNA screening — negative,Yes,Negative,S0062,Sorex minutus,Soricidae,Czech Republic,Nine localities in the Czech Republic,2017–2020,2017,2020,Asikkala virus,Hantaviridae,PCR + sequencing,"Available organs including lung, kidney, liver, spleen, brain and heart",1,0
36169417-005,Natural direct detection,Direct viral RNA screening — negative,Yes,Negative,S0062,Crocidura suaveolens,Soricidae,Czech Republic,Nine localities in the Czech Republic,2017–2020,2017,2020,Seewis virus (SWSV),Hantaviridae,PCR + sequencing,"Available organs including lung, kidney, liver, spleen, brain and heart",2,0
36169417-006,Natural direct detection,Direct viral RNA screening — negative,Yes,Negative,S0062,Crocidura suaveolens,Soricidae,Czech Republic,Nine localities in the Czech Republic,2017–2020,2017,2020,Asikkala virus,Hantaviridae,PCR + sequencing,"Available organs including lung, kidney, liver, spleen, brain and heart",2,0
36169417-007,Natural direct detection,Direct viral RNA screening — negative,Yes,Negative,S0062,Crocidura leucodon,Soricidae,Czech Republic,Nine localities in the Czech Republic,2017–2020,2017,2020,Seewis virus (SWSV),Hantaviridae,PCR + sequencing,"Available organs including lung, kidney, liver, spleen, brain and heart",1,0
36169417-008,Natural direct detection,Direct viral RNA screening — negative,Yes,Negative,S0062,Crocidura leucodon,Soricidae,Czech Republic,Nine localities in the Czech Republic,2017–2020,2017,2020,Asikkala virus,Hantaviridae,PCR + sequencing,"Available organs including lung, kidney, liver, spleen, brain and heart",1,0
36169417-009,Natural direct detection,Direct viral RNA screening — negative,Yes,Negative,S0062,Neomys fodiens,Soricidae,Czech Republic,Nine localities in the Czech Republic,2017–2020,2017,2020,Seewis virus (SWSV),Hantaviridae,PCR + sequencing,"Available organs including lung, kidney, liver, spleen, brain and heart",2,0
36169417-010,Natural direct detection,Direct viral RNA screening — negative,Yes,Negative,S0062,Neomys fodiens,Soricidae,Czech Republic,Nine localities in the Czech Republic,2017–2020,2017,2020,Asikkala virus,Hantaviridae,PCR + sequencing,"Available organs including lung, kidney, liver, spleen, brain and heart",2,0
36169417-011,Natural direct detection,Direct viral RNA detection by tissue,No,Positive,S0062,Sorex araneus,Soricidae,Czech Republic,Nine localities in the Czech Republic,2017–2020,2017,2020,Seewis virus (SWSV),Hantaviridae,PCR + sequencing,Lung,2,1
36169417-012,Natural direct detection,Direct viral RNA detection by tissue,No,Negative,S0062,Sorex araneus,Soricidae,Czech Republic,Nine localities in the Czech Republic,2017–2020,2017,2020,Seewis virus (SWSV),Hantaviridae,PCR + sequencing,Kidney,1,0
36169417-013,Natural direct detection,Direct viral RNA detection by tissue,No,Positive,S0062,Sorex araneus,Soricidae,Czech Republic,Nine localities in the Czech Republic,2017–2020,2017,2020,Seewis virus (SWSV),Hantaviridae,PCR + sequencing,Liver,2,1
36169417-014,Natural direct detection,Direct viral RNA detection by tissue,No,Negative,S0062,Sorex araneus,Soricidae,Czech Republic,Nine localities in the Czech Republic,2017–2020,2017,2020,Seewis virus (SWSV),Hantaviridae,PCR + sequencing,Spleen,1,0
36169417-015,Natural direct detection,Direct viral RNA detection by tissue,No,Positive,S0062,Sorex araneus,Soricidae,Czech Republic,Nine localities in the Czech Republic,2017–2020,2017,2020,Seewis virus (SWSV),Hantaviridae,PCR + sequencing,Brain,2,1
36169417-016,Natural direct detection,Direct viral RNA detection by tissue,No,Positive,S0062,Sorex araneus,Soricidae,Czech Republic,Nine localities in the Czech Republic,2017–2020,2017,2020,Seewis virus (SWSV),Hantaviridae,PCR + sequencing,Heart,1,1
36169417-017,Natural direct detection,Direct viral RNA detection by tissue,No,Positive,S0062,Sorex araneus,Soricidae,Czech Republic,Nine localities in the Czech Republic,2017–2020,2017,2020,Asikkala virus,Hantaviridae,PCR + sequencing,Lung,1,1
36169417-018,Natural direct detection,Direct viral RNA detection by tissue,No,Positive,S0062,Sorex araneus,Soricidae,Czech Republic,Nine localities in the Czech Republic,2017–2020,2017,2020,Asikkala virus,Hantaviridae,PCR + sequencing,Brain,1,1
36169417-019,Natural direct detection,Direct viral RNA detection by tissue,No,Positive,S0062,Sorex araneus,Soricidae,Czech Republic,Nine localities in the Czech Republic,2017–2020,2017,2020,Asikkala virus,Hantaviridae,PCR + sequencing,Heart,1,1
36215163-001,Natural direct detection,Direct viral RNA screening — negative,Yes,Negative,S0063,Crocidura goliath,Soricidae,Gabon,Lambaréné,2019–2020,2019,2020,Mammarenavirus,Arenaviridae,PCR + sequencing,Kidney tissue,128,0
36215163-002,Natural direct detection,Direct viral RNA screening — negative,Yes,Negative,S0063,Crocidura goliath,Soricidae,Gabon,Lambaréné,2019–2020,2019,2020,Orthohantavirus,Hantaviridae,PCR + sequencing,Kidney tissue,128,0
36215163-003,Natural direct detection,Sequence-confirmed direct viral RNA detection,Yes,Positive,S0063,Crocidura goliath,Soricidae,Gabon,Lambaréné,2019–2020,2019,2020,Orthonairovirus,Nairoviridae,PCR + sequencing,Kidney tissue,128,44
36215163-004,Natural direct detection,Direct viral RNA screening — negative,Yes,Negative,S0063,Crocidura poensis,Soricidae,Gabon,Lambaréné,2019–2020,2019,2020,Mammarenavirus,Arenaviridae,PCR + sequencing,Kidney tissue,1,0
36215163-005,Natural direct detection,Direct viral RNA screening — negative,Yes,Negative,S0063,Crocidura poensis,Soricidae,Gabon,Lambaréné,2019–2020,2019,2020,Orthohantavirus,Hantaviridae,PCR + sequencing,Kidney tissue,1,0
36215163-006,Natural direct detection,Direct viral RNA screening — negative,Yes,Negative,S0063,Crocidura poensis,Soricidae,Gabon,Lambaréné,2019–2020,2019,2020,Orthonairovirus,Nairoviridae,PCR + sequencing,Kidney tissue,1,0
36215163-007,Natural direct detection,Sequence-characterized direct viral RNA detection,No,Positive,S0063,Crocidura goliath,Soricidae,Gabon,Lambaréné,2019–2020,2019,2020,lamusara virus,Nairoviridae,PCR + sequencing,Kidney tissue,44,23
36215163-008,Natural direct detection,Sequence-characterized direct viral RNA detection,No,Positive,S0063,Crocidura goliath,Soricidae,Gabon,Lambaréné,2019–2020,2019,2020,Lamgora virus (LMGV),Nairoviridae,PCR + sequencing,Kidney tissue,44,2
36417938-001,Serology,Serological evidence of exposure,Yes,Positive,S0064,Erinaceus amurensis,Erinaceidae,China,"Daishan Island, Zhejiang Province",2019,2019,2019,severe fever with thrombocytopenia syndrome virus,Phenuiviridae,Serology,Serum,9,3
36417938-002,Serology,Serological evidence of exposure,Yes,Positive,S0064,Erinaceus amurensis,Erinaceidae,China,"Weifang City, Shandong Province",Not reported,,,severe fever with thrombocytopenia syndrome virus,Phenuiviridae,Serology,Serum,35,9
36417938-003,Natural direct detection,Direct viral RNA detection,Yes,Positive,S0064,Erinaceus amurensis,Erinaceidae,China,"Weifang City, Shandong Province",Not reported,,,severe fever with thrombocytopenia syndrome virus,Phenuiviridae,PCR / RT-PCR,Serum,35,
36417938-004,Serology,Serological evidence of exposure,Yes,Positive,S0064,Erinaceus amurensis,Erinaceidae,China,"Linfen City, Shanxi Province",Not reported,,,severe fever with thrombocytopenia syndrome virus,Phenuiviridae,Serology,Serum,6,2
36417938-005,Natural direct detection,Direct viral RNA detection,Yes,Positive,S0064,Erinaceus amurensis,Erinaceidae,China,"Linfen City, Shanxi Province",Not reported,,,severe fever with thrombocytopenia syndrome virus,Phenuiviridae,PCR / RT-PCR,Serum,6,
36417938-006,Serology,Serological evidence of exposure,Yes,Positive,S0064,Erinaceus amurensis,Erinaceidae,China,"Xinyang City, Henan Province",Not reported,,,severe fever with thrombocytopenia syndrome virus,Phenuiviridae,Serology,Serum,8,2
36417938-007,Natural direct detection,Direct viral RNA detection,Yes,Negative,S0064,Erinaceus amurensis,Erinaceidae,China,"Xinyang City, Henan Province",Not reported,,,severe fever with thrombocytopenia syndrome virus,Phenuiviridae,PCR / RT-PCR,Serum,8,0
36417938-008,Experimental evidence,Experimental infection with viremia,No,Positive,S0064,Erinaceus amurensis,Erinaceidae,China,Laboratory experiment,Monitored after inoculation,,,severe fever with thrombocytopenia syndrome virus,Phenuiviridae,Experimental infection,Serial serum samples,8,8
36417938-009,Experimental evidence,Experimental infection with viremia,No,Positive,S0064,Atelerix albiventris,Erinaceidae,China,Laboratory experiment,Monitored after inoculation,,,severe fever with thrombocytopenia syndrome virus,Phenuiviridae,Experimental infection,Serial serum samples,5,5
36417938-010,Experimental evidence,Experimental infection with viremia,No,Positive,S0064,Atelerix albiventris,Erinaceidae,China,Laboratory experiment,Monitored after inoculation,,,severe fever with thrombocytopenia syndrome virus,Phenuiviridae,Experimental infection,Serial serum samples,5,5
36417938-011,Experimental evidence,Experimental infection with prolonged viremia,No,Positive,S0064,Atelerix albiventris,Erinaceidae,China,Laboratory experiment,15 or 30 days post-inoculation,,,severe fever with thrombocytopenia syndrome virus,Phenuiviridae,Experimental infection,Serum,4,4
36417938-012,Experimental evidence,Experimental viremia,No,Positive,S0064,Atelerix albiventris,Erinaceidae,China,Laboratory experiment,15 days post-inoculation,,,severe fever with thrombocytopenia syndrome virus,Phenuiviridae,Experimental infection,Serum,2,2
36417938-013,Experimental evidence,Experimental viremia,No,Positive,S0064,Atelerix albiventris,Erinaceidae,China,Laboratory experiment,30 days post-inoculation,,,severe fever with thrombocytopenia syndrome virus,Phenuiviridae,Experimental infection,Serum,2,2
36417938-014,Experimental evidence,Experimental infection pathology and viral RNA detection,No,Positive,S0064,Atelerix albiventris,Erinaceidae,China,Laboratory experiment,3 days post-infection,,,severe fever with thrombocytopenia syndrome virus,Phenuiviridae,Experimental infection,Blood and organs,2,2
36417938-015,Experimental evidence,Experimental infection pathology and viral RNA detection,No,Positive,S0064,Atelerix albiventris,Erinaceidae,China,Laboratory experiment,6 days post-infection,,,severe fever with thrombocytopenia syndrome virus,Phenuiviridae,Experimental infection,Blood and organs,2,2
36417938-016,Experimental evidence,Experimental infection pathology and viral RNA detection,No,Negative,S0064,Atelerix albiventris,Erinaceidae,China,Laboratory experiment,2 months post-infection,,,severe fever with thrombocytopenia syndrome virus,Phenuiviridae,Experimental infection,Blood and organs,2,0
36417938-017,Experimental evidence,Experimental infection by tick bite,No,Positive,S0064,Atelerix albiventris,Erinaceidae,China,Laboratory experiment,Monitored for 12 days,,,severe fever with thrombocytopenia syndrome virus,Phenuiviridae,Experimental infection,Serial serum samples,3,3
36626061-001,Natural direct detection,Sequence-confirmed viral DNA in lesions,No,Positive,S0065,Atelerix albiventris,Erinaceidae,Japan,Tokyo,Not reported,,,Atelerix albiventris papillomavirus 1 (AalbPV1),Papillomaviridae,PCR + sequencing,Skin lesion biopsy,2,2
36626061-002,Natural direct detection,Sequence-confirmed viral DNA in lesion,No,Positive,S0065,Atelerix albiventris,Erinaceidae,Japan,Tokyo,Not reported,,,Atelerix albiventris papillomavirus 1 (AalbPV1),Papillomaviridae,PCR + sequencing,Skin lesion biopsy,1,1
36626061-003,Natural direct detection,Sequence-confirmed viral DNA in lesion,No,Positive,S0065,Atelerix albiventris,Erinaceidae,Japan,Tokyo,Not reported,,,Atelerix albiventris papillomavirus 1 (AalbPV1),Papillomaviridae,PCR + sequencing,Skin lesion biopsy,1,1
36677332-001,Natural direct detection,Sequence-confirmed direct viral RNA detection,Yes,Positive,S0066,Talpa europaea,Talpidae,The Netherlands,"Urk, Lage Zwaluwe, Bergen op Zoom, Gennep and Schimmert",Spring 2018 and spring 2019,2018,2019,Hantaviridae-positive hantavirus RNA,Hantaviridae,PCR + sequencing,Lung tissue,180,89
36677332-002,Natural direct detection,Direct viral RNA detection,No,Positive,S0066,Talpa europaea,Talpidae,The Netherlands,Urk,Spring 2018,2018,2018,Hantaviridae,Hantaviridae,PCR / RT-PCR,Lung tissue,125,63
36677332-003,Natural direct detection,Direct viral RNA detection,No,Positive,S0066,Talpa europaea,Talpidae,The Netherlands,Lage Zwaluwe,Spring 2019,2019,2019,Hantaviridae,Hantaviridae,PCR / RT-PCR,Lung tissue,20,10
36677332-004,Natural direct detection,Direct viral RNA detection,No,Positive,S0066,Talpa europaea,Talpidae,The Netherlands,Bergen op Zoom,Spring 2019,2019,2019,Hantaviridae,Hantaviridae,PCR / RT-PCR,Lung tissue,20,9
36677332-005,Natural direct detection,Direct viral RNA detection,No,Positive,S0066,Talpa europaea,Talpidae,The Netherlands,Gennep,Spring 2019,2019,2019,Hantaviridae,Hantaviridae,PCR / RT-PCR,Lung tissue,12,6
36677332-006,Natural direct detection,Direct viral RNA detection,No,Positive,S0066,Talpa europaea,Talpidae,The Netherlands,Schimmert,Spring 2019,2019,2019,Hantaviridae,Hantaviridae,PCR / RT-PCR,Lung tissue,3,1
36677332-007,Natural direct detection,Sequence-confirmed viral RNA detection,No,Positive,S0066,Talpa europaea,Talpidae,The Netherlands,Multiple capture locations,Spring 2018–2019,2018,2019,Nova virus,Hantaviridae,PCR + sequencing,Lung tissue,8,7
36677332-008,Natural direct detection,Sequence-confirmed viral RNA detection,No,Positive,S0066,Talpa europaea,Talpidae,The Netherlands,Gennep,Spring 2018–2019,2018,2019,Bruges virus,Hantaviridae,PCR + sequencing,Lung tissue,8,1
36677332-009,Serology,Antibody screening — negative,Yes,Negative,S0066,Talpa europaea,Talpidae,The Netherlands,Urk,Spring 2018,2018,2018,tick-borne encephalitis virus,Flaviviridae,Serology,Heart fluid,35,0
37112861-001,Natural direct detection,Sequence-confirmed direct viral RNA detection,Yes,Positive,S0067,Sorex araneus,Soricidae,Poland,Multiple sites in Poland,1990–2017,1990,2017,Seewis virus (SWSV),Hantaviridae,PCR + sequencing,RNAlater-preserved lung tissue,117,1
37112861-002,Natural direct detection,Sequence-confirmed direct viral RNA detection,Yes,Positive,S0067,Sorex minutus,Soricidae,Poland,Multiple sites in Poland,1990–2017,1990,2017,Altai virus (ALTV),Hantaviridae,PCR + sequencing,RNAlater-preserved lung tissue,66,1
37112861-003,Natural direct detection,Direct viral RNA screening — negative,Yes,Negative,S0067,Neomys anomalus,Soricidae,Poland,Białowieża Forest and Chmiel,1992–2017,1992,2017,Hantavirus RNA,Hantaviridae,PCR + sequencing,RNAlater-preserved lung tissue,65,0
37112861-004,Natural direct detection,Direct viral RNA screening — negative,Yes,Negative,S0067,Neomys fodiens,Soricidae,Poland,Multiple sites in Poland,1999–2017,1999,2017,Hantavirus RNA,Hantaviridae,PCR + sequencing,RNAlater-preserved lung tissue,72,0
37112861-005,Natural direct detection,Sequence-confirmed direct viral RNA detection,Yes,Positive,S0067,Talpa europaea,Talpidae,Poland,"Huta Dłutowska, Kurowice and Zakulin",2012–2017,2012,2017,Nova virus,Hantaviridae,PCR + sequencing,RNAlater-preserved lung tissue,26,8
37112861-006,Natural direct detection,Sequence-confirmed direct viral RNA detection,Yes,Positive,S0067,Talpa europaea,Talpidae,Ukraine,Lviv,2016,2016,2016,Nova virus,Hantaviridae,PCR + sequencing,RNAlater-preserved lung tissue,10,2
37112861-007,Natural direct detection,Direct viral RNA screening — negative,No,Negative,S0067,Sorex araneus,Soricidae,Poland,Białowieża Forest,1990–2005,1990,2005,Hantavirus RNA,Hantaviridae,PCR + sequencing,RNAlater-preserved lung tissue,29,0
37112861-008,Natural direct detection,Sequence-confirmed direct viral RNA detection,No,Positive,S0067,Sorex araneus,Soricidae,Poland,Boginia,2017,2017,2017,Seewis virus (SWSV),Hantaviridae,PCR + sequencing,RNAlater-preserved lung tissue,14,1
37112861-009,Natural direct detection,Direct viral RNA screening — negative,No,Negative,S0067,Sorex araneus,Soricidae,Poland,Chmiel,2017,2017,2017,Hantavirus RNA,Hantaviridae,PCR + sequencing,RNAlater-preserved lung tissue,18,0
37112861-010,Natural direct detection,Direct viral RNA screening — negative,No,Negative,S0067,Sorex araneus,Soricidae,Poland,Kurowice,2017,2017,2017,Hantavirus RNA,Hantaviridae,PCR + sequencing,RNAlater-preserved lung tissue,25,0
37112861-011,Natural direct detection,Direct viral RNA screening — negative,No,Negative,S0067,Sorex araneus,Soricidae,Poland,Poznań (Morasko-Kampus),2017,2017,2017,Hantavirus RNA,Hantaviridae,PCR + sequencing,RNAlater-preserved lung tissue,7,0
37112861-012,Natural direct detection,Direct viral RNA screening — negative,No,Negative,S0067,Sorex araneus,Soricidae,Poland,Poznań (city center),2013–2016,2013,2016,Hantavirus RNA,Hantaviridae,PCR + sequencing,RNAlater-preserved lung tissue,24,0
37112861-013,Natural direct detection,Sequence-confirmed direct viral RNA detection,No,Positive,S0067,Sorex minutus,Soricidae,Poland,Białowieża Forest,1990–2004,1990,2004,Altai virus (ALTV),Hantaviridae,PCR + sequencing,RNAlater-preserved lung tissue,26,1
37112861-014,Natural direct detection,Direct viral RNA screening — negative,No,Negative,S0067,Sorex minutus,Soricidae,Poland,Boginia,2017,2017,2017,Hantavirus RNA,Hantaviridae,PCR + sequencing,RNAlater-preserved lung tissue,18,0
37112861-015,Natural direct detection,Direct viral RNA screening — negative,No,Negative,S0067,Sorex minutus,Soricidae,Poland,Chmiel,2017,2017,2017,Hantavirus RNA,Hantaviridae,PCR + sequencing,RNAlater-preserved lung tissue,9,0
37112861-016,Natural direct detection,Direct viral RNA screening — negative,No,Negative,S0067,Sorex minutus,Soricidae,Poland,Kurowice,2017,2017,2017,Hantavirus RNA,Hantaviridae,PCR + sequencing,RNAlater-preserved lung tissue,13,0
37112861-017,Natural direct detection,Direct viral RNA screening — negative,No,Negative,S0067,Neomys anomalus,Soricidae,Poland,Białowieża Forest,1992–2009,1992,2009,Hantavirus RNA,Hantaviridae,PCR + sequencing,RNAlater-preserved lung tissue,58,0
37112861-018,Natural direct detection,Direct viral RNA screening — negative,No,Negative,S0067,Neomys anomalus,Soricidae,Poland,Chmiel,2017,2017,2017,Hantavirus RNA,Hantaviridae,PCR + sequencing,RNAlater-preserved lung tissue,7,0
37112861-019,Natural direct detection,Direct viral RNA screening — negative,No,Negative,S0067,Neomys fodiens,Soricidae,Poland,Białowieża Forest,1999–2009,1999,2009,Hantavirus RNA,Hantaviridae,PCR + sequencing,RNAlater-preserved lung tissue,29,0
37112861-020,Natural direct detection,Direct viral RNA screening — negative,No,Negative,S0067,Neomys fodiens,Soricidae,Poland,Boginia,2017,2017,2017,Hantavirus RNA,Hantaviridae,PCR + sequencing,RNAlater-preserved lung tissue,2,0
37112861-021,Natural direct detection,Direct viral RNA screening — negative,No,Negative,S0067,Neomys fodiens,Soricidae,Poland,Chmiel,2017,2017,2017,Hantavirus RNA,Hantaviridae,PCR + sequencing,RNAlater-preserved lung tissue,1,0
37112861-022,Natural direct detection,Direct viral RNA screening — negative,No,Negative,S0067,Neomys fodiens,Soricidae,Poland,Kurowice,2017,2017,2017,Hantavirus RNA,Hantaviridae,PCR + sequencing,RNAlater-preserved lung tissue,13,0
37112861-023,Natural direct detection,Direct viral RNA screening — negative,No,Negative,S0067,Neomys fodiens,Soricidae,Poland,Poznań (Morasko-Kampus),2013–2016,2013,2016,Hantavirus RNA,Hantaviridae,PCR + sequencing,RNAlater-preserved lung tissue,14,0
37112861-024,Natural direct detection,Direct viral RNA screening — negative,No,Negative,S0067,Neomys fodiens,Soricidae,Poland,Zielątkowo,2017,2017,2017,Hantavirus RNA,Hantaviridae,PCR + sequencing,RNAlater-preserved lung tissue,13,0
37112861-025,Natural direct detection,Sequence-confirmed direct viral RNA detection,No,Positive,S0067,Talpa europaea,Talpidae,Poland,Huta Dłutowska,2012–2017,2012,2017,Nova virus,Hantaviridae,PCR + sequencing,RNAlater-preserved lung tissue,24,8
37112861-026,Natural direct detection,Direct viral RNA screening — negative,No,Negative,S0067,Talpa europaea,Talpidae,Poland,Kurowice,2017,2017,2017,Hantavirus RNA,Hantaviridae,PCR + sequencing,RNAlater-preserved lung tissue,1,0
37112861-027,Natural direct detection,Direct viral RNA screening — negative,No,Negative,S0067,Talpa europaea,Talpidae,Poland,Zakulin,2017,2017,2017,Hantavirus RNA,Hantaviridae,PCR + sequencing,RNAlater-preserved lung tissue,1,0
37112861-028,Natural direct detection,Sequence-confirmed direct viral RNA detection,No,Positive,S0067,Talpa europaea,Talpidae,Ukraine,Lviv,2016,2016,2016,Nova virus,Hantaviridae,PCR + sequencing,RNAlater-preserved lung tissue,10,2
37112861-029,Natural direct detection,Viral sequence characterization,No,Positive,S0067,Sorex araneus,Soricidae,Poland,Boginia,Not reported,,,SWSV strain PL7663JH151,Hantaviridae,PCR + sequencing,RNAlater-preserved lung tissue,,
37112861-030,Natural direct detection,Viral sequence characterization,No,Positive,S0067,Sorex minutus,Soricidae,Poland,Białowieża Forest,Not reported,,,ALTV strain PL7814LR56,Hantaviridae,PCR + sequencing,RNAlater-preserved lung tissue,,
37112861-031,Natural direct detection,Viral sequence characterization,No,Positive,S0067,Talpa europaea,Talpidae,Poland,Huta Dłutowska,Not reported,,,NVAV strains from Poland,Hantaviridae,PCR + sequencing,RNAlater-preserved lung tissue,,
37112861-032,Natural direct detection,Viral sequence characterization,No,Positive,S0067,Talpa europaea,Talpidae,Ukraine,Lviv,Not reported,,,NVAV strains from Ukraine,Hantaviridae,PCR + sequencing,RNAlater-preserved lung tissue,,
37242355-001,Natural direct detection,Sequence-confirmed direct viral RNA detection,Yes,Positive,S0068,Crocidura somalica,Soricidae,Kenya,"Marigat, Baringo County; all shrews were captured there",Not reported,,,Divergent hantavirus / hantavirus RNA,Hantaviridae,PCR + sequencing,"Per-animal pool of lung, spleen, kidney and liver tissue",11,3
37242355-002,Natural direct detection,Partial viral L-segment sequence,No,Positive,S0068,Crocidura somalica,Soricidae,Kenya,"Marigat, Baringo County; all shrews were captured there",Not reported,,,Divergent hantavirus / hantavirus RNA,Hantaviridae,PCR + sequencing,"Per-animal pool of lung, spleen, kidney and liver tissue",3,3
37291370-001,Natural direct detection,Sequence-confirmed direct viral RNA detection,Yes,Positive,S0069,Erinaceus roumanicus,Erinaceidae,Hungary,Budapest and suburbs; Pécs; Mecsek Mountains,2015,2015,2015,Mecsek Mountains virus,Arenaviridae,PCR + sequencing,Faecal specimen,20,9
37291370-002,Natural direct detection,Direct viral RNA screening — negative,No,Negative,S0069,Erinaceus roumanicus,Erinaceidae,Hungary,Budapest and suburbs,2015,2015,2015,Mecsek Mountains virus,Arenaviridae,PCR + sequencing,Faecal specimen,8,0
37291370-003,Natural direct detection,Direct viral RNA screening — negative,No,Negative,S0069,Erinaceus roumanicus,Erinaceidae,Hungary,Downtown Pécs,2015,2015,2015,Mecsek Mountains virus,Arenaviridae,PCR + sequencing,Faecal specimen,3,0
37291370-004,Natural direct detection,Sequence-confirmed direct viral RNA detection,No,Positive,S0069,Erinaceus roumanicus,Erinaceidae,Hungary,"Mecsek Mountains, outskirts of Pécs",2015,2015,2015,Mecsek Mountains virus,Arenaviridae,PCR + sequencing,Faecal specimen,9,9
37291370-005,Natural direct detection,Complete viral segment sequence,No,Positive,S0069,Erinaceus roumanicus,Erinaceidae,Hungary,"Mecsek Mountains, outskirts of Pécs",2015,2015,2015,Mecsek Mountains virus,Arenaviridae,PCR + sequencing,Faecal specimen,1,1
37291370-006,Natural direct detection,Complete viral segment sequence,No,Positive,S0069,Erinaceus roumanicus,Erinaceidae,Hungary,"Mecsek Mountains, outskirts of Pécs",2015,2015,2015,Mecsek Mountains virus,Arenaviridae,PCR + sequencing,Faecal specimen,1,1
37291370-007,Natural direct detection,Complete viral segment sequence,No,Positive,S0069,Erinaceus roumanicus,Erinaceidae,Hungary,"Mecsek Mountains, outskirts of Pécs",2015,2015,2015,Mecsek Mountains virus,Arenaviridae,PCR + sequencing,Faecal specimen,1,1
37291370-008,Natural direct detection,Complete viral segment sequence,No,Positive,S0069,Erinaceus roumanicus,Erinaceidae,Hungary,"Mecsek Mountains, outskirts of Pécs",2015,2015,2015,Mecsek Mountains virus,Arenaviridae,PCR + sequencing,Faecal specimen,1,1
37291370-009,Natural direct detection,Complete viral segment sequence,No,Positive,S0069,Erinaceus roumanicus,Erinaceidae,Hungary,"Mecsek Mountains, outskirts of Pécs",2015,2015,2015,Mecsek Mountains virus,Arenaviridae,PCR + sequencing,Faecal specimen,1,1
37291370-010,Natural direct detection,Complete viral segment sequence,No,Positive,S0069,Erinaceus roumanicus,Erinaceidae,Hungary,"Mecsek Mountains, outskirts of Pécs",2015,2015,2015,Mecsek Mountains virus,Arenaviridae,PCR + sequencing,Faecal specimen,1,1
34177835-002,Natural direct detection,Targeted viral nucleic-acid screening — negative,Yes,Negative,S0070,Suncus murinus,Soricidae,China,"Xiamen, Fujian Province (n=10) and Guangzhou, Guangdong Province (n=167)",2014–2018,2014,2018,Hepatovirus,Picornaviridae,PCR + sequencing,Liver tissue,177,0
34177835-003,Natural direct detection,Targeted viral nucleic-acid screening — negative,Yes,Negative,S0070,Suncus murinus,Soricidae,China,"Xiamen, Fujian Province (n=10) and Guangzhou, Guangdong Province (n=167)",2014–2018,2014,2018,Hepatovirus,Picornaviridae,PCR + sequencing,Serum,19,0
34177835-004,Natural direct detection,Targeted viral nucleic-acid screening — negative,Yes,Negative,S0070,Suncus murinus,Soricidae,China,"Xiamen, Fujian Province (n=10) and Guangzhou, Guangdong Province (n=167)",2014–2018,2014,2018,Hepacivirus,Hepaciviridae,PCR + sequencing,Liver tissue,177,0
34177835-005,Natural direct detection,Targeted viral nucleic-acid screening — negative,Yes,Negative,S0070,Suncus murinus,Soricidae,China,"Xiamen, Fujian Province (n=10) and Guangzhou, Guangdong Province (n=167)",2014–2018,2014,2018,Hepacivirus,Hepaciviridae,PCR + sequencing,Serum,19,0
34177835-006,Natural direct detection,Targeted viral nucleic-acid screening — negative,Yes,Negative,S0070,Suncus murinus,Soricidae,China,"Xiamen, Fujian Province (n=10) and Guangzhou, Guangdong Province (n=167)",2014–2018,2014,2018,Hepatitis D virus,Kolmioviridae,PCR + sequencing,Liver tissue,177,0
34177835-007,Natural direct detection,Targeted viral nucleic-acid screening — negative,Yes,Negative,S0070,Suncus murinus,Soricidae,China,"Xiamen, Fujian Province (n=10) and Guangzhou, Guangdong Province (n=167)",2014–2018,2014,2018,Hepatitis D virus,Kolmioviridae,PCR + sequencing,Serum,19,0
34177835-008,Natural direct detection,Targeted viral nucleic-acid screening — negative,Yes,Negative,S0070,Suncus murinus,Soricidae,China,"Xiamen, Fujian Province (n=10) and Guangzhou, Guangdong Province (n=167)",2014–2018,2014,2018,Adenovirus,Adenoviridae,PCR + sequencing,Liver tissue,177,0
34177835-009,Natural direct detection,Targeted viral nucleic-acid screening — negative,Yes,Negative,S0070,Suncus murinus,Soricidae,China,"Xiamen, Fujian Province (n=10) and Guangzhou, Guangdong Province (n=167)",2014–2018,2014,2018,Adenovirus,Adenoviridae,PCR + sequencing,Serum,19,0
34177835-010,Natural direct detection,Sequence-confirmed direct viral nucleic-acid detection,Yes,Positive,S0070,Suncus murinus,Soricidae,China,"Xiamen, Fujian Province (n=10) and Guangzhou, Guangdong Province (n=167)",2014–2018,2014,2018,Influenza A virus-related sequences,Orthomyxoviridae,PCR + sequencing,Liver tissue,177,77
34177835-011,Natural direct detection,Targeted viral nucleic-acid screening — negative,Yes,Negative,S0070,Suncus murinus,Soricidae,China,"Xiamen, Fujian Province (n=10) and Guangzhou, Guangdong Province (n=167)",2014–2018,2014,2018,Influenza A virus-related sequences,Orthomyxoviridae,PCR + sequencing,Serum,19,0
34177835-012,Natural direct detection,Sequence-confirmed direct viral nucleic-acid detection,Yes,Positive,S0070,Suncus murinus,Soricidae,China,"Xiamen, Fujian Province (n=10) and Guangzhou, Guangdong Province (n=167)",2014–2018,2014,2018,Herpesvirus-related sequences,Orthoherpesviridae,PCR + sequencing,Liver tissue,177,4
34177835-013,Natural direct detection,Targeted viral nucleic-acid screening — negative,Yes,Negative,S0070,Suncus murinus,Soricidae,China,"Xiamen, Fujian Province (n=10) and Guangzhou, Guangdong Province (n=167)",2014–2018,2014,2018,Herpesvirus-related sequences,Orthoherpesviridae,PCR + sequencing,Serum,19,0
34177835-014,Natural direct detection,Targeted viral nucleic-acid screening — negative,Yes,Negative,S0070,Suncus murinus,Soricidae,China,"Xiamen, Fujian Province (n=10) and Guangzhou, Guangdong Province (n=167)",2014–2018,2014,2018,Parechovirus,Picornaviridae,PCR + sequencing,Liver tissue,177,0
34177835-015,Natural direct detection,Targeted viral nucleic-acid screening — negative,Yes,Negative,S0070,Suncus murinus,Soricidae,China,"Xiamen, Fujian Province (n=10) and Guangzhou, Guangdong Province (n=167)",2014–2018,2014,2018,Parechovirus,Picornaviridae,PCR + sequencing,Serum,19,0
34177835-016,Natural direct detection,Targeted viral nucleic-acid screening — negative,Yes,Negative,S0070,Suncus murinus,Soricidae,China,"Xiamen, Fujian Province (n=10) and Guangzhou, Guangdong Province (n=167)",2014–2018,2014,2018,chikungunya virus,Togaviridae,PCR + sequencing,Liver tissue,177,0
34177835-017,Natural direct detection,Targeted viral nucleic-acid screening — negative,Yes,Negative,S0070,Suncus murinus,Soricidae,China,"Xiamen, Fujian Province (n=10) and Guangzhou, Guangdong Province (n=167)",2014–2018,2014,2018,chikungunya virus,Togaviridae,PCR + sequencing,Serum,19,0
34177835-018,Natural direct detection,Targeted viral nucleic-acid screening — negative,Yes,Negative,S0070,Suncus murinus,Soricidae,China,"Xiamen, Fujian Province (n=10) and Guangzhou, Guangdong Province (n=167)",2014–2018,2014,2018,dengue virus,Flaviviridae,PCR + sequencing,Liver tissue,177,0
34177835-019,Natural direct detection,Targeted viral nucleic-acid screening — negative,Yes,Negative,S0070,Suncus murinus,Soricidae,China,"Xiamen, Fujian Province (n=10) and Guangzhou, Guangdong Province (n=167)",2014–2018,2014,2018,dengue virus,Flaviviridae,PCR + sequencing,Serum,19,0
34177835-020,Natural direct detection,Sequence-confirmed direct viral nucleic-acid detection,Yes,Positive,S0070,Suncus murinus,Soricidae,China,"Xiamen, Fujian Province (n=10) and Guangzhou, Guangdong Province (n=167)",2014–2018,2014,2018,Zika virus,Flaviviridae,PCR + sequencing,Liver tissue,177,2
34177835-021,Natural direct detection,Targeted viral nucleic-acid screening — negative,Yes,Negative,S0070,Suncus murinus,Soricidae,China,"Xiamen, Fujian Province (n=10) and Guangzhou, Guangdong Province (n=167)",2014–2018,2014,2018,Zika virus,Flaviviridae,PCR + sequencing,Serum,19,0
34177835-022,Natural direct detection,Targeted viral nucleic-acid screening — negative,Yes,Negative,S0070,Suncus murinus,Soricidae,China,"Xiamen, Fujian Province (n=10) and Guangzhou, Guangdong Province (n=167)",2014–2018,2014,2018,Ljungan virus,Picornaviridae,PCR + sequencing,Liver tissue,177,0
34177835-023,Natural direct detection,Targeted viral nucleic-acid screening — negative,Yes,Negative,S0070,Suncus murinus,Soricidae,China,"Xiamen, Fujian Province (n=10) and Guangzhou, Guangdong Province (n=167)",2014–2018,2014,2018,Ljungan virus,Picornaviridae,PCR + sequencing,Serum,19,0
34177835-024,Natural direct detection,Sequence-confirmed direct viral nucleic-acid detection,Yes,Positive,S0070,Suncus murinus,Soricidae,China,"Xiamen, Fujian Province (n=10) and Guangzhou, Guangdong Province (n=167)",2014–2018,2014,2018,Pegivirus-related sequences,Hepaciviridae,PCR + sequencing,Liver tissue,177,10
34177835-025,Natural direct detection,Sequence-confirmed direct viral nucleic-acid detection,Yes,Positive,S0070,Suncus murinus,Soricidae,China,"Xiamen, Fujian Province (n=10) and Guangzhou, Guangdong Province (n=167)",2014–2018,2014,2018,Pegivirus-related sequences,Hepaciviridae,PCR + sequencing,Serum,19,1
34177835-026,Natural direct detection,Sequence-confirmed direct viral nucleic-acid detection,Yes,Positive,S0070,Suncus murinus,Soricidae,China,"Xiamen, Fujian Province (n=10) and Guangzhou, Guangdong Province (n=167)",2014–2018,2014,2018,Torque teno virus-related sequences,Anelloviridae,PCR + sequencing,Liver tissue,177,1
34177835-027,Natural direct detection,Sequence-confirmed direct viral nucleic-acid detection,Yes,Positive,S0070,Suncus murinus,Soricidae,China,"Xiamen, Fujian Province (n=10) and Guangzhou, Guangdong Province (n=167)",2014–2018,2014,2018,Torque teno virus-related sequences,Anelloviridae,PCR + sequencing,Serum,19,1
34177835-028,Natural direct detection,Targeted viral nucleic-acid screening — negative,Yes,Negative,S0070,Suncus murinus,Soricidae,China,"Xiamen, Fujian Province (n=10) and Guangzhou, Guangdong Province (n=167)",2014–2018,2014,2018,SEN-virus,Circoviridae,PCR + sequencing,Liver tissue,177,0
34177835-029,Natural direct detection,Targeted viral nucleic-acid screening — negative,Yes,Negative,S0070,Suncus murinus,Soricidae,China,"Xiamen, Fujian Province (n=10) and Guangzhou, Guangdong Province (n=167)",2014–2018,2014,2018,SEN-virus,Circoviridae,PCR + sequencing,Serum,19,0
34177835-030,Natural direct detection,Targeted viral nucleic-acid screening — negative,Yes,Negative,S0070,Suncus murinus,Soricidae,China,"Xiamen, Fujian Province (n=10) and Guangzhou, Guangdong Province (n=167)",2014–2018,2014,2018,KIs-virus,,PCR + sequencing,Liver tissue,177,0
34177835-031,Natural direct detection,Targeted viral nucleic-acid screening — negative,Yes,Negative,S0070,Suncus murinus,Soricidae,China,"Xiamen, Fujian Province (n=10) and Guangzhou, Guangdong Province (n=167)",2014–2018,2014,2018,KIs-virus,,PCR + sequencing,Serum,19,0
34332417-001,Experimental evidence,Experimental replication of a hedgehog-derived virus isolate in cell culture,No,Positive,S0071,Atelerix albiventris,Erinaceidae,Japan,Not reported,Not reported,,,African pygmy hedgehog adenovirus 1 (AhAdV-1),Adenoviridae,Experimental infection,Virus isolate and infected MDCK cell cultures,0,
34342470-001,Natural direct detection,Pan-lyssavirus qRT-PCR screening — negative,Yes,Negative,S0072,Crocidura spp.; Suncus spp.,Soricidae,South Africa,"Meletse, Limpopo Province and Secunda, Mpumalanga Province",2015–2017,2015,2017,Mokola virus,Rhabdoviridae,PCR / RT-PCR,Brain,9,0
34342470-002,Serology,MOKV neutralizing-antibody screening — negative,Yes,Negative,S0072,Crocidura spp.; Suncus spp.,Soricidae,South Africa,"Meletse, Limpopo Province",2015–2017,2015,2017,Mokola virus,Rhabdoviridae,Serology,Serum,3,0
34342470-003,Natural direct detection,Pan-lyssavirus qRT-PCR screening — negative,No,Negative,S0072,Crocidura hirta,Soricidae,South Africa,"Meletse, Limpopo Province",2015–2017,2015,2017,Mokola virus,Rhabdoviridae,PCR / RT-PCR,Brain,2,0
34342470-004,Serology,MOKV neutralizing-antibody screening — negative,No,Negative,S0072,Crocidura hirta,Soricidae,South Africa,"Meletse, Limpopo Province",2015–2017,2015,2017,Mokola virus,Rhabdoviridae,Serology,Serum,2,0
34342470-005,Natural direct detection,Pan-lyssavirus qRT-PCR screening — negative,No,Negative,S0072,Crocidura maquassiensis,Soricidae,South Africa,"Meletse, Limpopo Province",2015–2017,2015,2017,Mokola virus,Rhabdoviridae,PCR / RT-PCR,Brain,1,0
34342470-006,Serology,MOKV neutralizing-antibody screening — negative,No,Negative,S0072,Crocidura maquassiensis,Soricidae,South Africa,"Meletse, Limpopo Province",2015–2017,2015,2017,Mokola virus,Rhabdoviridae,Serology,Serum,1,0
34342470-007,Natural direct detection,Pan-lyssavirus qRT-PCR screening — negative,No,Negative,S0072,Suncus lixa,Soricidae,South Africa,"Meletse, Limpopo Province",2015–2017,2015,2017,Mokola virus,Rhabdoviridae,PCR / RT-PCR,Brain,3,0
34342470-008,Natural direct detection,Pan-lyssavirus qRT-PCR screening — negative,No,Negative,S0072,Crocidura spp.,Soricidae,South Africa,"Secunda, Mpumalanga Province",2015–2017,2015,2017,Mokola virus,Rhabdoviridae,PCR / RT-PCR,Brain,2,0
34342470-009,Natural direct detection,Pan-lyssavirus qRT-PCR screening — negative,No,Negative,S0072,Suncus spp.,Soricidae,South Africa,"Secunda, Mpumalanga Province",2015–2017,2015,2017,Mokola virus,Rhabdoviridae,PCR / RT-PCR,Brain,1,0
34372492-001,Natural direct detection,Sequence-confirmed direct hantaviral RNA detection,Yes,Positive,S0073,Sorex araneus,Soricidae,Russia,"Altai Republic and Tomsk Oblast, Western Siberia",2018–2019 for the newly screened cohort,2018,2019,Seewis virus (SWSV),Hantaviridae,PCR + sequencing,Lung tissue,163,38
34372492-002,Natural direct detection,Sequence-confirmed direct hantaviral RNA detection,Yes,Positive,S0073,Sorex araneus,Soricidae,Russia,"Altai Republic and Tomsk Oblast, Western Siberia",2018–2019 for the newly screened cohort,2018,2019,Altai virus (ALTV),Hantaviridae,PCR + sequencing,Lung tissue,163,1
34372492-003,Natural direct detection,Sequence-confirmed direct hantaviral RNA detection,Yes,Positive,S0073,Sorex caecutiens,Soricidae,Russia,"Altai Republic and Tomsk Oblast, Western Siberia",2018–2019 for the newly screened cohort,2018,2019,Artybash virus,Hantaviridae,PCR + sequencing,Lung tissue,7,1
34372492-004,Natural direct detection,Hantaviral RNA screening — negative,Yes,Negative,S0073,Sorex minutus,Soricidae,Russia,"Altai Republic and Tomsk Oblast, Western Siberia",2018–2019 for the newly screened cohort,2018,2019,Hantavirus RNA,Hantaviridae,PCR + sequencing,Lung tissue,2,0
34372492-005,Natural direct detection,Hantaviral RNA screening — negative,Yes,Negative,S0073,Sorex isodon,Soricidae,Russia,"Altai Republic and Tomsk Oblast, Western Siberia",2018–2019 for the newly screened cohort,2018,2019,Hantavirus RNA,Hantaviridae,PCR + sequencing,Lung tissue,1,0
34372492-006,Natural direct detection,Sequence-confirmed direct hantaviral RNA detection,No,Positive,S0073,Sorex araneus,Soricidae,Russia,"Teletskoye Lake, Altai Republic",2018,2018,2018,SWSV,Hantaviridae,PCR + sequencing,Lung tissue,6,1
34372492-007,Natural direct detection,Sequence-confirmed direct hantaviral RNA detection,No,Positive,S0073,Sorex araneus,Soricidae,Russia,"Teletskoye Lake, Altai Republic",2019,2019,2019,SWSV,Hantaviridae,PCR + sequencing,Lung tissue,43,6
34372492-008,Natural direct detection,Sequence-confirmed direct hantaviral RNA detection,No,Positive,S0073,Sorex caecutiens,Soricidae,Russia,"Teletskoye Lake, Altai Republic",2019,2019,2019,ARTV,Hantaviridae,PCR + sequencing,Lung tissue,1,1
34372492-009,Natural direct detection,Hantaviral RNA screening — negative,No,Negative,S0073,Sorex minutus,Soricidae,Russia,"Teletskoye Lake, Altai Republic",2019,2019,2019,Hantavirus RNA,Hantaviridae,PCR + sequencing,Lung tissue,2,0
34372492-010,Natural direct detection,Sequence-confirmed direct hantaviral RNA detection,No,Positive,S0073,Sorex araneus,Soricidae,Russia,"Choya, Altai Republic",2019,2019,2019,SWSV,Hantaviridae,PCR + sequencing,Lung tissue,23,8
34372492-011,Natural direct detection,Hantaviral RNA screening — negative,No,Negative,S0073,Sorex isodon,Soricidae,Russia,"Choya, Altai Republic",2019,2019,2019,Hantavirus RNA,Hantaviridae,PCR + sequencing,Lung tissue,1,0
34372492-012,Natural direct detection,Sequence-confirmed direct hantaviral RNA detection,No,Positive,S0073,Sorex araneus,Soricidae,Russia,"Belyi Yar, Tomsk Oblast",2019,2019,2019,SWSV,Hantaviridae,PCR + sequencing,Lung tissue,10,2
34372492-013,Natural direct detection,Hantaviral RNA screening — negative,No,Negative,S0073,Sorex caecutiens,Soricidae,Russia,"Belyi Yar, Tomsk Oblast",2019,2019,2019,Hantavirus RNA,Hantaviridae,PCR + sequencing,Lung tissue,3,0
34372492-014,Natural direct detection,Sequence-confirmed direct hantaviral RNA detection,No,Positive,S0073,Sorex araneus,Soricidae,Russia,"Volkovo, Tomsk Oblast",2019,2019,2019,SWSV,Hantaviridae,PCR + sequencing,Lung tissue,7,1
34372492-015,Natural direct detection,Sequence-confirmed direct hantaviral RNA detection,No,Positive,S0073,Sorex araneus,Soricidae,Russia,"Kargasok, Tomsk Oblast",2019,2019,2019,SWSV,Hantaviridae,PCR + sequencing,Lung tissue,46,15
34372492-016,Natural direct detection,Hantaviral RNA screening — negative,No,Negative,S0073,Sorex caecutiens,Soricidae,Russia,"Kargasok, Tomsk Oblast",2019,2019,2019,Hantavirus RNA,Hantaviridae,PCR + sequencing,Lung tissue,1,0
34372492-017,Natural direct detection,Sequence-confirmed direct hantaviral RNA detection,No,Positive,S0073,Sorex araneus,Soricidae,Russia,"Parabel, Tomsk Oblast",2019,2019,2019,SWSV and ALTV,Hantaviridae,PCR + sequencing,Lung tissue,28,6
34372492-018,Natural direct detection,Hantaviral RNA screening — negative,No,Negative,S0073,Sorex caecutiens,Soricidae,Russia,"Parabel, Tomsk Oblast",2019,2019,2019,Hantavirus RNA,Hantaviridae,PCR + sequencing,Lung tissue,2,0
34372492-019,Natural direct detection,Viral genome-segment sequencing,No,Positive,S0073,Sorex araneus,Soricidae,Russia,Not reported,2018–2019 for the newly screened cohort,2018,2019,Altai virus (ALTV),Hantaviridae,PCR + sequencing,Lung tissue,1,1
34372492-020,Natural direct detection,Viral genome-segment sequencing,No,Positive,S0073,Sorex araneus,Soricidae,Russia,Not reported,2018–2019 for the newly screened cohort,2018,2019,Seewis virus (SWSV),Hantaviridae,PCR + sequencing,Lung tissue,1,1
34372492-021,Natural direct detection,Viral genome-segment sequencing,No,Positive,S0073,Sorex caecutiens,Soricidae,Russia,Not reported,2018–2019 for the newly screened cohort,2018,2019,Artybash virus,Hantaviridae,PCR + sequencing,Lung tissue,1,1
34372492-022,Natural direct detection,Viral genome-segment sequencing,No,Positive,S0073,Sorex caecutiens,Soricidae,Russia,Not reported,2018–2019 for the newly screened cohort,2018,2019,Lena River virus (LENV),Hantaviridae,PCR + sequencing,Lung tissue,1,1
34372492-023,Natural direct detection,Viral genome-segment sequencing,No,Positive,S0073,Sorex araneus,Soricidae,Russia,Not reported,2018–2019 for the newly screened cohort,2018,2019,Altai virus (ALTV),Hantaviridae,PCR + sequencing,Lung tissue,1,1
34696450-001,Natural direct detection,Sequence-confirmed direct viral RNA detection,Yes,Positive,S0074,Crocidura lasiura,Soricidae,Republic of Korea,"Multiple sites in Gangwon, Gyeonggi and Gyeongsangnam Provinces",2017–2018,2017,2018,Gamak virus,Paramyxoviridae,PCR + sequencing,Kidney tissue,94,20
34696450-002,Natural direct detection,Sequence-confirmed direct viral RNA detection,Yes,Positive,S0074,Crocidura shantungensis,Soricidae,Republic of Korea,"Multiple sites in Gangwon, Gyeonggi and Gyeongsangnam Provinces",2017–2018,2017,2018,Daeryong virus,Paramyxoviridae,PCR + sequencing,Kidney tissue,21,6
34696450-003,Natural direct detection,Sequence-confirmed direct viral RNA detection,No,Positive,S0074,Crocidura lasiura,Soricidae,Republic of Korea,"Cheorwon, Gangwon Province",2017,2017,2017,Gamak virus,Paramyxoviridae,PCR + sequencing,Kidney tissue,4,2
34696450-004,Natural direct detection,Sequence-confirmed direct viral RNA detection,No,Positive,S0074,Crocidura lasiura,Soricidae,Republic of Korea,"Chuncheon, Gangwon Province",2017,2017,2017,Gamak virus,Paramyxoviridae,PCR + sequencing,Kidney tissue,17,5
34696450-005,Natural direct detection,Paramyxovirus RNA screening — negative,No,Negative,S0074,Crocidura lasiura,Soricidae,Republic of Korea,"Hwacheon, Gangwon Province",2017,2017,2017,Gamak virus,Paramyxoviridae,PCR + sequencing,Kidney tissue,5,0
34696450-006,Natural direct detection,Sequence-confirmed direct viral RNA detection,No,Positive,S0074,Crocidura lasiura,Soricidae,Republic of Korea,"Paju, Gyeonggi Province",2017,2017,2017,Gamak virus,Paramyxoviridae,PCR + sequencing,Kidney tissue,11,6
34696450-007,Natural direct detection,Sequence-confirmed direct viral RNA detection,No,Positive,S0074,Crocidura lasiura,Soricidae,Republic of Korea,"Yeoncheon, Gyeonggi Province",2017,2017,2017,Gamak virus,Paramyxoviridae,PCR + sequencing,Kidney tissue,20,3
34696450-008,Natural direct detection,Sequence-confirmed direct viral RNA detection,No,Positive,S0074,Crocidura lasiura,Soricidae,Republic of Korea,"Changnyeong, Gyeongsangnam Province",2017,2017,2017,Gamak virus,Paramyxoviridae,PCR + sequencing,Kidney tissue,2,1
34696450-009,Natural direct detection,Sequence-confirmed direct viral RNA detection,No,Positive,S0074,Crocidura shantungensis,Soricidae,Republic of Korea,"Chuncheon, Gangwon Province",2017,2017,2017,Daeryong virus,Paramyxoviridae,PCR + sequencing,Kidney tissue,8,5
34696450-010,Natural direct detection,Paramyxovirus RNA screening — negative,No,Negative,S0074,Crocidura shantungensis,Soricidae,Republic of Korea,"Paju, Gyeonggi Province",2017,2017,2017,Daeryong virus,Paramyxoviridae,PCR + sequencing,Kidney tissue,2,0
34696450-011,Natural direct detection,Paramyxovirus RNA screening — negative,No,Negative,S0074,Crocidura shantungensis,Soricidae,Republic of Korea,"Yeoncheon, Gyeonggi Province",2017,2017,2017,Daeryong virus,Paramyxoviridae,PCR + sequencing,Kidney tissue,2,0
34696450-012,Natural direct detection,Sequence-confirmed direct viral RNA detection,No,Positive,S0074,Crocidura lasiura,Soricidae,Republic of Korea,"Chuncheon, Gangwon Province",2018,2018,2018,Gamak virus,Paramyxoviridae,PCR + sequencing,Kidney tissue,10,3
34696450-013,Natural direct detection,Paramyxovirus RNA screening — negative,No,Negative,S0074,Crocidura lasiura,Soricidae,Republic of Korea,"Hongcheon, Gangwon Province",2018,2018,2018,Gamak virus,Paramyxoviridae,PCR + sequencing,Kidney tissue,2,0
34696450-014,Natural direct detection,Paramyxovirus RNA screening — negative,No,Negative,S0074,Crocidura lasiura,Soricidae,Republic of Korea,"Pyeongchang, Gangwon Province",2018,2018,2018,Gamak virus,Paramyxoviridae,PCR + sequencing,Kidney tissue,2,0
34696450-015,Natural direct detection,Paramyxovirus RNA screening — negative,No,Negative,S0074,Crocidura lasiura,Soricidae,Republic of Korea,"Osan, Gyeonggi Province",2018,2018,2018,Gamak virus,Paramyxoviridae,PCR + sequencing,Kidney tissue,2,0
34696450-016,Natural direct detection,Paramyxovirus RNA screening — negative,No,Negative,S0074,Crocidura lasiura,Soricidae,Republic of Korea,"Paju, Gyeonggi Province",2018,2018,2018,Gamak virus,Paramyxoviridae,PCR + sequencing,Kidney tissue,7,0
34696450-017,Natural direct detection,Paramyxovirus RNA screening — negative,No,Negative,S0074,Crocidura lasiura,Soricidae,Republic of Korea,"Pocheon, Gyeonggi Province",2018,2018,2018,Gamak virus,Paramyxoviridae,PCR + sequencing,Kidney tissue,4,0
34696450-018,Natural direct detection,Paramyxovirus RNA screening — negative,No,Negative,S0074,Crocidura lasiura,Soricidae,Republic of Korea,"Suwon, Gyeonggi Province",2018,2018,2018,Gamak virus,Paramyxoviridae,PCR + sequencing,Kidney tissue,2,0
34696450-019,Natural direct detection,Paramyxovirus RNA screening — negative,No,Negative,S0074,Crocidura lasiura,Soricidae,Republic of Korea,"Yeoncheon, Gyeonggi Province",2018,2018,2018,Gamak virus,Paramyxoviridae,PCR + sequencing,Kidney tissue,6,0
34696450-020,Natural direct detection,Sequence-confirmed direct viral RNA detection,No,Positive,S0074,Crocidura shantungensis,Soricidae,Republic of Korea,"Chuncheon, Gangwon Province",2018,2018,2018,Daeryong virus,Paramyxoviridae,PCR + sequencing,Kidney tissue,1,1
34696450-021,Natural direct detection,Paramyxovirus RNA screening — negative,No,Negative,S0074,Crocidura shantungensis,Soricidae,Republic of Korea,"Pyeongchang, Gangwon Province",2018,2018,2018,Daeryong virus,Paramyxoviridae,PCR + sequencing,Kidney tissue,1,0
34696450-022,Natural direct detection,Paramyxovirus RNA screening — negative,No,Negative,S0074,Crocidura shantungensis,Soricidae,Republic of Korea,"Paju, Gyeonggi Province",2018,2018,2018,Daeryong virus,Paramyxoviridae,PCR + sequencing,Kidney tissue,4,0
34696450-023,Natural direct detection,Paramyxovirus RNA screening — negative,No,Negative,S0074,Crocidura shantungensis,Soricidae,Republic of Korea,"Pocheon, Gyeonggi Province",2018,2018,2018,Daeryong virus,Paramyxoviridae,PCR + sequencing,Kidney tissue,2,0
34696450-024,Natural direct detection,Paramyxovirus RNA screening — negative,No,Negative,S0074,Crocidura shantungensis,Soricidae,Republic of Korea,"Yeoncheon, Gyeonggi Province",2018,2018,2018,Daeryong virus,Paramyxoviridae,PCR + sequencing,Kidney tissue,1,0
34696450-025,Natural direct detection,Sequence-confirmed direct viral RNA detection,No,Positive,S0074,Crocidura lasiura,Soricidae,Republic of Korea,Republic of Korea,2017–2018,2017,2018,Gamak virus,Paramyxoviridae,PCR + sequencing,Kidney tissue,58,16
34696450-026,Natural direct detection,Sequence-confirmed direct viral RNA detection,No,Positive,S0074,Crocidura lasiura,Soricidae,Republic of Korea,Republic of Korea,2017–2018,2017,2018,Gamak virus,Paramyxoviridae,PCR + sequencing,Kidney tissue,36,5
34696450-027,Natural direct detection,Sequence-confirmed direct viral RNA detection,No,Positive,S0074,Crocidura lasiura,Soricidae,Republic of Korea,Republic of Korea,2017–2018,2017,2018,Gamak virus,Paramyxoviridae,PCR + sequencing,Kidney tissue,54,11
34696450-028,Natural direct detection,Sequence-confirmed direct viral RNA detection,No,Positive,S0074,Crocidura lasiura,Soricidae,Republic of Korea,Republic of Korea,2017–2018,2017,2018,Gamak virus,Paramyxoviridae,PCR + sequencing,Kidney tissue,40,10
34696450-029,Natural direct detection,Sequence-confirmed direct viral RNA detection,No,Positive,S0074,Crocidura shantungensis,Soricidae,Republic of Korea,Republic of Korea,2017–2018,2017,2018,Daeryong virus,Paramyxoviridae,PCR + sequencing,Kidney tissue,9,1
34696450-030,Natural direct detection,Sequence-confirmed direct viral RNA detection,No,Positive,S0074,Crocidura shantungensis,Soricidae,Republic of Korea,Republic of Korea,2017–2018,2017,2018,Daeryong virus,Paramyxoviridae,PCR + sequencing,Kidney tissue,12,4
34696450-031,Natural direct detection,Sequence-confirmed direct viral RNA detection,No,Positive,S0074,Crocidura shantungensis,Soricidae,Republic of Korea,Republic of Korea,2017–2018,2017,2018,Daeryong virus,Paramyxoviridae,PCR + sequencing,Kidney tissue,,3
34696450-032,Natural direct detection,Sequence-confirmed direct viral RNA detection,No,Positive,S0074,Crocidura shantungensis,Soricidae,Republic of Korea,Republic of Korea,2017–2018,2017,2018,Daeryong virus,Paramyxoviridae,PCR + sequencing,Kidney tissue,,2
34696450-033,Experimental evidence,Virus isolation and experimental propagation,No,Positive,S0074,Crocidura lasiura,Soricidae,Republic of Korea,"Chuncheon, Gangwon Province",2017–2018,2017,2018,Gamak virus,Paramyxoviridae,Experimental infection,Kidney tissue,1,1
34696450-034,Natural direct detection,Nearly complete viral genome sequence,No,Positive,S0074,Crocidura lasiura,Soricidae,Republic of Korea,Not reported,2017–2018,2017,2018,Gamak virus,Paramyxoviridae,Sequencing,Kidney tissue,1,1
34696450-035,Natural direct detection,Nearly complete viral genome sequence,No,Positive,S0074,Crocidura lasiura,Soricidae,Republic of Korea,Not reported,2017–2018,2017,2018,Gamak virus,Paramyxoviridae,Sequencing,Kidney tissue,1,1
34696450-036,Natural direct detection,Nearly complete viral genome sequence,No,Positive,S0074,Crocidura shantungensis,Soricidae,Republic of Korea,Not reported,2017–2018,2017,2018,Daeryong virus,Paramyxoviridae,Sequencing,Kidney tissue,1,1
34811484-001,Natural direct detection,Sequence-confirmed direct viral RNA detection,Yes,Positive,S0075,Blarina brevicauda,Soricidae,United States,"Naushon Island and a West Tisbury/Martha's Vineyard study site, Massachusetts",September 2020,2020,2020,deer tick virus,Flaviviridae,PCR + sequencing,Brain and spleen; DTV RNA was detected in brain,3,1
34811484-002,Indirect or contextual evidence,Indirect host association from bloodmeal-remnant DNA in infected ticks,No,Uncertain / not applicable,S0075,Blarina brevicauda,Soricidae,United States,"Naushon Island and a West Tisbury/Martha's Vineyard study site, Massachusetts",Ticks collected 2018–2020,2018,2020,deer tick virus,Flaviviridae,PCR / RT-PCR,DTV-positive questing nymphal ticks,,
35169491-001,Natural direct detection,Sequence-confirmed direct viral RNA detection,Yes,Positive,S0076,Sorex araneus,Soricidae,Germany,Five trapping areas in Baden-Württemberg,2012–2013,2012,2013,Species A rotavirus (RVA) from common shrews,Sedoreoviridae,PCR + sequencing,Intestinal content/faecal suspension,16,2
35169491-002,Natural direct detection,Assay-specific viral RNA screening — negative,No,Negative,S0076,Sorex araneus,Soricidae,Germany,Five trapping areas in Baden-Württemberg,2012–2013,2012,2013,Species A rotavirus (RVA) from common shrews,Sedoreoviridae,PCR / RT-PCR,Intestinal content/faecal suspension,16,0
35169491-003,Natural direct detection,Viral genome sequencing,No,Positive,S0076,Sorex araneus,Soricidae,Germany,Five trapping areas in Baden-Württemberg,2012–2013,2012,2013,Species A rotavirus (RVA) from common shrews,Sedoreoviridae,PCR + sequencing,Intestinal content/faecal suspension,1,1
35169491-004,Natural direct detection,Viral genome sequencing,No,Positive,S0076,Sorex araneus,Soricidae,Germany,Five trapping areas in Baden-Württemberg,2012–2013,2012,2013,Species A rotavirus (RVA) from common shrews,Sedoreoviridae,PCR + sequencing,Intestinal content/faecal suspension,1,1
35215906-001,Natural direct detection,Sequence-confirmed direct hantaviral RNA detection,Yes,Positive,S0077,Talpa altaica,Talpidae,Russia,"Western Siberia: Academgorodok, Teletskoye Lake and Azhendarovo",2017–2021,2017,2021,Academ virus (ACDV),Hantaviridae,PCR + sequencing,Lung tissue,18,14
35215906-002,Natural direct detection,Sequence-confirmed direct hantaviral RNA detection,No,Positive,S0077,Talpa altaica,Talpidae,Russia,"Academgorodok, Novosibirsk Oblast",2017,2017,2017,Academ virus (ACDV),Hantaviridae,PCR + sequencing,Lung tissue,2,1
35215906-003,Natural direct detection,Sequence-confirmed direct hantaviral RNA detection,No,Positive,S0077,Talpa altaica,Talpidae,Russia,"Academgorodok, Novosibirsk Oblast",2019,2019,2019,Academ virus (ACDV),Hantaviridae,PCR + sequencing,Lung tissue,3,3
35215906-004,Natural direct detection,Sequence-confirmed direct hantaviral RNA detection,No,Positive,S0077,Talpa altaica,Talpidae,Russia,"Academgorodok, Novosibirsk Oblast",2021,2021,2021,Academ virus (ACDV),Hantaviridae,PCR + sequencing,Lung tissue,2,2
35215906-005,Natural direct detection,Sequence-confirmed direct hantaviral RNA detection,No,Positive,S0077,Talpa altaica,Talpidae,Russia,"Teletskoye Lake, Altai Republic",2018,2018,2018,Academ virus (ACDV),Hantaviridae,PCR + sequencing,Lung tissue,1,1
35215906-006,Natural direct detection,Sequence-confirmed direct hantaviral RNA detection,No,Positive,S0077,Talpa altaica,Talpidae,Russia,"Teletskoye Lake, Altai Republic",2020,2020,2020,Academ virus (ACDV),Hantaviridae,PCR + sequencing,Lung tissue,6,5
35215906-007,Natural direct detection,Sequence-confirmed direct hantaviral RNA detection,No,Positive,S0077,Talpa altaica,Talpidae,Russia,"Azhendarovo, Kemerovo Oblast",2021,2021,2021,Academ virus (ACDV),Hantaviridae,PCR + sequencing,Lung tissue,4,2
35215906-008,Natural direct detection,Complete/partial viral genome-segment sequences,No,Positive,S0077,Talpa altaica,Talpidae,Russia,"Academgorodok, Novosibirsk Oblast",2017,2017,2017,Academ virus strain Academ-Ta450/Russia/2017,Hantaviridae,PCR + sequencing,Lung tissue,1,1
35298912-002,Pooled sequencing,Pooled-library metatranscriptomic detection,No,Positive,S0078,Erinaceus amurensis,Erinaceidae,China,Multiple provinces in China; hedgehog-specific province distribution was not listed in the main text,June 2017 to December 2021,2017,2021,Picornaviridae-associated virus sequences,Picornaviridae,Metagenomic / pooled sequencing,"Pharyngeal, anal, nasal and fecal swabs from living animals; mixed organ tissues from deceased animals",,
35298912-003,Pooled sequencing,Pooled-library metatranscriptomic detection,No,Positive,S0078,Erinaceus amurensis,Erinaceidae,China,Multiple provinces in China; hedgehog-specific province distribution was not listed in the main text,June 2017 to December 2021,2017,2021,Coronaviridae-associated virus sequences,Coronaviridae,Metagenomic / pooled sequencing,"Pharyngeal, anal, nasal and fecal swabs from living animals; mixed organ tissues from deceased animals",,
35298912-004,Pooled sequencing,Pooled-library metatranscriptomic detection,No,Positive,S0078,Erinaceus amurensis,Erinaceidae,China,Multiple provinces in China; hedgehog-specific province distribution was not listed in the main text,June 2017 to December 2021,2017,2021,Parvoviridae-associated virus sequences,Parvoviridae,Metagenomic / pooled sequencing,"Pharyngeal, anal, nasal and fecal swabs from living animals; mixed organ tissues from deceased animals",,
35298912-005,Pooled sequencing,Pooled metatranscriptomic sequence and phylogenetic characterization,No,Positive,S0078,Erinaceus amurensis,Erinaceidae,China,Multiple provinces in China; hedgehog-specific province distribution was not listed in the main text,June 2017 to December 2021,2017,2021,Erinaceus amurensis hedgehog coronavirus HKU31 (Ea-HedCoV HKU31),Coronaviridae,Metagenomic / pooled sequencing,"Pharyngeal, anal, nasal and fecal swabs from living animals; mixed organ tissues from deceased animals",,
35298912-006,Pooled sequencing,Pooled metatranscriptomic sequence and phylogenetic characterization,No,Positive,S0078,Erinaceus amurensis,Erinaceidae,China,Multiple provinces in China; hedgehog-specific province distribution was not listed in the main text,June 2017 to December 2021,2017,2021,hedgehog chapparvovirus,Parvoviridae,Metagenomic / pooled sequencing,"Pharyngeal, anal, nasal and fecal swabs from living animals; mixed organ tissues from deceased animals",,
35336869-001,Natural direct detection,Direct viral RNA detection,Yes,Positive,S0079,Sorex araneus,Soricidae,Germany,"Germany; selected positive strain trapped near Stuttgart, south-west Germany",The selected strain was collected in June 2013,2013,2013,"Putative rotavirus species L (RVL), strain KS14/0241",Sedoreoviridae,PCR + sequencing,Intestinal content,46,5
35336869-002,Natural direct detection,Complete viral genome sequence,No,Positive,S0079,Sorex araneus,Soricidae,Germany,"Near Stuttgart, south-west Germany",June 2013,2013,2013,"Putative rotavirus species L (RVL), strain KS14/0241",Sedoreoviridae,PCR + sequencing,Intestinal content,1,1
32630296-001,Serology,Direct viral RNA and antibody detection in a selected positive specimen,No,Positive,S0080,Suncus murinus,Soricidae,China,"Mazhang District, Zhanjiang City, Guangdong Province",September 2012,2012,2012,rat hepatitis E virus,Hepeviridae,Serology,Serum,1,1
32630296-002,Natural direct detection,"In vivo recovery, cell-culture propagation and complete viral genome sequencing",No,Positive,S0080,Suncus murinus,Soricidae,China,"Mazhang District, Zhanjiang City, Guangdong Province",September 2012,2012,2012,rat hepatitis E virus,Hepeviridae,PCR + sequencing,Shrew serum-derived virus recovered from nude-rat feces and propagated in PLC/PRF/5 cells,1,1
32634600-001,Natural direct detection,Direct viral RNA screening summary,No,Uncertain / not applicable,S0081,Soricidae spp.,Soricidae,China,"Eleven provinces: Beijing, Guangdong, Henan, Heilongjiang, Jilin, Liaoning, Inner Mongolia, Shandong, Xinjiang, Yunnan and Zhejiang",September 2013 to May 2019,2013,2019,Beilong virus,Paramyxoviridae,PCR + sequencing,"At least one of heart, liver, spleen, lung, kidney and intestine content",100,
32634600-002,Natural direct detection,Sequence-confirmed direct viral RNA detection,Yes,Positive,S0081,Suncus murinus,Soricidae,China,"Eleven provinces: Beijing, Guangdong, Henan, Heilongjiang, Jilin, Liaoning, Inner Mongolia, Shandong, Xinjiang, Yunnan and Zhejiang",September 2013 to May 2019,2013,2019,Beilong virus,Paramyxoviridae,PCR + sequencing,"At least one of heart, liver, spleen, lung, kidney and intestine content",74,13
32634600-003,Natural direct detection,Sequence-confirmed direct viral RNA detection,Yes,Positive,S0081,Crocidura shantungensis,Soricidae,China,"Eleven provinces: Beijing, Guangdong, Henan, Heilongjiang, Jilin, Liaoning, Inner Mongolia, Shandong, Xinjiang, Yunnan and Zhejiang",September 2013 to May 2019,2013,2019,Beilong virus,Paramyxoviridae,PCR + sequencing,"At least one of heart, liver, spleen, lung, kidney and intestine content",7,2
32734101-001,Natural direct detection,Direct viral DNA screening — negative,Yes,Negative,S0082,Atelerix albiventris,Erinaceidae,Japan,Not reported,21 December 2016,2016,2016,African pygmy hedgehog adenovirus 1 (AhAdV-1),Adenoviridae,PCR + sequencing,Throat/nasal swab,28,0
32734101-002,Natural direct detection,Sequence-confirmed direct viral DNA detection,Yes,Positive,S0082,Atelerix albiventris,Erinaceidae,Japan,Not reported,October–November 2017,2017,2017,African pygmy hedgehog adenovirus 1 (AhAdV-1),Adenoviridae,PCR + sequencing,Throat/nasal swabs,15,13
32734101-003,Natural direct detection,Direct viral DNA detection in FFPE lung tissue,No,Positive,S0082,Atelerix albiventris,Erinaceidae,Japan,Not reported,October–November 2017,2017,2017,African pygmy hedgehog adenovirus 1 (AhAdV-1),Adenoviridae,PCR + sequencing,FFPE lung tissue,5,2
32734101-004,Natural direct detection,Persistent direct viral DNA detection,No,Positive,S0082,Atelerix albiventris,Erinaceidae,Japan,Not reported,"6 April 2018, approximately six months after the outbreak",2018,2018,African pygmy hedgehog adenovirus 1 (AhAdV-1),Adenoviridae,PCR + sequencing,Nasal swab,5,1
32734101-005,Natural direct detection,Virus isolation from a sequence-positive respiratory swab,No,Positive,S0082,Atelerix albiventris,Erinaceidae,Japan,Not reported,21 October 2017,2017,2017,African pygmy hedgehog adenovirus 1 (AhAdV-1),Adenoviridae,PCR + sequencing,Throat/nasal swab from Case 11,1,1
33014888-001,Natural direct detection,Sequence-confirmed direct viral RNA detection,Yes,Positive,S0083,Blarina brevicauda,Soricidae,United States,"Arkansas, Iowa, Kansas, Maryland, Massachusetts, Michigan, Minnesota, New Hampshire, Ohio, Pennsylvania, Virginia and Wisconsin",1980–2001,1980,2001,Camp Ripley virus,Hantaviridae,PCR + sequencing,Liver and/or lung tissue,101,36
33014888-002,Natural direct detection,Sequence-confirmed direct viral RNA detection,Yes,Positive,S0083,Blarina carolinensis,Soricidae,United States,"Leon County, Florida",18 June 1983,1983,1983,Camp Ripley virus,Hantaviridae,PCR + sequencing,Liver and/or lung tissue,10,1
33014888-003,Natural direct detection,Comparative viral segment sequencing and phylogenetic reassortment analysis,No,Positive,S0083,Blarina brevicauda; Blarina carolinensis,Soricidae,United States,Thirteen US states represented in Table 1,1980–2001,1980,2001,Camp Ripley virus,Hantaviridae,PCR + sequencing,Liver and/or lung tissue,37,37
33168902-001,Natural direct detection,Nanopore discovery and complete viral genome sequencing,No,Positive,S0084,Erinaceus europaeus,Erinaceidae,Belgium,"Towns surrounding rescue shelters in Merelbeke, Malderen and Opglabbeek",2015–2019,2015,2019,belerina virus,Paramyxoviridae,Sequencing,Kidney tissue,1,1
33168902-002,Natural direct detection,Direct viral RNA detection,Yes,Positive,S0084,Erinaceus europaeus,Erinaceidae,Belgium,"Towns surrounding rescue shelters in Merelbeke, Malderen and Opglabbeek",2015–2019,2015,2019,belerina virus,Paramyxoviridae,PCR / RT-PCR,Kidney tissue,147,57
33168902-003,Natural direct detection,Direct viral RNA detection with histopathological assessment,No,Positive,S0084,Erinaceus europaeus,Erinaceidae,Belgium,"Towns surrounding rescue shelters in Merelbeke, Malderen and Opglabbeek",Final year of the 2015–2019 collection period,2015,2019,belerina virus,Paramyxoviridae,PCR / RT-PCR,Kidney and lung tissue,10,2
33375950-001,Natural direct detection,Sequence-confirmed direct viral RNA detection,Yes,Positive,S0085,Sorex araneus,Soricidae,Sweden,"Västerbotten County (64.85°N, 17.9°E)",Fall 1998,1998,1998,Seewis hantavirus (SWSV),Hantaviridae,PCR + sequencing,Lung tissue,198,3
33419245-001,Natural direct detection,Previously confirmed direct viral RNA-positive specimens,No,Positive,S0086,Erinaceus europaeus,Erinaceidae,Italy,"Bologna and Ferrara provinces, Emilia-Romagna region, Northern Italy",November 2018 to January 2019,2018,2019,Erinaceus coronavirus (EriCoV),Coronaviridae,PCR + sequencing,Feces,12,12
33419245-002,Natural direct detection,Complete viral genome sequencing,No,Positive,S0086,Erinaceus europaeus,Erinaceidae,Italy,"Budrio, Bologna Province",2018,2018,2018,Erinaceus coronavirus (EriCoV),Coronaviridae,Sequencing,Feces,1,1
33419245-003,Natural direct detection,Complete viral genome sequencing,No,Positive,S0086,Erinaceus europaeus,Erinaceidae,Italy,"Bologna, Bologna Province",2018,2018,2018,Erinaceus coronavirus (EriCoV),Coronaviridae,Sequencing,Feces,1,1
33419245-004,Natural direct detection,Complete viral genome sequencing,No,Positive,S0086,Erinaceus europaeus,Erinaceidae,Italy,"Bentivoglio, Bologna Province",2018,2018,2018,Erinaceus coronavirus (EriCoV),Coronaviridae,Sequencing,Feces,1,1
33419245-005,Natural direct detection,Complete viral genome sequencing,No,Positive,S0086,Erinaceus europaeus,Erinaceidae,Italy,"Bologna, Bologna Province",2018,2018,2018,Erinaceus coronavirus (EriCoV),Coronaviridae,Sequencing,Feces,1,1
33419245-006,Natural direct detection,Complete viral genome sequencing,No,Positive,S0086,Erinaceus europaeus,Erinaceidae,Italy,"Ferrara, Ferrara Province",2019,2019,2019,Erinaceus coronavirus (EriCoV),Coronaviridae,Sequencing,Feces,1,1
33419245-007,Natural direct detection,Complete viral genome sequencing,No,Positive,S0086,Erinaceus europaeus,Erinaceidae,Italy,"Bentivoglio, Bologna Province",2019,2019,2019,Erinaceus coronavirus (EriCoV),Coronaviridae,Sequencing,Feces,1,1
33419245-008,Natural direct detection,Complete viral genome sequencing,No,Positive,S0086,Erinaceus europaeus,Erinaceidae,Italy,"Granarolo, Bologna Province",2019,2019,2019,Erinaceus coronavirus (EriCoV),Coronaviridae,Sequencing,Feces,1,1
33419245-009,Natural direct detection,Complete viral genome sequencing,No,Positive,S0086,Erinaceus europaeus,Erinaceidae,Italy,"Imola, Bologna Province",2019,2019,2019,Erinaceus coronavirus (EriCoV),Coronaviridae,Sequencing,Feces,1,1
33419245-010,Natural direct detection,Viral genomic feature detected by NGS and targeted Sanger sequencing,No,Positive,S0086,Erinaceus europaeus,Erinaceidae,Italy,"Bologna and Ferrara provinces, Emilia-Romagna region, Northern Italy",November 2018 to January 2019,2018,2019,Erinaceus coronavirus (EriCoV),Coronaviridae,PCR + sequencing,Feces,12,8
33553564-001,Natural direct detection,Direct viral RNA detection,Yes,Positive,S0087,Suncus murinus,Soricidae,Singapore,Nineteen sites across Singapore,November 2011 to May 2015 in Methods; the abstract states November 2011 to May 2014,2011,2015,Astrovirus,Astroviridae,PCR + sequencing,"Combined oropharyngeal/rectal swabs or large intestine, depending on animal",95,7
33553564-002,Natural direct detection,Direct viral RNA detection,No,Positive,S0087,Suncus murinus,Soricidae,Singapore,Nineteen sites across Singapore,November 2011 to May 2015 in Methods; the abstract states November 2011 to May 2014,2011,2015,Astrovirus,Astroviridae,PCR + sequencing,Combined oropharyngeal and rectal swabs,75,7
33553564-003,Natural direct detection,Direct viral RNA screening — negative,No,Negative,S0087,Suncus murinus,Soricidae,Singapore,Nineteen sites across Singapore,November 2011 to May 2015 in Methods; the abstract states November 2011 to May 2014,2011,2015,Astrovirus,Astroviridae,PCR + sequencing,Large intestine tissue,20,0
33667697-001,Natural direct detection,Direct viral RNA screening — negative,Yes,Negative,S0088,Crocidura goliath,Soricidae,Gabon,Lambaréné,May 2019 to March 2020,2019,2020,lymphocytic choriomeningitis virus,Arenaviridae,PCR / RT-PCR,Kidney tissue,129,0
33667697-002,Serology,Anti-LCMV IgG detection,Yes,Positive,S0088,Crocidura goliath,Soricidae,Gabon,Lambaréné,May 2019 to March 2020,2019,2020,lymphocytic choriomeningitis virus,Arenaviridae,Serology,Serum/plasma,119,3
33684147-001,Natural direct detection,Direct viral RNA screening — negative,Yes,Negative,S0089,Soricidae spp.,Soricidae,Gabon,"Franceville: Mbaya, Mangoungou, Ombélé, Potos, Sable and Yéné districts, plus vegetated areas",Four trapping sessions in 2014,2014,2014,Mammarenavirus spp.,Arenaviridae,PCR / RT-PCR,Spleen,19,0
33684147-002,Natural direct detection,Direct viral RNA screening — negative,Yes,Negative,S0089,Soricidae spp.,Soricidae,Gabon,"Franceville: Mbaya, Mangoungou, Ombélé, Potos, Sable and Yéné districts, plus vegetated areas",Four trapping sessions in 2014,2014,2014,Lymphocytic choriomeningitis mammarenavirus (LCMV),Arenaviridae,PCR / RT-PCR,Spleen,19,0
33684147-003,Natural direct detection,Direct viral RNA screening — negative,Yes,Negative,S0089,Soricidae spp.,Soricidae,Gabon,"Franceville: Mbaya, Mangoungou, Ombélé, Potos, Sable and Yéné districts, plus vegetated areas",Four trapping sessions in 2014,2014,2014,Hantavirus spp.,Hantaviridae,PCR / RT-PCR,Spleen,19,0
33684147-004A,Natural direct detection,Direct viral RNA screening — negative,Yes,Negative,S0089,Soricidae spp.,Soricidae,Gabon,"Franceville: Mbaya, Mangoungou, Ombélé, Potos, Sable and Yéné districts, plus vegetated areas",Four trapping sessions in 2014,2014,2014,Respirovirus (assay target),Paramyxoviridae,PCR / RT-PCR,Spleen,19,0
33684147-004B,Natural direct detection,Direct viral RNA screening — negative,Yes,Negative,S0089,Soricidae spp.,Soricidae,Gabon,"Franceville: Mbaya, Mangoungou, Ombélé, Potos, Sable and Yéné districts, plus vegetated areas",Four trapping sessions in 2014,2014,2014,Morbillivirus (assay target),Paramyxoviridae,PCR / RT-PCR,Spleen,19,0
33684147-004C,Natural direct detection,Direct viral RNA screening — negative,Yes,Negative,S0089,Soricidae spp.,Soricidae,Gabon,"Franceville: Mbaya, Mangoungou, Ombélé, Potos, Sable and Yéné districts, plus vegetated areas",Four trapping sessions in 2014,2014,2014,Henipavirus (assay target),Paramyxoviridae,PCR / RT-PCR,Spleen,19,0
33684147-004D,Natural direct detection,Direct viral RNA screening — negative,Yes,Negative,S0089,Soricidae spp.,Soricidae,Gabon,"Franceville: Mbaya, Mangoungou, Ombélé, Potos, Sable and Yéné districts, plus vegetated areas",Four trapping sessions in 2014,2014,2014,avulavirus assay target,Paramyxoviridae,PCR / RT-PCR,Spleen,19,0
33684147-004E,Natural direct detection,Direct viral RNA screening — negative,Yes,Negative,S0089,Soricidae spp.,Soricidae,Gabon,"Franceville: Mbaya, Mangoungou, Ombélé, Potos, Sable and Yéné districts, plus vegetated areas",Four trapping sessions in 2014,2014,2014,rubulavirus assay target,Paramyxoviridae,PCR / RT-PCR,Spleen,19,0
33684147-004F,Natural direct detection,Direct viral RNA screening — negative,Yes,Negative,S0089,Soricidae spp.,Soricidae,Gabon,"Franceville: Mbaya, Mangoungou, Ombélé, Potos, Sable and Yéné districts, plus vegetated areas",Four trapping sessions in 2014,2014,2014,pneumovirus assay target,Pneumoviridae,PCR / RT-PCR,Spleen,19,0
33684147-005,Natural direct detection,Direct viral RNA screening — negative,Yes,Negative,S0089,Soricidae spp.,Soricidae,Gabon,"Franceville: Mbaya, Mangoungou, Ombélé, Potos, Sable and Yéné districts, plus vegetated areas",Four trapping sessions in 2014,2014,2014,Zika virus,Flaviviridae,PCR / RT-PCR,Spleen,19,0
33684147-006,Natural direct detection,Direct viral RNA screening — negative,Yes,Negative,S0089,Soricidae spp.,Soricidae,Gabon,"Franceville: Mbaya, Mangoungou, Ombélé, Potos, Sable and Yéné districts, plus vegetated areas",Four trapping sessions in 2014,2014,2014,Flavivirus,Flaviviridae,PCR / RT-PCR,Spleen,19,0
31373319-001,Natural direct detection,Sequence-confirmed direct viral RNA detection,Yes,Positive,S0090,Sorex monticolus; Sorex palustris; Sorex trowbridgii; Sorex vagrans; Sorex pacificus; Sorex bendirii; Sorex haydeni,Soricidae,Canada and United States,Western North America,1983–2007,1983,2007,Jemez Springs virus (JMSV),Hantaviridae,PCR + sequencing,Liver or lung tissue,164,30
31373319-002,Natural direct detection,Direct viral RNA detection,No,Positive,S0090,Sorex monticolus,Soricidae,Canada,British Columbia,2006,2006,2006,Jemez Springs virus (JMSV),Hantaviridae,PCR + sequencing,Liver or lung tissue,10,3
31373319-003,Natural direct detection,Direct viral RNA detection,No,Negative,S0090,Sorex monticolus,Soricidae,Canada,Yukon Territory,2004,2004,2004,Jemez Springs virus (JMSV),Hantaviridae,PCR + sequencing,Liver or lung tissue,1,0
31373319-004,Natural direct detection,Direct viral RNA detection,No,Positive,S0090,Sorex monticolus,Soricidae,Canada,Yukon Territory,2005,2005,2005,Jemez Springs virus (JMSV),Hantaviridae,PCR + sequencing,Liver or lung tissue,17,3
31373319-005,Natural direct detection,Direct viral RNA detection,No,Negative,S0090,Sorex monticolus,Soricidae,Canada,Yukon Territory,2006,2006,2006,Jemez Springs virus (JMSV),Hantaviridae,PCR + sequencing,Liver or lung tissue,1,0
31373319-006,Natural direct detection,Direct viral RNA detection,No,Negative,S0090,Sorex monticolus,Soricidae,United States,Alaska,1998,1998,1998,Jemez Springs virus (JMSV),Hantaviridae,PCR + sequencing,Liver or lung tissue,1,0
31373319-007,Natural direct detection,Direct viral RNA detection,No,Positive,S0090,Sorex monticolus,Soricidae,United States,Alaska,2001,2001,2001,Jemez Springs virus (JMSV),Hantaviridae,PCR + sequencing,Liver or lung tissue,9,3
31373319-008,Natural direct detection,Direct viral RNA detection,No,Negative,S0090,Sorex monticolus,Soricidae,United States,Alaska,2002,2002,2002,Jemez Springs virus (JMSV),Hantaviridae,PCR + sequencing,Liver or lung tissue,7,0
31373319-009,Natural direct detection,Direct viral RNA detection,No,Negative,S0090,Sorex monticolus,Soricidae,United States,Alaska,2005,2005,2005,Jemez Springs virus (JMSV),Hantaviridae,PCR + sequencing,Liver or lung tissue,6,0
31373319-010,Natural direct detection,Direct viral RNA detection,No,Positive,S0090,Sorex monticolus,Soricidae,United States,Colorado,1994,1994,1994,Jemez Springs virus (JMSV),Hantaviridae,PCR + sequencing,Liver or lung tissue,1,1
31373319-011,Natural direct detection,Direct viral RNA detection,No,Negative,S0090,Sorex monticolus,Soricidae,United States,New Mexico,1995,1995,1995,Jemez Springs virus (JMSV),Hantaviridae,PCR + sequencing,Liver or lung tissue,1,0
31373319-012,Natural direct detection,Direct viral RNA detection,No,Positive,S0090,Sorex monticolus,Soricidae,United States,New Mexico,1996,1996,1996,Jemez Springs virus (JMSV),Hantaviridae,PCR + sequencing,Liver or lung tissue,5,2
31373319-013,Natural direct detection,Direct viral RNA detection,No,Positive,S0090,Sorex monticolus,Soricidae,United States,New Mexico,1998,1998,1998,Jemez Springs virus (JMSV),Hantaviridae,PCR + sequencing,Liver or lung tissue,4,1
31373319-014,Natural direct detection,Direct viral RNA detection,No,Positive,S0090,Sorex monticolus,Soricidae,United States,New Mexico,2000,2000,2000,Jemez Springs virus (JMSV),Hantaviridae,PCR + sequencing,Liver or lung tissue,4,1
31373319-015,Natural direct detection,Direct viral RNA detection,No,Negative,S0090,Sorex monticolus,Soricidae,United States,Utah,1994,1994,1994,Jemez Springs virus (JMSV),Hantaviridae,PCR + sequencing,Liver or lung tissue,1,0
31373319-016,Natural direct detection,Direct viral RNA detection,No,Negative,S0090,Sorex monticolus,Soricidae,United States,Utah,1997,1997,1997,Jemez Springs virus (JMSV),Hantaviridae,PCR + sequencing,Liver or lung tissue,1,0
31373319-017,Natural direct detection,Direct viral RNA detection,No,Positive,S0090,Sorex palustris,Soricidae,Canada,Yukon Territory,2005,2005,2005,Jemez Springs virus (JMSV),Hantaviridae,PCR + sequencing,Liver or lung tissue,4,1
31373319-018,Natural direct detection,Direct viral RNA detection,No,Negative,S0090,Sorex palustris,Soricidae,United States,New Mexico,1998,1998,1998,Jemez Springs virus (JMSV),Hantaviridae,PCR + sequencing,Liver or lung tissue,3,0
31373319-019,Natural direct detection,Direct viral RNA detection,No,Negative,S0090,Sorex palustris,Soricidae,United States,New Mexico,2007,2007,2007,Jemez Springs virus (JMSV),Hantaviridae,PCR + sequencing,Liver or lung tissue,2,0
31373319-020,Natural direct detection,Direct viral RNA detection,No,Negative,S0090,Sorex palustris,Soricidae,United States,Wyoming,2007,2007,2007,Jemez Springs virus (JMSV),Hantaviridae,PCR + sequencing,Liver or lung tissue,1,0
31373319-021,Natural direct detection,Direct viral RNA detection,No,Positive,S0090,Sorex trowbridgii,Soricidae,United States,Washington,1996,1996,1996,Jemez Springs virus (JMSV),Hantaviridae,PCR + sequencing,Liver or lung tissue,3,2
31373319-022,Natural direct detection,Direct viral RNA detection,No,Positive,S0090,Sorex trowbridgii,Soricidae,United States,Oregon,2003,2003,2003,Jemez Springs virus (JMSV),Hantaviridae,PCR + sequencing,Liver or lung tissue,24,2
31373319-023,Natural direct detection,Direct viral RNA detection,No,Positive,S0090,Sorex trowbridgii,Soricidae,United States,Oregon,2004,2004,2004,Jemez Springs virus (JMSV),Hantaviridae,PCR + sequencing,Liver or lung tissue,8,1
31373319-024,Natural direct detection,Direct viral RNA detection,No,Positive,S0090,Sorex vagrans,Soricidae,Canada,British Columbia,1996,1996,1996,Jemez Springs virus (JMSV),Hantaviridae,PCR + sequencing,Liver or lung tissue,9,1
31373319-025,Natural direct detection,Direct viral RNA detection,No,Positive,S0090,Sorex vagrans,Soricidae,United States,California,1983,1983,1983,Jemez Springs virus (JMSV),Hantaviridae,PCR + sequencing,Liver or lung tissue,3,1
31373319-026,Natural direct detection,Direct viral RNA detection,No,Negative,S0090,Sorex vagrans,Soricidae,United States,New Mexico,1994,1994,1994,Jemez Springs virus (JMSV),Hantaviridae,PCR + sequencing,Liver or lung tissue,1,0
31373319-027,Natural direct detection,Direct viral RNA detection,No,Negative,S0090,Sorex vagrans,Soricidae,United States,New Mexico,1996,1996,1996,Jemez Springs virus (JMSV),Hantaviridae,PCR + sequencing,Liver or lung tissue,1,0
31373319-028,Natural direct detection,Direct viral RNA detection,No,Negative,S0090,Sorex vagrans,Soricidae,United States,Oregon,1994,1994,1994,Jemez Springs virus (JMSV),Hantaviridae,PCR + sequencing,Liver or lung tissue,3,0
31373319-029,Natural direct detection,Direct viral RNA detection,No,Positive,S0090,Sorex vagrans,Soricidae,United States,Oregon,2003,2003,2003,Jemez Springs virus (JMSV),Hantaviridae,PCR + sequencing,Liver or lung tissue,17,3
31373319-030,Natural direct detection,Direct viral RNA detection,No,Positive,S0090,Sorex vagrans,Soricidae,United States,Oregon,2004,2004,2004,Jemez Springs virus (JMSV),Hantaviridae,PCR + sequencing,Liver or lung tissue,5,1
31373319-031,Natural direct detection,Direct viral RNA detection,No,Positive,S0090,Sorex vagrans,Soricidae,United States,Oregon,2005,2005,2005,Jemez Springs virus (JMSV),Hantaviridae,PCR + sequencing,Liver or lung tissue,6,2
31373319-032,Natural direct detection,Direct viral RNA detection,No,Positive,S0090,Sorex pacificus,Soricidae,United States,Oregon,2005,2005,2005,Jemez Springs virus (JMSV),Hantaviridae,PCR + sequencing,Liver or lung tissue,1,1
31373319-033,Natural direct detection,Direct viral RNA detection,No,Negative,S0090,Sorex bendirii,Soricidae,United States,Oregon,2003,2003,2003,Jemez Springs virus (JMSV),Hantaviridae,PCR + sequencing,Liver or lung tissue,1,0
31373319-034,Natural direct detection,Direct viral RNA detection,No,Negative,S0090,Sorex bendirii,Soricidae,United States,Oregon,2005,2005,2005,Jemez Springs virus (JMSV),Hantaviridae,PCR + sequencing,Liver or lung tissue,2,0
31373319-035,Natural direct detection,Direct viral RNA detection,No,Positive,S0090,Sorex haydeni,Soricidae,United States,New Mexico,1996,1996,1996,Jemez Springs virus (JMSV),Hantaviridae,PCR + sequencing,Liver or lung tissue,1,1
31373319-036,Natural direct detection,Phylogenetic characterization of sequence-confirmed positive samples,No,Positive,S0090,Sorex vagrans,Soricidae,Canada and United States,Western North America,1983–2007,1983,2007,Jemez Springs virus (JMSV),Hantaviridae,PCR + sequencing,Liver or lung tissue,30,30
31422116-001A,Natural direct detection,Sequence-confirmed direct viral RNA detection,Yes,Positive,S0091,Sorex caecutiens,Soricidae,Russia,Khabarovsk Krai,"2007–2009, 2011 and 2016–2017",2007,2017,Lena River virus,Hantaviridae,PCR + sequencing,Lung tissue,85,1
31422116-001B,Natural direct detection,Sequence-confirmed direct viral RNA detection,Yes,Positive,S0091,Sorex caecutiens,Soricidae,Russia,Khabarovsk Krai,"2007–2009, 2011 and 2016–2017",2007,2017,Artybash virus,Hantaviridae,PCR + sequencing,Lung tissue,85,8
31422116-002,Natural direct detection,Sequence-confirmed direct viral RNA detection,Yes,Positive,S0091,Sorex isodon,Soricidae,Russia,Khabarovsk Krai,"2007–2009, 2011 and 2016–2017",2007,2017,Yakeshi virus (YKSV)-related hantavirus,Hantaviridae,PCR + sequencing,Lung tissue,43,2
31422116-003,Natural direct detection,Sequence-confirmed direct viral RNA detection,Yes,Positive,S0091,Sorex roboratus,Soricidae,Russia,Khabarovsk Krai,"2007–2009, 2011 and 2016–2017",2007,2017,Kenkeme virus,Hantaviridae,PCR + sequencing,Lung tissue,1,1
31422116-004,Natural direct detection,Sequence-confirmed direct viral RNA detection,Yes,Positive,S0091,Sorex tundrensis,Soricidae,Russia,Khabarovsk Krai,"2007–2009, 2011 and 2016–2017",2007,2017,Artybash virus,Hantaviridae,PCR + sequencing,Lung tissue,49,16
31422116-005,Natural direct detection,Direct viral RNA screening — negative,Yes,Negative,S0091,Crocidura lasiura,Soricidae,Russia,Khabarovsk Krai,"2007–2009, 2011 and 2016–2017",2007,2017,Hantavirus RNA,Hantaviridae,PCR + sequencing,Lung tissue,5,0
31422116-006,Natural direct detection,Direct viral RNA detection,No,Positive,S0091,Sorex caecutiens,Soricidae,Russia,"Khekhtsir, Khabarovsk Krai",2007,2007,2007,Hantavirus RNA; strain-level assignments are described elsewhere in the article,Hantaviridae,PCR + sequencing,Lung tissue,13,1
31422116-007,Natural direct detection,Direct viral RNA detection,No,Positive,S0091,Sorex caecutiens,Soricidae,Russia,"Khekhtsir, Khabarovsk Krai",2008,2008,2008,Hantavirus RNA; strain-level assignments are described elsewhere in the article,Hantaviridae,PCR + sequencing,Lung tissue,7,1
31422116-008,Natural direct detection,Direct viral RNA detection,No,Negative,S0091,Sorex caecutiens,Soricidae,Russia,"Khekhtsir, Khabarovsk Krai",2009,2009,2009,Hantavirus RNA; strain-level assignments are described elsewhere in the article,Hantaviridae,PCR + sequencing,Lung tissue,3,0
31422116-009,Natural direct detection,Direct viral RNA detection,No,Positive,S0091,Sorex caecutiens,Soricidae,Russia,"Khekhtsir, Khabarovsk Krai",2011,2011,2011,Hantavirus RNA; strain-level assignments are described elsewhere in the article,Hantaviridae,PCR + sequencing,Lung tissue,17,4
31422116-010,Natural direct detection,Direct viral RNA detection,No,Positive,S0091,Sorex caecutiens,Soricidae,Russia,"Khekhtsir, Khabarovsk Krai",2016,2016,2016,Hantavirus RNA; strain-level assignments are described elsewhere in the article,Hantaviridae,PCR + sequencing,Lung tissue,3,1
31422116-011,Natural direct detection,Direct viral RNA detection,No,Positive,S0091,Sorex caecutiens,Soricidae,Russia,"Galkino, Khabarovsk Krai",2007,2007,2007,Hantavirus RNA; strain-level assignments are described elsewhere in the article,Hantaviridae,PCR + sequencing,Lung tissue,28,2
31422116-012,Natural direct detection,Direct viral RNA detection,No,Negative,S0091,Sorex caecutiens,Soricidae,Russia,"Galkino, Khabarovsk Krai",2008,2008,2008,Hantavirus RNA; strain-level assignments are described elsewhere in the article,Hantaviridae,PCR + sequencing,Lung tissue,11,0
31422116-013,Natural direct detection,Direct viral RNA detection,No,Negative,S0091,Sorex caecutiens,Soricidae,Russia,"Galkino, Khabarovsk Krai",2016,2016,2016,Hantavirus RNA; strain-level assignments are described elsewhere in the article,Hantaviridae,PCR + sequencing,Lung tissue,2,0
31422116-014,Natural direct detection,Direct viral RNA detection,No,Negative,S0091,Sorex caecutiens,Soricidae,Russia,"Galkino, Khabarovsk Krai",2017,2017,2017,Hantavirus RNA; strain-level assignments are described elsewhere in the article,Hantaviridae,PCR + sequencing,Lung tissue,1,0
31422116-015,Natural direct detection,Direct viral RNA detection,No,Positive,S0091,Sorex isodon,Soricidae,Russia,"Khekhtsir, Khabarovsk Krai",2007,2007,2007,Hantavirus RNA; strain-level assignments are described elsewhere in the article,Hantaviridae,PCR + sequencing,Lung tissue,12,1
31422116-016,Natural direct detection,Direct viral RNA detection,No,Positive,S0091,Sorex isodon,Soricidae,Russia,"Khekhtsir, Khabarovsk Krai",2008,2008,2008,Hantavirus RNA; strain-level assignments are described elsewhere in the article,Hantaviridae,PCR + sequencing,Lung tissue,11,1
31422116-017,Natural direct detection,Direct viral RNA detection,No,Negative,S0091,Sorex isodon,Soricidae,Russia,"Khekhtsir, Khabarovsk Krai",2009,2009,2009,Hantavirus RNA; strain-level assignments are described elsewhere in the article,Hantaviridae,PCR + sequencing,Lung tissue,2,0
31422116-018,Natural direct detection,Direct viral RNA detection,No,Negative,S0091,Sorex isodon,Soricidae,Russia,"Khekhtsir, Khabarovsk Krai",2011,2011,2011,Hantavirus RNA; strain-level assignments are described elsewhere in the article,Hantaviridae,PCR + sequencing,Lung tissue,11,0
31422116-019,Natural direct detection,Direct viral RNA detection,No,Negative,S0091,Sorex isodon,Soricidae,Russia,"Khekhtsir, Khabarovsk Krai",2016,2016,2016,Hantavirus RNA; strain-level assignments are described elsewhere in the article,Hantaviridae,PCR + sequencing,Lung tissue,2,0
31422116-020,Natural direct detection,Direct viral RNA detection,No,Negative,S0091,Sorex isodon,Soricidae,Russia,"Galkino, Khabarovsk Krai",2007,2007,2007,Hantavirus RNA; strain-level assignments are described elsewhere in the article,Hantaviridae,PCR + sequencing,Lung tissue,3,0
31422116-021,Natural direct detection,Direct viral RNA detection,No,Negative,S0091,Sorex isodon,Soricidae,Russia,"Galkino, Khabarovsk Krai",2008,2008,2008,Hantavirus RNA; strain-level assignments are described elsewhere in the article,Hantaviridae,PCR + sequencing,Lung tissue,2,0
31422116-022,Natural direct detection,Direct viral RNA detection,No,Positive,S0091,Sorex roboratus,Soricidae,Russia,"Galkino, Khabarovsk Krai",2016,2016,2016,Hantavirus RNA; strain-level assignments are described elsewhere in the article,Hantaviridae,PCR + sequencing,Lung tissue,1,1
31422116-023,Natural direct detection,Direct viral RNA detection,No,Positive,S0091,Sorex tundrensis,Soricidae,Russia,"Galkino, Khabarovsk Krai",2007,2007,2007,Hantavirus RNA; strain-level assignments are described elsewhere in the article,Hantaviridae,PCR + sequencing,Lung tissue,32,10
31422116-024,Natural direct detection,Direct viral RNA detection,No,Positive,S0091,Sorex tundrensis,Soricidae,Russia,"Galkino, Khabarovsk Krai",2008,2008,2008,Hantavirus RNA; strain-level assignments are described elsewhere in the article,Hantaviridae,PCR + sequencing,Lung tissue,13,4
31422116-025,Natural direct detection,Direct viral RNA detection,No,Positive,S0091,Sorex tundrensis,Soricidae,Russia,"Galkino, Khabarovsk Krai",2016,2016,2016,Hantavirus RNA; strain-level assignments are described elsewhere in the article,Hantaviridae,PCR + sequencing,Lung tissue,1,1
31422116-026,Natural direct detection,Direct viral RNA detection,No,Positive,S0091,Sorex tundrensis,Soricidae,Russia,"Galkino, Khabarovsk Krai",2017,2017,2017,Hantavirus RNA; strain-level assignments are described elsewhere in the article,Hantaviridae,PCR + sequencing,Lung tissue,3,1
31422116-027,Natural direct detection,Direct viral RNA detection,No,Negative,S0091,Crocidura lasiura,Soricidae,Russia,"Galkino, Khabarovsk Krai",2016,2016,2016,Hantavirus RNA; strain-level assignments are described elsewhere in the article,Hantaviridae,PCR + sequencing,Lung tissue,5,0
31422116-028,Natural direct detection,Sequence-based viral lineage characterization,No,Positive,S0091,Sorex caecutiens,Soricidae,Russia,Khabarovsk Krai,"2007–2009, 2011 and 2016–2017",2007,2017,Lena River virus,Hantaviridae,PCR + sequencing,Lung tissue,1,1
31422116-029,Natural direct detection,Sequence-based viral lineage characterization,No,Positive,S0091,Sorex caecutiens,Soricidae,Russia,Khabarovsk Krai,"2007–2009, 2011 and 2016–2017",2007,2017,Artybash virus,Hantaviridae,PCR + sequencing,Lung tissue,8,8
31422116-030,Natural direct detection,Sequence-based viral lineage characterization,No,Positive,S0091,Sorex tundrensis,Soricidae,Russia,Khabarovsk Krai,"2007–2009, 2011 and 2016–2017",2007,2017,Artybash virus,Hantaviridae,PCR + sequencing,Lung tissue,16,16
31422116-031,Natural direct detection,Sequence-based viral lineage characterization,No,Positive,S0091,Sorex isodon,Soricidae,Russia,Khabarovsk Krai,"2007–2009, 2011 and 2016–2017",2007,2017,Yakeshi virus (YKSV)-related virus,Hantaviridae,PCR + sequencing,Lung tissue,2,2
31422116-032,Natural direct detection,Sequence-based viral lineage characterization,No,Positive,S0091,Sorex roboratus,Soricidae,Russia,Khabarovsk Krai,"2007–2009, 2011 and 2016–2017",2007,2017,Kenkeme virus,Hantaviridae,PCR + sequencing,Lung tissue,1,1
31540127-001,Natural direct detection,Sequence-confirmed direct viral RNA detection,Yes,Positive,S0092,Sorex araneus,Soricidae,Finland,Etelä-Suomen Lääni,1982,1982,1982,"Hantavirus RNA; Seewis virus (SWSV), Altai virus (ALTV)-related variants and Kenkeme virus (KKMV)",Hantaviridae,PCR + sequencing,Lung tissue,10,4
31540127-002,Natural direct detection,Sequence-confirmed direct viral RNA detection,Yes,Positive,S0092,Sorex araneus,Soricidae,Finland,Lappi,1982,1982,1982,"Hantavirus RNA; Seewis virus (SWSV), Altai virus (ALTV)-related variants and Kenkeme virus (KKMV)",Hantaviridae,PCR + sequencing,Lung tissue,3,1
31540127-003,Natural direct detection,Sequence-confirmed direct viral RNA detection,Yes,Positive,S0092,Sorex araneus,Soricidae,Finland,Oulun Lääni,1982,1982,1982,"Hantavirus RNA; Seewis virus (SWSV), Altai virus (ALTV)-related variants and Kenkeme virus (KKMV)",Hantaviridae,PCR + sequencing,Lung tissue,9,7
31540127-004,Natural direct detection,Sequence-confirmed direct viral RNA detection,Yes,Positive,S0092,Sorex araneus,Soricidae,Hungary,Györ-Sopron-Moson,1997,1997,1997,"Hantavirus RNA; Seewis virus (SWSV), Altai virus (ALTV)-related variants and Kenkeme virus (KKMV)",Hantaviridae,PCR + sequencing,Lung tissue,19,11
31540127-005,Natural direct detection,Sequence-confirmed direct viral RNA detection,Yes,Positive,S0092,Sorex araneus,Soricidae,Hungary,Nógrád,1997,1997,1997,"Hantavirus RNA; Seewis virus (SWSV), Altai virus (ALTV)-related variants and Kenkeme virus (KKMV)",Hantaviridae,PCR + sequencing,Lung tissue,3,1
31540127-006,Natural direct detection,Sequence-confirmed direct viral RNA detection,Yes,Positive,S0092,Sorex araneus,Soricidae,Hungary,Zala,2000,2000,2000,"Hantavirus RNA; Seewis virus (SWSV), Altai virus (ALTV)-related variants and Kenkeme virus (KKMV)",Hantaviridae,PCR + sequencing,Lung tissue,44,3
31540127-007,Natural direct detection,Sequence-confirmed direct viral RNA detection,Yes,Positive,S0092,Sorex araneus,Soricidae,Poland,Chmiel,2010,2010,2010,"Hantavirus RNA; Seewis virus (SWSV), Altai virus (ALTV)-related variants and Kenkeme virus (KKMV)",Hantaviridae,PCR + sequencing,Lung tissue,11,4
31540127-008,Natural direct detection,Sequence-confirmed direct viral RNA detection,Yes,Positive,S0092,Sorex minutus,Soricidae,Poland,Chmiel,2010,2010,2010,"Hantavirus RNA; Seewis virus (SWSV), Altai virus (ALTV)-related variants and Kenkeme virus (KKMV)",Hantaviridae,PCR + sequencing,Lung tissue,7,1
31540127-009,Natural direct detection,Sequence-confirmed direct viral RNA detection,Yes,Positive,S0092,Sorex araneus,Soricidae,Poland,Huta Dłutowska,2011,2011,2011,"Hantavirus RNA; Seewis virus (SWSV), Altai virus (ALTV)-related variants and Kenkeme virus (KKMV)",Hantaviridae,PCR + sequencing,Lung tissue,9,2
31540127-010,Natural direct detection,Sequence-confirmed direct viral RNA detection,Yes,Positive,S0092,Sorex araneus,Soricidae,Poland,Kurowice,2013,2013,2013,"Hantavirus RNA; Seewis virus (SWSV), Altai virus (ALTV)-related variants and Kenkeme virus (KKMV)",Hantaviridae,PCR + sequencing,Lung tissue,13,5
31540127-011,Natural direct detection,Sequence-confirmed direct viral RNA detection,Yes,Positive,S0092,Sorex araneus,Soricidae,Russia,Teletskoye Lake,2007,2007,2007,"Hantavirus RNA; Seewis virus (SWSV), Altai virus (ALTV)-related variants and Kenkeme virus (KKMV)",Hantaviridae,PCR + sequencing,Lung tissue,9,6
31540127-012,Natural direct detection,Sequence-confirmed direct viral RNA detection,Yes,Positive,S0092,Sorex daphaenodon,Soricidae,Russia,Irkutsk City,2007,2007,2007,"Hantavirus RNA; Seewis virus (SWSV), Altai virus (ALTV)-related variants and Kenkeme virus (KKMV)",Hantaviridae,PCR + sequencing,Lung tissue,2,2
31540127-013,Natural direct detection,Sequence-confirmed direct viral RNA detection,Yes,Positive,S0092,Sorex caecutiens,Soricidae,Russia,"Amga River, Sakha Republic",2006,2006,2006,"Hantavirus RNA; Seewis virus (SWSV), Altai virus (ALTV)-related variants and Kenkeme virus (KKMV)",Hantaviridae,PCR + sequencing,Lung tissue,19,10
31540127-014,Natural direct detection,Sequence-confirmed direct viral RNA detection,Yes,Positive,S0092,Sorex minutissimus,Soricidae,Russia,"Amga River, Sakha Republic",2006,2006,2006,"Hantavirus RNA; Seewis virus (SWSV), Altai virus (ALTV)-related variants and Kenkeme virus (KKMV)",Hantaviridae,PCR + sequencing,Lung tissue,5,1
31540127-015,Natural direct detection,Sequence-confirmed direct viral RNA detection,Yes,Positive,S0092,Sorex caecutiens,Soricidae,Russia,"Kenkeme River, Sakha Republic",2006,2006,2006,"Hantavirus RNA; Seewis virus (SWSV), Altai virus (ALTV)-related variants and Kenkeme virus (KKMV)",Hantaviridae,PCR + sequencing,Lung tissue,24,4
31540127-016,Natural direct detection,Direct viral RNA screening — negative,Yes,Negative,S0092,Sorex daphaenodon,Soricidae,Russia,"Kenkeme River, Sakha Republic",2006,2006,2006,"Hantavirus RNA; Seewis virus (SWSV), Altai virus (ALTV)-related variants and Kenkeme virus (KKMV)",Hantaviridae,PCR + sequencing,Lung tissue,4,0
31540127-017,Natural direct detection,Sequence-confirmed direct viral RNA detection,Yes,Positive,S0092,Sorex roboratus,Soricidae,Russia,"Kenkeme River, Sakha Republic",2006,2006,2006,"Hantavirus RNA; Seewis virus (SWSV), Altai virus (ALTV)-related variants and Kenkeme virus (KKMV)",Hantaviridae,PCR + sequencing,Lung tissue,12,4
31540127-018,Natural direct detection,Sequence-confirmed direct viral RNA detection,Yes,Positive,S0092,Sorex caecutiens,Soricidae,Russia,"Lena River, Sakha Republic",2006,2006,2006,"Hantavirus RNA; Seewis virus (SWSV), Altai virus (ALTV)-related variants and Kenkeme virus (KKMV)",Hantaviridae,PCR + sequencing,Lung tissue,6,1
31540127-019,Natural direct detection,Direct viral RNA screening — negative,Yes,Negative,S0092,Sorex tundrensis,Soricidae,Russia,"Lena River, Sakha Republic",2006,2006,2006,"Hantavirus RNA; Seewis virus (SWSV), Altai virus (ALTV)-related variants and Kenkeme virus (KKMV)",Hantaviridae,PCR + sequencing,Lung tissue,5,0
31540127-020,Natural direct detection,Sequence-based virus assignment,No,Positive,S0092,Sorex caecutiens,Soricidae,Russia,"Amga River, Sakha Republic",August 2006,2006,2006,Seewis virus (SWSV),Hantaviridae,PCR + sequencing,Lung tissue,19,5
31540127-021,Natural direct detection,Sequence-based virus assignment,No,Positive,S0092,Sorex caecutiens,Soricidae,Russia,"Amga River, Sakha Republic",August 2006,2006,2006,Altai virus (ALTV)-related hantavirus,Hantaviridae,PCR + sequencing,Lung tissue,19,5
31540127-022,Natural direct detection,Sequence-based virus assignment,No,Positive,S0092,Sorex minutissimus,Soricidae,Russia,"Amga River, Sakha Republic",August 2006,2006,2006,Altai virus (ALTV)-related hantavirus,Hantaviridae,PCR + sequencing,Lung tissue,5,1
31540127-023,Natural direct detection,Sequence-based virus assignment,No,Positive,S0092,Sorex caecutiens,Soricidae,Russia,"Kenkeme River, Sakha Republic",August 2006,2006,2006,Altai virus (ALTV)-related hantavirus,Hantaviridae,PCR + sequencing,Lung tissue,24,4
31540127-024,Natural direct detection,Sequence-based virus assignment,No,Positive,S0092,Sorex roboratus,Soricidae,Russia,"Kenkeme River, Sakha Republic",August 2006,2006,2006,Altai virus (ALTV)-related hantavirus,Hantaviridae,PCR + sequencing,Lung tissue,12,3
31540127-025,Natural direct detection,Sequence-based virus assignment,No,Positive,S0092,Sorex roboratus,Soricidae,Russia,"Kenkeme River, Sakha Republic",August 2006,2006,2006,Kenkeme virus,Hantaviridae,PCR + sequencing,Lung tissue,12,1
31540127-026,Natural direct detection,Sequence-based virus assignment,No,Positive,S0092,Sorex caecutiens,Soricidae,Russia,"Lena River, Sakha Republic",August 2006,2006,2006,Altai virus (ALTV)-related hantavirus,Hantaviridae,PCR + sequencing,Lung tissue,6,1
31549303-001,Natural direct detection,Sequence-confirmed direct viral RNA detection,Yes,Positive,S0093,Erinaceus roumanicus,Erinaceidae,Hungary,"Budapest, Szentendre and a natural area near Pécs, Baranya County",April–July 2015,2015,2015,H14-hedgehog/2015/HUN,Tombusviridae,PCR + sequencing,Feces,20,1
31549303-002,Pooled sequencing,Pooled metagenomic detection,No,Positive,S0093,Erinaceus roumanicus,Erinaceidae,Hungary,"Budapest, Szentendre and a natural area near Pécs, Baranya County",April–July 2015,2015,2015,H14-hedgehog/2015/HUN,Tombusviridae,Metagenomic / pooled sequencing,"Pooled feces from H9, H13 and H14",3,
31549303-003,Natural direct detection,Direct viral RNA detection,No,Positive,S0093,Erinaceus roumanicus,Erinaceidae,Hungary,"Budapest, Szentendre and a natural area near Pécs, Baranya County",April–July 2015,2015,2015,H14-hedgehog/2015/HUN,Tombusviridae,PCR + sequencing,Coagulated blood,1,1
31549303-004,Natural direct detection,Direct viral RNA detection,No,Positive,S0093,Erinaceus roumanicus,Erinaceidae,Hungary,"Budapest, Szentendre and a natural area near Pécs, Baranya County",April–July 2015,2015,2015,H14-hedgehog/2015/HUN,Tombusviridae,PCR + sequencing,Abdominal muscle,1,1
31549303-005,Natural direct detection,Direct viral RNA screening — negative,No,Negative,S0093,Erinaceus roumanicus,Erinaceidae,Hungary,"Budapest, Szentendre and a natural area near Pécs, Baranya County",April–July 2015,2015,2015,H14-hedgehog/2015/HUN,Tombusviridae,PCR + sequencing,Ear skin,1,0
31549303-006,Natural direct detection,Direct viral RNA screening — negative,No,Negative,S0093,Erinaceus roumanicus,Erinaceidae,Hungary,"Budapest, Szentendre and a natural area near Pécs, Baranya County",April–July 2015,2015,2015,H14-hedgehog/2015/HUN,Tombusviridae,PCR + sequencing,Spleen,1,0
31549303-007,Natural direct detection,Direct viral RNA screening — negative,No,Negative,S0093,Erinaceus roumanicus,Erinaceidae,Hungary,"Budapest, Szentendre and a natural area near Pécs, Baranya County",April–July 2015,2015,2015,H14-hedgehog/2015/HUN,Tombusviridae,PCR + sequencing,Liver,1,0
31549303-008,Natural direct detection,Complete viral genome sequencing,No,Positive,S0093,Erinaceus roumanicus,Erinaceidae,Hungary,"Budapest, Szentendre and a natural area near Pécs, Baranya County",April–July 2015,2015,2015,H14-hedgehog/2015/HUN,Tombusviridae,PCR + sequencing,Feces from H14,1,1
31742508-001,Natural direct detection,Sequence-confirmed direct viral RNA detection,Yes,Positive,S0094,Sorex araneus,Soricidae,Germany,Different regions of Germany,2004–2014,2004,2014,rotavirus A,Sedoreoviridae,PCR + sequencing,Intestinal contents,46,10
31742508-002,Natural direct detection,Sequence-confirmed direct viral RNA detection,Yes,Positive,S0094,Sorex araneus,Soricidae,Germany,Different regions of Germany,2004–2014,2004,2014,Rotavirus C-like virus; tentative rotavirus species K,Sedoreoviridae,PCR + sequencing,Intestinal contents,46,5
31742508-003,Natural direct detection,Sequence-confirmed direct viral RNA detection,Yes,Positive,S0094,Sorex araneus,Soricidae,Germany,Different regions of Germany,2004–2014,2004,2014,Rotavirus H-like virus; tentative rotavirus species L,Sedoreoviridae,PCR + sequencing,Intestinal contents,46,7
31742508-004A,Natural direct detection,NGS and partial genome characterization,No,Positive,S0094,Sorex araneus,Soricidae,Germany,Different regions of Germany,2004–2014,2004,2014,rotavirus A,Sedoreoviridae,PCR + sequencing,Intestinal contents,1,1
31742508-004B,Natural direct detection,NGS and partial genome characterization,No,Positive,S0094,Sorex araneus,Soricidae,Germany,Different regions of Germany,2004–2014,2004,2014,Rotavirus C-like virus; tentative rotavirus species K,Sedoreoviridae,PCR + sequencing,Intestinal contents,1,1
31742508-004C,Natural direct detection,NGS and partial genome characterization,No,Positive,S0094,Sorex araneus,Soricidae,Germany,Different regions of Germany,2004–2014,2004,2014,Rotavirus H-like virus; tentative rotavirus species L,Sedoreoviridae,PCR + sequencing,Intestinal contents,1,1
31742508-005A,Natural direct detection,NGS and partial genome characterization,No,Positive,S0094,Sorex araneus,Soricidae,Germany,Different regions of Germany,2004–2014,2004,2014,rotavirus A,Sedoreoviridae,PCR + sequencing,Intestinal contents,1,1
31742508-005B,Natural direct detection,NGS and partial genome characterization,No,Positive,S0094,Sorex araneus,Soricidae,Germany,Different regions of Germany,2004–2014,2004,2014,Rotavirus C-like virus; tentative rotavirus species K,Sedoreoviridae,PCR + sequencing,Intestinal contents,1,1
31742508-005C,Natural direct detection,NGS and partial genome characterization,No,Positive,S0094,Sorex araneus,Soricidae,Germany,Different regions of Germany,2004–2014,2004,2014,Rotavirus H-like virus; tentative rotavirus species L,Sedoreoviridae,PCR + sequencing,Intestinal contents,1,1
31866632-001,Natural direct detection,Sequence-confirmed direct viral RNA detection,Yes,Positive,S0095,Crocidura hirta,Soricidae,Zambia,Mpulungu,2012,2012,2012,Zambian shrew orthoreovirus,Spinareoviridae,PCR + sequencing,Intestinal contents,23,1
31866632-002,Natural direct detection,Direct viral RNA screening — negative,Yes,Negative,S0095,Crocidura luna,Soricidae,Zambia,Mpulungu,2012,2012,2012,Zambian shrew orthoreovirus,Spinareoviridae,PCR + sequencing,Intestinal contents,1,0
31866632-003,Natural direct detection,Partial viral genome characterization,No,Positive,S0095,Crocidura hirta,Soricidae,Zambia,Mpulungu,2012,2012,2012,Zambian shrew orthoreovirus,Spinareoviridae,PCR + sequencing,Intestinal contents,1,1
31917639-001,Indirect or contextual evidence,Host captured but not virologically tested,No,Uncertain / not applicable,S0096,Neomys anomalus,Soricidae,Ukraine,Volyn Province,Spring and autumn 2012–2013,2012,2013,Puumala virus- and Dobrava virus-related hantavirus serology,Hantaviridae,PCR / RT-PCR,No shrew sample was tested for hantavirus in the reported laboratory analyses,0,
31917639-002,Indirect or contextual evidence,Host captured but not virologically tested,No,Uncertain / not applicable,S0096,Sorex spp.,Soricidae,Ukraine,Volyn Province,Spring and autumn 2012–2013,2012,2013,Puumala virus- and Dobrava virus-related hantavirus serology,Hantaviridae,PCR / RT-PCR,No shrew sample was tested for hantavirus in the reported laboratory analyses,0,
31917639-003,Indirect or contextual evidence,Host captured but not virologically tested,No,Uncertain / not applicable,S0096,Sorex araneus,Soricidae,Ukraine,Volyn Province,Spring and autumn 2012–2013,2012,2013,Puumala virus- and Dobrava virus-related hantavirus serology,Hantaviridae,PCR / RT-PCR,No shrew sample was tested for hantavirus in the reported laboratory analyses,0,
31917639-004,Indirect or contextual evidence,Host captured but not virologically tested,No,Uncertain / not applicable,S0096,Sorex minutus,Soricidae,Ukraine,Volyn Province,Spring and autumn 2012–2013,2012,2013,Puumala virus- and Dobrava virus-related hantavirus serology,Hantaviridae,PCR / RT-PCR,No shrew sample was tested for hantavirus in the reported laboratory analyses,0,
32056842-001,Natural direct detection,Sequence-confirmed direct viral RNA detection,Yes,Positive,S0097,Crocidura shantungensis,Soricidae,Republic of Korea,Thirty-two trapping sites across the Korean peninsula and Jeju Island,2003 and 2007–2018,2003,2018,Jeju orthohantavirus (Jeju virus; JJUV),Hantaviridae,PCR + sequencing,"Lung or muscle tissue for screening; lung, liver, kidney and spleen for qPCR in selected positives",84,7
32056842-002,Natural direct detection,Direct viral RNA detection,No,Positive,S0097,Crocidura shantungensis,Soricidae,Republic of Korea,Gangwon Province,2003 and 2007–2018,2003,2018,Jeju orthohantavirus (Jeju virus; JJUV),Hantaviridae,PCR + sequencing,"Lung or muscle tissue for screening; lung, liver, kidney and spleen for qPCR in selected positives",24,5
32056842-003,Natural direct detection,Direct viral RNA detection,No,Positive,S0097,Crocidura shantungensis,Soricidae,Republic of Korea,Gyeonggi Province,2003 and 2007–2018,2003,2018,Jeju orthohantavirus (Jeju virus; JJUV),Hantaviridae,PCR + sequencing,"Lung or muscle tissue for screening; lung, liver, kidney and spleen for qPCR in selected positives",21,2
32056842-004,Natural direct detection,Direct viral RNA detection,No,Negative,S0097,Crocidura shantungensis,Soricidae,Republic of Korea,"Sinan, Jeollanam",2003,2003,2003,Jeju orthohantavirus (Jeju virus; JJUV),Hantaviridae,PCR + sequencing,"Lung or muscle tissue for screening; lung, liver, kidney and spleen for qPCR in selected positives",5,0
32056842-005,Natural direct detection,Direct viral RNA detection,No,Negative,S0097,Crocidura shantungensis,Soricidae,Republic of Korea,"Seogwipo, Jeju",2007,2007,2007,Jeju orthohantavirus (Jeju virus; JJUV),Hantaviridae,PCR + sequencing,"Lung or muscle tissue for screening; lung, liver, kidney and spleen for qPCR in selected positives",2,0
32056842-006,Natural direct detection,Direct viral RNA detection,No,Negative,S0097,Crocidura shantungensis,Soricidae,Republic of Korea,"Geochang, Gyeongsangnam",2008,2008,2008,Jeju orthohantavirus (Jeju virus; JJUV),Hantaviridae,PCR + sequencing,"Lung or muscle tissue for screening; lung, liver, kidney and spleen for qPCR in selected positives",3,0
32056842-007,Natural direct detection,Direct viral RNA detection,No,Negative,S0097,Crocidura shantungensis,Soricidae,Republic of Korea,"Jangseong, Jeollanam",2008,2008,2008,Jeju orthohantavirus (Jeju virus; JJUV),Hantaviridae,PCR + sequencing,"Lung or muscle tissue for screening; lung, liver, kidney and spleen for qPCR in selected positives",3,0
32056842-008,Natural direct detection,Direct viral RNA detection,No,Negative,S0097,Crocidura shantungensis,Soricidae,Republic of Korea,"Cheongju, Chungcheongbuk",2009,2009,2009,Jeju orthohantavirus (Jeju virus; JJUV),Hantaviridae,PCR + sequencing,"Lung or muscle tissue for screening; lung, liver, kidney and spleen for qPCR in selected positives",1,0
32056842-009,Natural direct detection,Direct viral RNA detection,No,Negative,S0097,Crocidura shantungensis,Soricidae,Republic of Korea,"Gyeongju, Gyeongsangbuk",2009,2009,2009,Jeju orthohantavirus (Jeju virus; JJUV),Hantaviridae,PCR + sequencing,"Lung or muscle tissue for screening; lung, liver, kidney and spleen for qPCR in selected positives",1,0
32056842-010,Natural direct detection,Direct viral RNA detection,No,Negative,S0097,Crocidura shantungensis,Soricidae,Republic of Korea,"Ulleung Island, Gyeongsangbuk",2009,2009,2009,Jeju orthohantavirus (Jeju virus; JJUV),Hantaviridae,PCR + sequencing,"Lung or muscle tissue for screening; lung, liver, kidney and spleen for qPCR in selected positives",2,0
32056842-011,Natural direct detection,Direct viral RNA detection,No,Negative,S0097,Crocidura shantungensis,Soricidae,Republic of Korea,"Seogwipo, Jeju",2009,2009,2009,Jeju orthohantavirus (Jeju virus; JJUV),Hantaviridae,PCR + sequencing,"Lung or muscle tissue for screening; lung, liver, kidney and spleen for qPCR in selected positives",2,0
32056842-012,Natural direct detection,Direct viral RNA detection,No,Negative,S0097,Crocidura shantungensis,Soricidae,Republic of Korea,"Nonsan, Chungcheongnam",2010,2010,2010,Jeju orthohantavirus (Jeju virus; JJUV),Hantaviridae,PCR + sequencing,"Lung or muscle tissue for screening; lung, liver, kidney and spleen for qPCR in selected positives",1,0
32056842-013,Natural direct detection,Direct viral RNA detection,No,Negative,S0097,Crocidura shantungensis,Soricidae,Republic of Korea,"Gangneung, Gangwon",2010,2010,2010,Jeju orthohantavirus (Jeju virus; JJUV),Hantaviridae,PCR + sequencing,"Lung or muscle tissue for screening; lung, liver, kidney and spleen for qPCR in selected positives",2,0
32056842-014,Natural direct detection,Direct viral RNA detection,No,Negative,S0097,Crocidura shantungensis,Soricidae,Republic of Korea,"Samcheock, Gangwon",2010,2010,2010,Jeju orthohantavirus (Jeju virus; JJUV),Hantaviridae,PCR + sequencing,"Lung or muscle tissue for screening; lung, liver, kidney and spleen for qPCR in selected positives",1,0
32056842-015,Natural direct detection,Direct viral RNA detection,No,Negative,S0097,Crocidura shantungensis,Soricidae,Republic of Korea,"Cheorwon, Gangwon",2010,2010,2010,Jeju orthohantavirus (Jeju virus; JJUV),Hantaviridae,PCR + sequencing,"Lung or muscle tissue for screening; lung, liver, kidney and spleen for qPCR in selected positives",1,0
32056842-016,Natural direct detection,Direct viral RNA detection,No,Negative,S0097,Crocidura shantungensis,Soricidae,Republic of Korea,"Ganghwa, Gyeonggi",2010,2010,2010,Jeju orthohantavirus (Jeju virus; JJUV),Hantaviridae,PCR + sequencing,"Lung or muscle tissue for screening; lung, liver, kidney and spleen for qPCR in selected positives",2,0
32056842-017,Natural direct detection,Direct viral RNA detection,No,Negative,S0097,Crocidura shantungensis,Soricidae,Republic of Korea,"Suwon, Gyeonggi",2010,2010,2010,Jeju orthohantavirus (Jeju virus; JJUV),Hantaviridae,PCR + sequencing,"Lung or muscle tissue for screening; lung, liver, kidney and spleen for qPCR in selected positives",1,0
32056842-018,Natural direct detection,Direct viral RNA detection,No,Negative,S0097,Crocidura shantungensis,Soricidae,Republic of Korea,"Uljin, Gyeongsangbuk",2010,2010,2010,Jeju orthohantavirus (Jeju virus; JJUV),Hantaviridae,PCR + sequencing,"Lung or muscle tissue for screening; lung, liver, kidney and spleen for qPCR in selected positives",3,0
32056842-019,Natural direct detection,Direct viral RNA detection,No,Negative,S0097,Crocidura shantungensis,Soricidae,Republic of Korea,"Wonju, Gangwon",2011,2011,2011,Jeju orthohantavirus (Jeju virus; JJUV),Hantaviridae,PCR + sequencing,"Lung or muscle tissue for screening; lung, liver, kidney and spleen for qPCR in selected positives",1,0
32056842-020,Natural direct detection,Direct viral RNA detection,No,Negative,S0097,Crocidura shantungensis,Soricidae,Republic of Korea,"Goheung, Jeollanam",2011,2011,2011,Jeju orthohantavirus (Jeju virus; JJUV),Hantaviridae,PCR + sequencing,"Lung or muscle tissue for screening; lung, liver, kidney and spleen for qPCR in selected positives",1,0
32056842-021,Natural direct detection,Direct viral RNA detection,No,Negative,S0097,Crocidura shantungensis,Soricidae,Republic of Korea,"Jeju, Jeju",2011,2011,2011,Jeju orthohantavirus (Jeju virus; JJUV),Hantaviridae,PCR + sequencing,"Lung or muscle tissue for screening; lung, liver, kidney and spleen for qPCR in selected positives",2,0
32056842-022,Natural direct detection,Direct viral RNA detection,No,Negative,S0097,Crocidura shantungensis,Soricidae,Republic of Korea,"Geumsan, Chungcheongnam",2011,2011,2011,Jeju orthohantavirus (Jeju virus; JJUV),Hantaviridae,PCR + sequencing,"Lung or muscle tissue for screening; lung, liver, kidney and spleen for qPCR in selected positives",1,0
32056842-023,Natural direct detection,Direct viral RNA detection,No,Negative,S0097,Crocidura shantungensis,Soricidae,Republic of Korea,"Uljin, Gyeongsangbuk",2012,2012,2012,Jeju orthohantavirus (Jeju virus; JJUV),Hantaviridae,PCR + sequencing,"Lung or muscle tissue for screening; lung, liver, kidney and spleen for qPCR in selected positives",1,0
32056842-024,Natural direct detection,Direct viral RNA detection,No,Negative,S0097,Crocidura shantungensis,Soricidae,Republic of Korea,"Gurye, Jeollanam",2012,2012,2012,Jeju orthohantavirus (Jeju virus; JJUV),Hantaviridae,PCR + sequencing,"Lung or muscle tissue for screening; lung, liver, kidney and spleen for qPCR in selected positives",2,0
32056842-025,Natural direct detection,Direct viral RNA detection,No,Negative,S0097,Crocidura shantungensis,Soricidae,Republic of Korea,"Wanju, Jeollabuk",2012,2012,2012,Jeju orthohantavirus (Jeju virus; JJUV),Hantaviridae,PCR + sequencing,"Lung or muscle tissue for screening; lung, liver, kidney and spleen for qPCR in selected positives",2,0
32056842-026,Natural direct detection,Direct viral RNA detection,No,Negative,S0097,Crocidura shantungensis,Soricidae,Republic of Korea,"Jecheon, Chungcheongbuk",2012,2012,2012,Jeju orthohantavirus (Jeju virus; JJUV),Hantaviridae,PCR + sequencing,"Lung or muscle tissue for screening; lung, liver, kidney and spleen for qPCR in selected positives",1,0
32056842-027,Natural direct detection,Direct viral RNA detection,No,Negative,S0097,Crocidura shantungensis,Soricidae,Republic of Korea,"Changnyeong, Gyeongsangnam",2013,2013,2013,Jeju orthohantavirus (Jeju virus; JJUV),Hantaviridae,PCR + sequencing,"Lung or muscle tissue for screening; lung, liver, kidney and spleen for qPCR in selected positives",1,0
32056842-028,Natural direct detection,Direct viral RNA detection,No,Negative,S0097,Crocidura shantungensis,Soricidae,Republic of Korea,"Damyang, Jeollanam",2013,2013,2013,Jeju orthohantavirus (Jeju virus; JJUV),Hantaviridae,PCR + sequencing,"Lung or muscle tissue for screening; lung, liver, kidney and spleen for qPCR in selected positives",2,0
32056842-029,Natural direct detection,Direct viral RNA detection,No,Negative,S0097,Crocidura shantungensis,Soricidae,Republic of Korea,"Seoul, Seoul",2013,2013,2013,Jeju orthohantavirus (Jeju virus; JJUV),Hantaviridae,PCR + sequencing,"Lung or muscle tissue for screening; lung, liver, kidney and spleen for qPCR in selected positives",1,0
32056842-030,Natural direct detection,Direct viral RNA detection,No,Negative,S0097,Crocidura shantungensis,Soricidae,Republic of Korea,"Hwacheon, Gangwon",2014,2014,2014,Jeju orthohantavirus (Jeju virus; JJUV),Hantaviridae,PCR + sequencing,"Lung or muscle tissue for screening; lung, liver, kidney and spleen for qPCR in selected positives",1,0
32056842-031,Natural direct detection,Direct viral RNA detection,No,Negative,S0097,Crocidura shantungensis,Soricidae,Republic of Korea,"Yangyang, Gangwon",2014,2014,2014,Jeju orthohantavirus (Jeju virus; JJUV),Hantaviridae,PCR + sequencing,"Lung or muscle tissue for screening; lung, liver, kidney and spleen for qPCR in selected positives",4,0
32056842-032,Natural direct detection,Direct viral RNA detection,No,Negative,S0097,Crocidura shantungensis,Soricidae,Republic of Korea,"Paju, Gyeonggi",2014,2014,2014,Jeju orthohantavirus (Jeju virus; JJUV),Hantaviridae,PCR + sequencing,"Lung or muscle tissue for screening; lung, liver, kidney and spleen for qPCR in selected positives",1,0
32056842-033,Natural direct detection,Direct viral RNA detection,No,Positive,S0097,Crocidura shantungensis,Soricidae,Republic of Korea,"Pocheon, Gyeonggi",2014,2014,2014,Jeju orthohantavirus (Jeju virus; JJUV),Hantaviridae,PCR + sequencing,"Lung or muscle tissue for screening; lung, liver, kidney and spleen for qPCR in selected positives",7,1
32056842-034,Natural direct detection,Direct viral RNA detection,No,Negative,S0097,Crocidura shantungensis,Soricidae,Republic of Korea,"Cheorwon, Gangwon",2015,2015,2015,Jeju orthohantavirus (Jeju virus; JJUV),Hantaviridae,PCR + sequencing,"Lung or muscle tissue for screening; lung, liver, kidney and spleen for qPCR in selected positives",1,0
32056842-035,Natural direct detection,Direct viral RNA detection,No,Negative,S0097,Crocidura shantungensis,Soricidae,Republic of Korea,"Hongcheon, Gangwon",2015,2015,2015,Jeju orthohantavirus (Jeju virus; JJUV),Hantaviridae,PCR + sequencing,"Lung or muscle tissue for screening; lung, liver, kidney and spleen for qPCR in selected positives",1,0
32056842-036,Natural direct detection,Direct viral RNA detection,No,Negative,S0097,Crocidura shantungensis,Soricidae,Republic of Korea,"Hwacheon, Gangwon",2016,2016,2016,Jeju orthohantavirus (Jeju virus; JJUV),Hantaviridae,PCR + sequencing,"Lung or muscle tissue for screening; lung, liver, kidney and spleen for qPCR in selected positives",2,0
32056842-037,Natural direct detection,Direct viral RNA detection,No,Negative,S0097,Crocidura shantungensis,Soricidae,Republic of Korea,"Pocheon, Gyeonggi",2016,2016,2016,Jeju orthohantavirus (Jeju virus; JJUV),Hantaviridae,PCR + sequencing,"Lung or muscle tissue for screening; lung, liver, kidney and spleen for qPCR in selected positives",1,0
32056842-038,Natural direct detection,Direct viral RNA detection,No,Positive,S0097,Crocidura shantungensis,Soricidae,Republic of Korea,"Chuncheon, Gangwon",2017,2017,2017,Jeju orthohantavirus (Jeju virus; JJUV),Hantaviridae,PCR + sequencing,"Lung or muscle tissue for screening; lung, liver, kidney and spleen for qPCR in selected positives",8,3
32056842-039,Natural direct detection,Direct viral RNA detection,No,Negative,S0097,Crocidura shantungensis,Soricidae,Republic of Korea,"Paju, Gyeonggi",2017,2017,2017,Jeju orthohantavirus (Jeju virus; JJUV),Hantaviridae,PCR + sequencing,"Lung or muscle tissue for screening; lung, liver, kidney and spleen for qPCR in selected positives",2,0
32056842-040,Natural direct detection,Direct viral RNA detection,No,Positive,S0097,Crocidura shantungensis,Soricidae,Republic of Korea,"Yeoncheon, Gyeonggi",2017,2017,2017,Jeju orthohantavirus (Jeju virus; JJUV),Hantaviridae,PCR + sequencing,"Lung or muscle tissue for screening; lung, liver, kidney and spleen for qPCR in selected positives",2,1
32056842-041,Natural direct detection,Direct viral RNA detection,No,Positive,S0097,Crocidura shantungensis,Soricidae,Republic of Korea,"Chuncheon, Gangwon",2018,2018,2018,Jeju orthohantavirus (Jeju virus; JJUV),Hantaviridae,PCR + sequencing,"Lung or muscle tissue for screening; lung, liver, kidney and spleen for qPCR in selected positives",1,1
32056842-042,Natural direct detection,Direct viral RNA detection,No,Positive,S0097,Crocidura shantungensis,Soricidae,Republic of Korea,"Pyeongchang, Gangwon",2018,2018,2018,Jeju orthohantavirus (Jeju virus; JJUV),Hantaviridae,PCR + sequencing,"Lung or muscle tissue for screening; lung, liver, kidney and spleen for qPCR in selected positives",1,1
32056842-043,Natural direct detection,Direct viral RNA detection,No,Negative,S0097,Crocidura shantungensis,Soricidae,Republic of Korea,"Paju, Gyeonggi",2018,2018,2018,Jeju orthohantavirus (Jeju virus; JJUV),Hantaviridae,PCR + sequencing,"Lung or muscle tissue for screening; lung, liver, kidney and spleen for qPCR in selected positives",4,0
32056842-044,Natural direct detection,Direct viral RNA detection,No,Negative,S0097,Crocidura shantungensis,Soricidae,Republic of Korea,"Pocheon, Gyeonggi",2018,2018,2018,Jeju orthohantavirus (Jeju virus; JJUV),Hantaviridae,PCR + sequencing,"Lung or muscle tissue for screening; lung, liver, kidney and spleen for qPCR in selected positives",2,0
32056842-045,Natural direct detection,Direct viral RNA detection,No,Negative,S0097,Crocidura shantungensis,Soricidae,Republic of Korea,"Yeoncheon, Gyeonggi",2018,2018,2018,Jeju orthohantavirus (Jeju virus; JJUV),Hantaviridae,PCR + sequencing,"Lung or muscle tissue for screening; lung, liver, kidney and spleen for qPCR in selected positives",1,0
32056842-046,Natural direct detection,Direct viral RNA detection,No,Positive,S0097,Crocidura shantungensis,Soricidae,Republic of Korea,Thirty-two trapping sites across the Korean peninsula and Jeju Island,2003 and 2007–2018,2003,2018,Jeju orthohantavirus (Jeju virus; JJUV),Hantaviridae,PCR + sequencing,"Lung or muscle tissue for screening; lung, liver, kidney and spleen for qPCR in selected positives",27,6
32056842-047,Natural direct detection,Direct viral RNA detection,No,Positive,S0097,Crocidura shantungensis,Soricidae,Republic of Korea,Thirty-two trapping sites across the Korean peninsula and Jeju Island,2003 and 2007–2018,2003,2018,Jeju orthohantavirus (Jeju virus; JJUV),Hantaviridae,PCR + sequencing,"Lung or muscle tissue for screening; lung, liver, kidney and spleen for qPCR in selected positives",15,1
32056842-048,Natural direct detection,Positive-animal characteristic,No,Positive,S0097,Crocidura shantungensis,Soricidae,Republic of Korea,Thirty-two trapping sites across the Korean peninsula and Jeju Island,2003 and 2007–2018,2003,2018,Jeju orthohantavirus (Jeju virus; JJUV),Hantaviridae,PCR + sequencing,"Lung or muscle tissue for screening; lung, liver, kidney and spleen for qPCR in selected positives",,3
32056842-049,Natural direct detection,Positive-animal characteristic,No,Positive,S0097,Crocidura shantungensis,Soricidae,Republic of Korea,Thirty-two trapping sites across the Korean peninsula and Jeju Island,2003 and 2007–2018,2003,2018,Jeju orthohantavirus (Jeju virus; JJUV),Hantaviridae,PCR + sequencing,"Lung or muscle tissue for screening; lung, liver, kidney and spleen for qPCR in selected positives",,4
32056842-050,Natural direct detection,Positive-animal characteristic,No,Positive,S0097,Crocidura shantungensis,Soricidae,Republic of Korea,Thirty-two trapping sites across the Korean peninsula and Jeju Island,Autumn,,,Jeju orthohantavirus (Jeju virus; JJUV),Hantaviridae,PCR + sequencing,"Lung or muscle tissue for screening; lung, liver, kidney and spleen for qPCR in selected positives",,7
32056842-051,Natural direct detection,qRT-PCR characterization of selected positive animals,No,Positive,S0097,Crocidura shantungensis,Soricidae,Republic of Korea,Thirty-two trapping sites across the Korean peninsula and Jeju Island,2003 and 2007–2018,2003,2018,Jeju orthohantavirus (Jeju virus; JJUV),Hantaviridae,PCR + sequencing,"Lung or muscle tissue for screening; lung, liver, kidney and spleen for qPCR in selected positives",6,
32056842-052,Natural direct detection,Complete coding-sequence characterization,No,Positive,S0097,Crocidura shantungensis,Soricidae,Republic of Korea,Thirty-two trapping sites across the Korean peninsula and Jeju Island,2003 and 2007–2018,2003,2018,Jeju orthohantavirus (Jeju virus; JJUV),Hantaviridae,PCR + sequencing,"Lung or muscle tissue for screening; lung, liver, kidney and spleen for qPCR in selected positives",2,2
32121543-001,Natural direct detection,Sequence-confirmed direct viral RNA detection,Yes,Positive,S0098,Erinaceus europaeus,Erinaceidae,Italy,"Emilia-Romagna region; provinces of Bologna, Ravenna and Ferrara",November 2018 to January 2019,2018,2019,Erinaceus coronavirus (EriCoV),Coronaviridae,PCR + sequencing,Feces,24,14
32121543-002,Natural direct detection,Direct viral RNA detection,No,Positive,S0098,Erinaceus europaeus,Erinaceidae,Italy,Rural recovery sites,November 2018 to January 2019,2018,2019,Erinaceus coronavirus (EriCoV),Coronaviridae,PCR + sequencing,Feces,5,4
32121543-003,Natural direct detection,Direct viral RNA detection,No,Positive,S0098,Erinaceus europaeus,Erinaceidae,Italy,Urban recovery sites,November 2018 to January 2019,2018,2019,Erinaceus coronavirus (EriCoV),Coronaviridae,PCR + sequencing,Feces,19,10
32121543-004,Natural direct detection,Direct viral screening — negative,Yes,Negative,S0098,Erinaceus europaeus,Erinaceidae,Italy,"Emilia-Romagna region; provinces of Bologna, Ravenna and Ferrara",November 2018 to January 2019,2018,2019,influenza A virus,Orthomyxoviridae,PCR / RT-PCR,Feces,24,0
32121543-005,Natural direct detection,Direct viral screening — negative,Yes,Negative,S0098,Erinaceus europaeus,Erinaceidae,Italy,"Emilia-Romagna region; provinces of Bologna, Ravenna and Ferrara",November 2018 to January 2019,2018,2019,influenza D virus,Orthomyxoviridae,PCR / RT-PCR,Feces,24,0
32121543-006,Natural direct detection,Direct viral screening — negative,Yes,Negative,S0098,Erinaceus europaeus,Erinaceidae,Italy,"Emilia-Romagna region; provinces of Bologna, Ravenna and Ferrara",November 2018 to January 2019,2018,2019,canine distemper virus,Paramyxoviridae,PCR / RT-PCR,Feces,24,0
32121543-007,Natural direct detection,Direct viral screening — negative,Yes,Negative,S0098,Erinaceus europaeus,Erinaceidae,Italy,"Emilia-Romagna region; provinces of Bologna, Ravenna and Ferrara",November 2018 to January 2019,2018,2019,Pestiviruses,Pestiviridae,PCR / RT-PCR,Feces,24,0
32121543-008,Natural direct detection,Direct viral screening — negative,Yes,Negative,S0098,Erinaceus europaeus,Erinaceidae,Italy,"Emilia-Romagna region; provinces of Bologna, Ravenna and Ferrara",November 2018 to January 2019,2018,2019,suid alphaherpesvirus 1,Orthoherpesviridae,PCR / RT-PCR,Feces,24,0
32121543-009,Natural direct detection,Sequence-confirmed direct viral RNA detection,No,Positive,S0098,Erinaceus europaeus,Erinaceidae,Italy,Budrio (Bologna); Rural recovery area,2018-11-10,2018,2018,Erinaceus coronavirus (EriCoV),Coronaviridae,PCR + sequencing,Feces,1,1
32121543-010,Natural direct detection,Sequence-confirmed direct viral RNA detection,No,Positive,S0098,Erinaceus europaeus,Erinaceidae,Italy,Bologna; Urban recovery area,2018-11-10,2018,2018,Erinaceus coronavirus (EriCoV),Coronaviridae,PCR + sequencing,Feces,1,1
32121543-011,Natural direct detection,Direct viral RNA screening — negative,No,Negative,S0098,Erinaceus europaeus,Erinaceidae,Italy,Bologna; Urban recovery area,2018-11-11,2018,2018,Erinaceus coronavirus (EriCoV),Coronaviridae,PCR + sequencing,Feces,1,0
32121543-012,Natural direct detection,Sequence-confirmed direct viral RNA detection,No,Positive,S0098,Erinaceus europaeus,Erinaceidae,Italy,Bologna; Urban recovery area,2018-11-19,2018,2018,Erinaceus coronavirus (EriCoV),Coronaviridae,PCR + sequencing,Feces,1,1
32121543-013,Natural direct detection,Direct viral RNA screening — negative,No,Negative,S0098,Erinaceus europaeus,Erinaceidae,Italy,Casalecchio (Bologna); Urban recovery area,2018-11-19,2018,2018,Erinaceus coronavirus (EriCoV),Coronaviridae,PCR + sequencing,Feces,1,0
32121543-014,Natural direct detection,Direct viral RNA screening — negative,No,Negative,S0098,Erinaceus europaeus,Erinaceidae,Italy,Bologna; Urban recovery area,2018-11-09,2018,2018,Erinaceus coronavirus (EriCoV),Coronaviridae,PCR + sequencing,Feces,1,0
32121543-015,Natural direct detection,Sequence-confirmed direct viral RNA detection,No,Positive,S0098,Erinaceus europaeus,Erinaceidae,Italy,Bologna; Urban recovery area,2018-11-29,2018,2018,Erinaceus coronavirus (EriCoV),Coronaviridae,PCR + sequencing,Feces,1,1
32121543-016,Natural direct detection,Direct viral RNA screening — negative,No,Negative,S0098,Erinaceus europaeus,Erinaceidae,Italy,Bologna; Urban recovery area,2018-11-30,2018,2018,Erinaceus coronavirus (EriCoV),Coronaviridae,PCR + sequencing,Feces,1,0
32121543-017,Natural direct detection,Sequence-confirmed direct viral RNA detection,No,Positive,S0098,Erinaceus europaeus,Erinaceidae,Italy,Bentivoglio (Bologna); Rural recovery area,2018-12-14,2018,2018,Erinaceus coronavirus (EriCoV),Coronaviridae,PCR + sequencing,Feces,1,1
32121543-018,Natural direct detection,Direct viral RNA screening — negative,No,Negative,S0098,Erinaceus europaeus,Erinaceidae,Italy,Bologna; Urban recovery area,2018-12-14,2018,2018,Erinaceus coronavirus (EriCoV),Coronaviridae,PCR + sequencing,Feces,1,0
32121543-019,Natural direct detection,Sequence-confirmed direct viral RNA detection,No,Positive,S0098,Erinaceus europaeus,Erinaceidae,Italy,Sala Bolognese (Bologna); Urban recovery area,2018-12-16,2018,2018,Erinaceus coronavirus (EriCoV),Coronaviridae,PCR + sequencing,Feces,1,1
32121543-020,Natural direct detection,Sequence-confirmed direct viral RNA detection,No,Positive,S0098,Erinaceus europaeus,Erinaceidae,Italy,Bologna; Urban recovery area,2018-12-18,2018,2018,Erinaceus coronavirus (EriCoV),Coronaviridae,PCR + sequencing,Feces,1,1
32121543-021,Natural direct detection,Sequence-confirmed direct viral RNA detection,No,Positive,S0098,Erinaceus europaeus,Erinaceidae,Italy,Minerbio (Bologna); Urban recovery area,2018-12-20,2018,2018,Erinaceus coronavirus (EriCoV),Coronaviridae,PCR + sequencing,Feces,1,1
32121543-022,Natural direct detection,Direct viral RNA screening — negative,No,Negative,S0098,Erinaceus europaeus,Erinaceidae,Italy,Lugo (Ravenna); Urban recovery area,2018-12-20,2018,2018,Erinaceus coronavirus (EriCoV),Coronaviridae,PCR + sequencing,Feces,1,0
32121543-023,Natural direct detection,Direct viral RNA screening — negative,No,Negative,S0098,Erinaceus europaeus,Erinaceidae,Italy,Copparo (Ferrara); Urban recovery area,2018-12-29,2018,2018,Erinaceus coronavirus (EriCoV),Coronaviridae,PCR + sequencing,Feces,1,0
32121543-024,Natural direct detection,Direct viral RNA screening — negative,No,Negative,S0098,Erinaceus europaeus,Erinaceidae,Italy,Bologna; Urban recovery area,2018-12-29,2018,2018,Erinaceus coronavirus (EriCoV),Coronaviridae,PCR + sequencing,Feces,1,0
32121543-025,Natural direct detection,Direct viral RNA screening — negative,No,Negative,S0098,Erinaceus europaeus,Erinaceidae,Italy,Cona (Ferrara); Rural recovery area,2018-12-30,2018,2018,Erinaceus coronavirus (EriCoV),Coronaviridae,PCR + sequencing,Feces,1,0
32121543-026,Natural direct detection,Sequence-confirmed direct viral RNA detection,No,Positive,S0098,Erinaceus europaeus,Erinaceidae,Italy,Cona (Ferrara); Rural recovery area,2018-12-30,2018,2018,Erinaceus coronavirus (EriCoV),Coronaviridae,PCR + sequencing,Feces,1,1
32121543-027,Natural direct detection,Sequence-confirmed direct viral RNA detection,No,Positive,S0098,Erinaceus europaeus,Erinaceidae,Italy,Cona (Ferrara); Rural recovery area,2019-01-04,2019,2019,Erinaceus coronavirus (EriCoV),Coronaviridae,PCR + sequencing,Feces,1,1
32121543-028,Natural direct detection,Sequence-confirmed direct viral RNA detection,No,Positive,S0098,Erinaceus europaeus,Erinaceidae,Italy,Bentivoglio (Bologna); Urban recovery area,2019-01-04,2019,2019,Erinaceus coronavirus (EriCoV),Coronaviridae,PCR + sequencing,Feces,1,1
32121543-029,Natural direct detection,Sequence-confirmed direct viral RNA detection,No,Positive,S0098,Erinaceus europaeus,Erinaceidae,Italy,Granarolo (Bologna); Urban recovery area,2019-01-05,2019,2019,Erinaceus coronavirus (EriCoV),Coronaviridae,PCR + sequencing,Feces,1,1
32121543-030,Natural direct detection,Direct viral RNA screening — negative,No,Negative,S0098,Erinaceus europaeus,Erinaceidae,Italy,Bologna; Urban recovery area,2019-01-09,2019,2019,Erinaceus coronavirus (EriCoV),Coronaviridae,PCR + sequencing,Feces,1,0
32121543-031,Natural direct detection,Sequence-confirmed direct viral RNA detection,No,Positive,S0098,Erinaceus europaeus,Erinaceidae,Italy,Imola (Bologna); Urban recovery area,2019-01-11,2019,2019,Erinaceus coronavirus (EriCoV),Coronaviridae,PCR + sequencing,Feces,1,1
32121543-032,Natural direct detection,Sequence-confirmed direct viral RNA detection,No,Positive,S0098,Erinaceus europaeus,Erinaceidae,Italy,Bentivoglio (Bologna); Urban recovery area,2019-01-13,2019,2019,Erinaceus coronavirus (EriCoV),Coronaviridae,PCR + sequencing,Feces,1,1
32487013-001,Natural direct detection,Direct viral RNA screening — negative,No,Negative,S0099,Crocidura spp.,Soricidae,Croatia,Multiple sites in Europe,Croatia 2011–2012; Germany 2010–2013; Italy 2006–2012,2006,2013,Ljungan virus,Picornaviridae,PCR + sequencing,Liver,1,0
32487013-002,Natural direct detection,Sequence-confirmed direct viral RNA detection,No,Positive,S0099,Crocidura spp.,Soricidae,Italy,Multiple sites in Europe,Croatia 2011–2012; Germany 2010–2013; Italy 2006–2012,2006,2013,Ljungan virus,Picornaviridae,PCR + sequencing,Liver,7,1
32487013-003,Natural direct detection,Sequence-confirmed direct viral RNA detection,Yes,Positive,S0099,Crocidura spp.,Soricidae,Croatia and Italy,Multiple sites in Europe,Croatia 2011–2012; Germany 2010–2013; Italy 2006–2012,2006,2013,Ljungan virus,Picornaviridae,PCR + sequencing,Liver,8,1
32487013-004,Natural direct detection,Direct viral RNA screening — negative,No,Negative,S0099,Sorex spp.,Soricidae,Germany,Multiple sites in Europe,Croatia 2011–2012; Germany 2010–2013; Italy 2006–2012,2006,2013,Ljungan virus,Picornaviridae,PCR + sequencing,Liver,3,0
32487013-005,Natural direct detection,Sequence-confirmed direct viral RNA detection,No,Positive,S0099,Sorex spp.,Soricidae,Italy,Multiple sites in Europe,Croatia 2011–2012; Germany 2010–2013; Italy 2006–2012,2006,2013,Ljungan virus,Picornaviridae,PCR + sequencing,Liver,66,2
32487013-006,Natural direct detection,Sequence-confirmed direct viral RNA detection,Yes,Positive,S0099,Sorex spp.,Soricidae,Germany and Italy,Multiple sites in Europe,Croatia 2011–2012; Germany 2010–2013; Italy 2006–2012,2006,2013,Ljungan virus,Picornaviridae,PCR + sequencing,Liver,69,2
32487013-007,Natural direct detection,Sequence-confirmed direct viral RNA detection,No,Positive,S0099,Crocidura leucodon,Soricidae,Italy,Multiple sites in Europe,Croatia 2011–2012; Germany 2010–2013; Italy 2006–2012,2006,2013,Ljungan virus,Picornaviridae,PCR + sequencing,Liver,,1
32487013-008,Natural direct detection,Sequence-confirmed direct viral RNA detection,No,Positive,S0099,Sorex antinorii,Soricidae,Italy,Multiple sites in Europe,Croatia 2011–2012; Germany 2010–2013; Italy 2006–2012,2006,2013,Ljungan virus,Picornaviridae,PCR + sequencing,Liver,,2
19870633-001,Experimental evidence,Experimental infection with organ virus recovery,No,Positive,S0100,Erinaceidae spp.,Erinaceidae,United States,"Rockefeller Foundation, New York",Not reported,,,yellow fever virus,Flaviviridae,Experimental infection,Brain and liver at death,1,1
19870633-002,Experimental evidence,Experimental infection with neutralizing-antibody response,No,Positive,S0100,Erinaceidae spp.,Erinaceidae,United States,"Rockefeller Foundation, New York",Not reported,,,yellow fever virus,Flaviviridae,Experimental infection,Serum before inoculation and 25 days after inoculation,6,6
19870633-003,Experimental evidence,Experimental infection with organ virus recovery,No,Negative,S0100,Erinaceidae spp.,Erinaceidae,United States,"Rockefeller Foundation, New York",Not reported,,,yellow fever virus,Flaviviridae,Experimental infection,Brain and liver from hedgehogs that died of intercurrent infection,5,0
19870633-004,Experimental evidence,Experimental infection with organ virus recovery,No,Positive,S0100,Erinaceidae spp.,Erinaceidae,United States,"Rockefeller Foundation, New York",Not reported,,,yellow fever virus,Flaviviridae,Experimental infection,Brain and liver at death,8,8
KOZUCH1966_IXODES_HEDGEHOG-001,Experimental evidence,Experimental tick transmission with infectious viraemia,No,Positive,S0101,Erinaceus roumanicus,Erinaceidae,Czechoslovakia,Reporting laboratory: Bratislava; exact experimental locality not stated in the accessible summary,Not reported,,,tick-borne encephalitis virus,Flaviviridae,Experimental infection,Blood,,
6006817-001,Experimental evidence,Bibliographic experimental infection context — no abstract/full text available,No,Positive,S0102,Erinaceidae spp.,Erinaceidae,Not reported in accessible PubMed record,Not reported in accessible PubMed record,Not reported,,,Ťahyňa virus,Peribunyaviridae,Experimental infection,Not reported in accessible PubMed record,,
14328232-001,Experimental evidence,Bibliographic experimental infection context — no abstract available,No,Positive,S0103,Talpidae spp.,Talpidae,Not reported in accessible PubMed record,Not reported in accessible PubMed record,Not reported,,,tick-borne encephalitis virus,Flaviviridae,Experimental infection,Not reported in accessible PubMed record,,
KOZUCH1966_MOLE_ISOLATION-001,Indirect or contextual evidence,Natural infection — virus isolation from blood; denominator unavailable,No,Uncertain / not applicable,S0101,Talpa europaea,Talpidae,Not reported in accessible bibliographic record,Natural focus; exact locality not reported in accessible bibliographic record,Not reported,,,tick-borne encephalitis virus,Flaviviridae,Virus isolation / culture,Blood,,
4380780-001,Experimental evidence,Experimental tick transmission — bibliographic context only,No,Uncertain / not applicable,S0104,Talpa europaea,Talpidae,Not reported in accessible PubMed record,Not reported in accessible PubMed record,Not reported,,,tick-borne encephalitis virus,Flaviviridae,Experimental infection,Not reported in accessible PubMed record,,
KOZUCH1966_JHEMI_MOLE-001,Experimental evidence,Bibliographic experimental infection context — no abstract/full text located,No,Positive,S0101,Talpidae spp.,Talpidae,Not reported in accessible bibliographic source,Not reported in accessible bibliographic source,Not reported,,,tick-borne encephalitis virus,Flaviviridae,Experimental infection,Not reported in accessible bibliographic source,,
SIMKOVA1964_TAHYNA_HEDGEHOG-001,Experimental evidence,Experimental infection with prolonged viraemia,No,Positive,S0101,Erinaceus roumanicus,Erinaceidae,Czechoslovakia,Reporting laboratory: Bratislava; exact experimental locality not stated in accessible summary,Not reported in accessible summary,,,Ťahyňa virus,Peribunyaviridae,Experimental infection,Blood,,
14173478-001,Experimental evidence,Experimental alimentary infection with viraemia follow-up,No,Positive,S0105,Erinaceus roumanicus,Erinaceidae,Czechoslovakia,Reporting institute: Bratislava; exact experimental locality not stated,August,,,tick-borne encephalitis virus,Flaviviridae,Experimental infection,Blood,2,
14173478-002,Experimental evidence,Experimental alimentary infection with viraemia follow-up,No,Positive,S0105,Erinaceus roumanicus,Erinaceidae,Czechoslovakia,Reporting institute: Bratislava; exact experimental locality not stated,November,,,tick-borne encephalitis virus,Flaviviridae,Experimental infection,Blood,3,
14173478-003,Experimental evidence,Experimental infection with neutralizing-antibody response,No,Positive,S0105,Erinaceus roumanicus,Erinaceidae,Czechoslovakia,Reporting institute: Bratislava; exact experimental locality not stated,August and November experiments,,,tick-borne encephalitis virus,Flaviviridae,Experimental infection,Serum,5,5
14064835-001,Experimental evidence,Experimental infection with prolonged infectious-virus recovery,No,Positive,S0106,Erinaceus roumanicus,Erinaceidae,Czechoslovakia,"Cave Driny, Little Carpathian Mountains",Winter 1962–1963; inoculated 4 December 1962 and rewarmed 2 January 1963,1962,1963,tick-borne encephalitis virus,Flaviviridae,Experimental infection,Blood,4,
14064835-002,Experimental evidence,Experimental infection with antibody response,No,Positive,S0106,Erinaceus roumanicus,Erinaceidae,Czechoslovakia,"Cave Driny, Little Carpathian Mountains",Winter 1962–1963; inoculated 4 December 1962 and rewarmed 2 January 1963,1962,1963,tick-borne encephalitis virus,Flaviviridae,Experimental infection,Serum/blood; specimen type not further specified in accessible summary,4,
13197893-001,Experimental evidence,Bibliographic experimental-transmission context — no abstract available,No,Uncertain / not applicable,S0107,Erinaceidae spp.,Erinaceidae,Not reported in accessible PubMed record,Not reported in accessible PubMed record,Not reported,,,Newcastle disease virus,Paramyxoviridae,Experimental infection,Not reported in accessible PubMed record,,
REAGAN1951_NDV_SHREW-001,Experimental evidence,Experimental infection with virus recovery and confirmation,No,Positive,S0101,Blarina brevicauda,Soricidae,United States,"University of Maryland, College Park, Maryland",Not reported,,,Newcastle disease virus,Paramyxoviridae,Experimental infection,Shrew brain; downstream embryonated-egg allantoic fluid,3,
REAGAN1951_NDV_SHREW-002,Experimental evidence,Experimental infection with virus recovery and confirmation,No,Positive,S0101,Blarina brevicauda,Soricidae,United States,"University of Maryland, College Park, Maryland",Not reported,,,Newcastle disease virus,Paramyxoviridae,Experimental infection,Shrew brain; downstream embryonated-egg allantoic fluid,3,
30448834-010,Natural direct detection,Sequence-confirmed direct viral DNA detection,No,Positive,S0108,Soricidae spp.,Soricidae,Cameroon,East,January 2009 to June 2013,2009,2013,Shrew HV CMR 1,Orthoherpesviridae,PCR + sequencing,Liver/spleen tissue,1,1
30448834-011,Natural direct detection,Sequence-confirmed direct viral DNA detection,No,Positive,S0108,Crocidura spp.,Soricidae,Cameroon,East,January 2009 to June 2013,2009,2013,Shrew HV CMR 4,Orthoherpesviridae,PCR + sequencing,Liver/spleen tissue,1,1
30448834-012,Natural direct detection,Sequence-confirmed direct viral DNA detection,No,Positive,S0108,Soricidae spp.,Soricidae,Cameroon,East,January 2009 to June 2013,2009,2013,Shrew HV CMR 5,Orthoherpesviridae,PCR + sequencing,Liver/spleen tissue,1,1
30475680-001,Natural direct detection,Diagnostic detection in a selected fatal case,No,Positive,S0109,Atelerix albiventris,Erinaceidae,United States,New Hampshire,Not reported,,,skunk adenovirus 1,Adenoviridae,PCR + sequencing,Tissues from one dead animal,1,1
30475680-002,Natural direct detection,Multimodal confirmation of direct viral infection,No,Positive,S0109,Atelerix albiventris,Erinaceidae,United States,New Hampshire,Not reported,,,skunk adenovirus 1,Adenoviridae,PCR + sequencing,Formalin-fixed paraffin-embedded lung and other necropsy tissues,1,1
30577796-001,Natural direct detection,Sequence-confirmed direct viral RNA detection,Yes,Positive,S0110,Suncus murinus,Soricidae,China,Guangzhou and Xiamen,2014 to 2017,2014,2017,hepatitis E virus (HEV),Hepeviridae,PCR + sequencing,Liver tissue,174,1
30577796-002,Natural direct detection,Sequence-confirmed direct viral RNA detection,Yes,Positive,S0110,Suncus murinus,Soricidae,China,Guangzhou and Xiamen,2014 to 2017,2014,2017,hepatitis E virus (HEV),Hepeviridae,PCR + sequencing,Fecal sample,174,9
30577796-003,Natural direct detection,Direct viral RNA detection,No,Negative,S0110,Suncus murinus,Soricidae,China,Guangzhou,2014 to 2017,2014,2017,hepatitis E virus (HEV),Hepeviridae,PCR / RT-PCR,Liver tissue,164,0
30577796-004,Natural direct detection,Direct viral RNA detection,No,Positive,S0110,Suncus murinus,Soricidae,China,Xiamen,2014 to 2017,2014,2017,hepatitis E virus (HEV),Hepeviridae,PCR / RT-PCR,Liver tissue,10,1
30577796-005,Natural direct detection,Direct viral RNA detection,No,Positive,S0110,Suncus murinus,Soricidae,China,Guangzhou,2014 to 2017,2014,2017,hepatitis E virus (HEV),Hepeviridae,PCR / RT-PCR,Fecal sample,164,5
30577796-006,Natural direct detection,Direct viral RNA detection,No,Positive,S0110,Suncus murinus,Soricidae,China,Xiamen,2014 to 2017,2014,2017,hepatitis E virus (HEV),Hepeviridae,PCR / RT-PCR,Fecal sample,10,4
30577796-007,Natural direct detection,Direct viral RNA detected in both feces and liver,No,Positive,S0110,Suncus murinus,Soricidae,China,Not reported,2014 to 2017,2014,2017,hepatitis E virus (HEV),Hepeviridae,PCR / RT-PCR,Feces and liver,9,1
30577796-008,Natural direct detection,Sequence-confirmed direct viral RNA detection,No,Positive,S0110,Suncus murinus,Soricidae,China,Not reported,2014 to 2017,2014,2017,hepatitis E virus (HEV),Hepeviridae,PCR + sequencing,Liver and/or fecal samples; exact accession-to-sample mapping was not reported in the main PDF,5,5
30602429-001,Natural direct detection,Direct viral RNA detection,Yes,Positive,S0111,Erinaceus europaeus,Erinaceidae,Switzerland,Predominantly Canton of Zurich,Positive animal admitted in late May 2016; overall study period not explicitly stated in the supplied article text,2016,2016,tick-borne encephalitis virus,Flaviviridae,PCR + sequencing,"Lung, liver, spleen and kidney",56,1
30602429-002,Serology,Anti-TBEV IgG detection,Yes,Positive,S0111,Erinaceus europaeus,Erinaceidae,Switzerland,Predominantly Canton of Zurich,Positive animal admitted in late May 2016; overall study period not explicitly stated in the supplied article text,2016,2016,tick-borne encephalitis virus,Flaviviridae,Serology,Serum or plasma,19,1
30602429-003,Natural direct detection,Direct viral RNA detection,No,Positive,S0111,Erinaceus europaeus,Erinaceidae,Switzerland,Predominantly Canton of Zurich,Positive animal admitted in late May 2016; overall study period not explicitly stated in the supplied article text,2016,2016,tick-borne encephalitis virus,Flaviviridae,PCR / RT-PCR,Lung,56,1
30602429-004,Natural direct detection,Direct viral RNA detection,No,Positive,S0111,Erinaceus europaeus,Erinaceidae,Switzerland,Predominantly Canton of Zurich,Positive animal admitted in late May 2016; overall study period not explicitly stated in the supplied article text,2016,2016,tick-borne encephalitis virus,Flaviviridae,PCR / RT-PCR,Spleen,56,1
30602429-005,Natural direct detection,Direct viral RNA detection,No,Negative,S0111,Erinaceus europaeus,Erinaceidae,Switzerland,Predominantly Canton of Zurich,Positive animal admitted in late May 2016; overall study period not explicitly stated in the supplied article text,2016,2016,tick-borne encephalitis virus,Flaviviridae,PCR / RT-PCR,Liver,56,0
30602429-006,Natural direct detection,Direct viral RNA detection,No,Negative,S0111,Erinaceus europaeus,Erinaceidae,Switzerland,Predominantly Canton of Zurich,Positive animal admitted in late May 2016; overall study period not explicitly stated in the supplied article text,2016,2016,tick-borne encephalitis virus,Flaviviridae,PCR / RT-PCR,Kidney,56,0
30602429-007,Natural direct detection,Sequence-based confirmation of weak RT-PCR positivity,No,Positive,S0111,Erinaceus europaeus,Erinaceidae,Switzerland,Predominantly Canton of Zurich,Positive animal admitted in late May 2016; overall study period not explicitly stated in the supplied article text,2016,2016,tick-borne encephalitis virus,Flaviviridae,PCR + sequencing,Pooled lung and spleen tissue from the positive hedgehog,1,1
30602429-008,Natural direct detection,Direct viral RNA screening in attached ticks,No,Uncertain / not applicable,S0111,Erinaceus europaeus,Erinaceidae,Switzerland,Predominantly Canton of Zurich,Positive animal admitted in late May 2016; overall study period not explicitly stated in the supplied article text,2016,2016,tick-borne encephalitis virus,Flaviviridae,PCR / RT-PCR,"114 attached ticks, primarily Ixodes hexagonus and Ixodes ricinus",,
30795524-001,Natural direct detection,Virus isolation plus sequence-confirmed direct viral RNA detection,No,Positive,S0112,Crocidura spp.,Soricidae,Senegal,"Kedougou; 12.555794, −12.177485",Not reported for the individual in the main PDF,,,Usutu virus,Flaviviridae,PCR + sequencing,Brain homogenate,,1
30884426-001,Natural direct detection,Sequence-confirmed direct viral DNA detection,No,Positive,S0113,Anourosorex squamipes; Crocidura attenuata; Crocidura lasiura; Suncus murinus,Soricidae,China,"Wufeng and Xingshan, Hubei Province; Cixi, Longwan and Wencheng, Zhejiang Province",2013 to 2018; most animals were collected during 2016–2017,2013,2018,shrew hepatitis B virus (SHBV),Hepadnaviridae,PCR + sequencing,Liver tissue,449,8
30884426-002,Natural direct detection,Sequence-confirmed direct viral DNA detection,Yes,Positive,S0113,Anourosorex squamipes,Soricidae,China,"Wufeng, Hubei Province",2013 to 2018; most animals were collected during 2016–2017,2013,2018,shrew hepatitis B virus (SHBV),Hepadnaviridae,PCR + sequencing,Liver tissue,200,5
30884426-003,Natural direct detection,Sequence-confirmed direct viral DNA detection,Yes,Positive,S0113,Crocidura attenuata,Soricidae,China,"Wufeng and Xingshan, Hubei Province",2013 to 2018; most animals were collected during 2016–2017,2013,2018,shrew hepatitis B virus (SHBV),Hepadnaviridae,PCR + sequencing,Liver tissue,47,2
30884426-004,Natural direct detection,Sequence-confirmed direct viral DNA detection,Yes,Positive,S0113,Crocidura lasiura,Soricidae,China,"Cixi, Zhejiang Province",2013 to 2018; most animals were collected during 2016–2017,2013,2018,shrew hepatitis B virus (SHBV),Hepadnaviridae,PCR + sequencing,Liver tissue,32,1
30884426-005,Natural direct detection,Sequence-confirmed direct viral DNA detection,Yes,Negative,S0113,Suncus murinus,Soricidae,China,"Longwan and Wencheng, Zhejiang Province",2013 to 2018; most animals were collected during 2016–2017,2013,2018,shrew hepatitis B virus (SHBV),Hepadnaviridae,PCR + sequencing,Liver tissue,170,0
30884426-006,Natural direct detection,Direct viral DNA detection,No,Positive,S0113,Crocidura attenuata,Soricidae,China,"Wufeng, Hubei Province",2013 to 2018; most animals were collected during 2016–2017,2013,2018,shrew hepatitis B virus (SHBV),Hepadnaviridae,PCR + sequencing,Liver tissue,39,2
30884426-007,Natural direct detection,Direct viral DNA detection,No,Negative,S0113,Crocidura attenuata,Soricidae,China,"Xingshan, Hubei Province",2013 to 2018; most animals were collected during 2016–2017,2013,2018,shrew hepatitis B virus (SHBV),Hepadnaviridae,PCR + sequencing,Liver tissue,8,0
30884426-008,Natural direct detection,Direct viral DNA detection,No,Negative,S0113,Suncus murinus,Soricidae,China,"Longwan, Zhejiang Province",2013 to 2018; most animals were collected during 2016–2017,2013,2018,shrew hepatitis B virus (SHBV),Hepadnaviridae,PCR + sequencing,Liver tissue,60,0
30884426-009,Natural direct detection,Direct viral DNA detection,No,Negative,S0113,Suncus murinus,Soricidae,China,"Wencheng, Zhejiang Province",2013 to 2018; most animals were collected during 2016–2017,2013,2018,shrew hepatitis B virus (SHBV),Hepadnaviridae,PCR + sequencing,Liver tissue,110,0
30884426-010,Natural direct detection,Complete-genome sequence characterization,No,Positive,S0113,Crocidura lasiura,Soricidae,China,"Cixi, Zhejiang Province",2013 to 2018; most animals were collected during 2016–2017,2013,2018,"shrew hepatitis B virus (SHBV), strain Cixi-Cl-88",Hepadnaviridae,PCR + sequencing,Liver tissue,1,1
30884426-011,Natural direct detection,Complete-genome sequence characterization,No,Positive,S0113,Crocidura attenuata,Soricidae,China,"Wufeng, Hubei Province",2013 to 2018; most animals were collected during 2016–2017,2013,2018,"shrew hepatitis B virus (SHBV), strain Wufeng-Ca-70",Hepadnaviridae,PCR + sequencing,Liver tissue,1,1
30884426-012,Natural direct detection,Complete-genome sequence characterization,No,Positive,S0113,Crocidura attenuata,Soricidae,China,"Wufeng, Hubei Province",2013 to 2018; most animals were collected during 2016–2017,2013,2018,"shrew hepatitis B virus (SHBV), strain Wufeng-Ca-111",Hepadnaviridae,PCR + sequencing,Liver tissue,1,1
30884426-013,Natural direct detection,Complete-genome sequence characterization,No,Positive,S0113,Anourosorex squamipes,Soricidae,China,"Wufeng, Hubei Province",2013 to 2018; most animals were collected during 2016–2017,2013,2018,"shrew hepatitis B virus (SHBV), strain Wufeng-As-178",Hepadnaviridae,PCR + sequencing,Liver tissue,1,1
30884426-014,Natural direct detection,Complete-genome sequence characterization,No,Positive,S0113,Anourosorex squamipes,Soricidae,China,"Wufeng, Hubei Province",2013 to 2018; most animals were collected during 2016–2017,2013,2018,"shrew hepatitis B virus (SHBV), strain Wufeng-As-205",Hepadnaviridae,PCR + sequencing,Liver tissue,1,1
31063092-001,Natural direct detection,Sequence-confirmed direct viral RNA detection,Yes,Positive,S0114,Erinaceus europaeus,Erinaceidae,Great Britain,"England, Wales and Scotland",2011 to 2015,2011,2015,Erinaceus coronavirus (EriCoV),Coronaviridae,PCR + sequencing,Feces or distal large-intestinal contents,351,38
31063092-002,Natural direct detection,Direct viral RNA detection,No,Positive,S0114,Erinaceus europaeus,Erinaceidae,Great Britain,Not reported,2011 to 2015,2011,2015,Erinaceus coronavirus (EriCoV),Coronaviridae,PCR + sequencing,Fecal sample from live hedgehog,229,24
31063092-003,Natural direct detection,Direct viral RNA detection,No,Positive,S0114,Erinaceus europaeus,Erinaceidae,Great Britain,Not reported,2011 to 2015,2011,2015,Erinaceus coronavirus (EriCoV),Coronaviridae,PCR + sequencing,Distal large-intestinal content from dead hedgehog,122,14
31063092-004,Natural direct detection,Direct viral RNA detection,No,Positive,S0114,Erinaceus europaeus,Erinaceidae,Great Britain,South England,2011 to 2015,2011,2015,Erinaceus coronavirus (EriCoV),Coronaviridae,PCR + sequencing,Feces or distal large-intestinal contents,217,34
31063092-005,Natural direct detection,Direct viral RNA detection,No,Positive,S0114,Erinaceus europaeus,Erinaceidae,Great Britain,Midlands England,2011 to 2015,2011,2015,Erinaceus coronavirus (EriCoV),Coronaviridae,PCR + sequencing,Feces or distal large-intestinal contents,16,1
31063092-006,Natural direct detection,Direct viral RNA detection,No,Positive,S0114,Erinaceus europaeus,Erinaceidae,Great Britain,North England,2011 to 2015,2011,2015,Erinaceus coronavirus (EriCoV),Coronaviridae,PCR + sequencing,Feces or distal large-intestinal contents,25,1
31063092-007,Natural direct detection,Direct viral RNA detection,No,Positive,S0114,Erinaceus europaeus,Erinaceidae,Great Britain,Wales,2011 to 2015,2011,2015,Erinaceus coronavirus (EriCoV),Coronaviridae,PCR + sequencing,Feces or distal large-intestinal contents,19,2
31063092-008,Natural direct detection,Direct viral RNA detection,No,Negative,S0114,Erinaceus europaeus,Erinaceidae,Great Britain,Scotland,2011 to 2015,2011,2015,Erinaceus coronavirus (EriCoV),Coronaviridae,PCR + sequencing,Feces or distal large-intestinal contents,61,0
31063092-009,Natural direct detection,Direct viral RNA detection,No,Positive,S0114,Erinaceus europaeus,Erinaceidae,Great Britain,Not reported,2011 to 2015,2011,2015,Erinaceus coronavirus (EriCoV),Coronaviridae,PCR + sequencing,Feces or distal large-intestinal contents,40,3
31063092-010,Natural direct detection,Direct viral RNA detection,No,Positive,S0114,Erinaceus europaeus,Erinaceidae,Great Britain,Not reported,2011 to 2015,2011,2015,Erinaceus coronavirus (EriCoV),Coronaviridae,PCR + sequencing,Feces or distal large-intestinal contents,146,16
31063092-011,Natural direct detection,Direct viral RNA detection,No,Positive,S0114,Erinaceus europaeus,Erinaceidae,Great Britain,Not reported,2011 to 2015,2011,2015,Erinaceus coronavirus (EriCoV),Coronaviridae,PCR + sequencing,Feces or distal large-intestinal contents,97,26
31063092-012,Natural direct detection,Direct viral RNA detection,No,Positive,S0114,Erinaceus europaeus,Erinaceidae,Great Britain,Not reported,2011 to 2015,2011,2015,Erinaceus coronavirus (EriCoV),Coronaviridae,PCR + sequencing,Feces or distal large-intestinal contents,234,22
31063092-013,Natural direct detection,Direct viral RNA detection,No,Negative,S0114,Erinaceus europaeus,Erinaceidae,Great Britain,Not reported,2011,2011,2011,Erinaceus coronavirus (EriCoV),Coronaviridae,PCR + sequencing,Feces or distal large-intestinal contents,1,0
31063092-014,Natural direct detection,Direct viral RNA detection,No,Negative,S0114,Erinaceus europaeus,Erinaceidae,Great Britain,Not reported,2012,2012,2012,Erinaceus coronavirus (EriCoV),Coronaviridae,PCR + sequencing,Feces or distal large-intestinal contents,13,0
31063092-015,Natural direct detection,Direct viral RNA detection,No,Negative,S0114,Erinaceus europaeus,Erinaceidae,Great Britain,Not reported,2013,2013,2013,Erinaceus coronavirus (EriCoV),Coronaviridae,PCR + sequencing,Feces or distal large-intestinal contents,9,0
31063092-016,Natural direct detection,Direct viral RNA detection,No,Positive,S0114,Erinaceus europaeus,Erinaceidae,Great Britain,Not reported,2014,2014,2014,Erinaceus coronavirus (EriCoV),Coronaviridae,PCR + sequencing,Feces or distal large-intestinal contents,182,10
31063092-017,Natural direct detection,Direct viral RNA detection,No,Positive,S0114,Erinaceus europaeus,Erinaceidae,Great Britain,Not reported,2015,2015,2015,Erinaceus coronavirus (EriCoV),Coronaviridae,PCR + sequencing,Feces or distal large-intestinal contents,144,28
31063092-018,Natural direct detection,Direct viral RNA detection,No,Negative,S0114,Erinaceus europaeus,Erinaceidae,Great Britain,Not reported,January,,,Erinaceus coronavirus (EriCoV),Coronaviridae,PCR + sequencing,Feces or distal large-intestinal contents,1,0
31063092-019,Natural direct detection,Direct viral RNA detection,No,Negative,S0114,Erinaceus europaeus,Erinaceidae,Great Britain,Not reported,March,,,Erinaceus coronavirus (EriCoV),Coronaviridae,PCR + sequencing,Feces or distal large-intestinal contents,1,0
31063092-020,Natural direct detection,Direct viral RNA detection,No,Negative,S0114,Erinaceus europaeus,Erinaceidae,Great Britain,Not reported,April,,,Erinaceus coronavirus (EriCoV),Coronaviridae,PCR + sequencing,Feces or distal large-intestinal contents,29,0
31063092-021,Natural direct detection,Direct viral RNA detection,No,Positive,S0114,Erinaceus europaeus,Erinaceidae,Great Britain,Not reported,May,,,Erinaceus coronavirus (EriCoV),Coronaviridae,PCR + sequencing,Feces or distal large-intestinal contents,68,5
31063092-022,Natural direct detection,Direct viral RNA detection,No,Positive,S0114,Erinaceus europaeus,Erinaceidae,Great Britain,Not reported,June,,,Erinaceus coronavirus (EriCoV),Coronaviridae,PCR + sequencing,Feces or distal large-intestinal contents,81,6
31063092-023,Natural direct detection,Direct viral RNA detection,No,Positive,S0114,Erinaceus europaeus,Erinaceidae,Great Britain,Not reported,July,,,Erinaceus coronavirus (EriCoV),Coronaviridae,PCR + sequencing,Feces or distal large-intestinal contents,61,10
31063092-024,Natural direct detection,Direct viral RNA detection,No,Positive,S0114,Erinaceus europaeus,Erinaceidae,Great Britain,Not reported,August,,,Erinaceus coronavirus (EriCoV),Coronaviridae,PCR + sequencing,Feces or distal large-intestinal contents,32,4
31063092-025,Natural direct detection,Direct viral RNA detection,No,Positive,S0114,Erinaceus europaeus,Erinaceidae,Great Britain,Not reported,September,,,Erinaceus coronavirus (EriCoV),Coronaviridae,PCR + sequencing,Feces or distal large-intestinal contents,34,5
31063092-026,Natural direct detection,Direct viral RNA detection,No,Positive,S0114,Erinaceus europaeus,Erinaceidae,Great Britain,Not reported,October,,,Erinaceus coronavirus (EriCoV),Coronaviridae,PCR + sequencing,Feces or distal large-intestinal contents,17,3
31063092-027,Natural direct detection,Direct viral RNA detection,No,Positive,S0114,Erinaceus europaeus,Erinaceidae,Great Britain,Not reported,November,,,Erinaceus coronavirus (EriCoV),Coronaviridae,PCR + sequencing,Feces or distal large-intestinal contents,15,4
31063092-028,Natural direct detection,Direct viral RNA detection,No,Positive,S0114,Erinaceus europaeus,Erinaceidae,Great Britain,Not reported,December,,,Erinaceus coronavirus (EriCoV),Coronaviridae,PCR + sequencing,Feces or distal large-intestinal contents,5,1
31063092-029,Natural direct detection,Direct viral RNA detection,No,Positive,S0114,Erinaceus europaeus,Erinaceidae,Great Britain,Not reported,2011 to 2015,2011,2015,Erinaceus coronavirus (EriCoV),Coronaviridae,PCR + sequencing,Feces or distal large-intestinal contents,79,10
31063092-030,Natural direct detection,Direct viral RNA detection,No,Positive,S0114,Erinaceus europaeus,Erinaceidae,Great Britain,Not reported,2011 to 2015,2011,2015,Erinaceus coronavirus (EriCoV),Coronaviridae,PCR + sequencing,Feces or distal large-intestinal contents,151,14
31063092-031,Natural direct detection,Direct viral RNA detection,No,Positive,S0114,Erinaceus europaeus,Erinaceidae,Great Britain,Not reported,2011 to 2015,2011,2015,Erinaceus coronavirus (EriCoV),Coronaviridae,PCR + sequencing,Feces or distal large-intestinal contents,28,3
31063092-032,Natural direct detection,Direct viral RNA detection,No,Positive,S0114,Erinaceus europaeus,Erinaceidae,Great Britain,Not reported,2011 to 2015,2011,2015,Erinaceus coronavirus (EriCoV),Coronaviridae,PCR + sequencing,Feces or distal large-intestinal contents,57,8
31063092-033,Natural direct detection,Direct viral RNA detection,No,Positive,S0114,Erinaceus europaeus,Erinaceidae,Great Britain,Not reported,2011 to 2015,2011,2015,Erinaceus coronavirus (EriCoV),Coronaviridae,PCR + sequencing,Feces or distal large-intestinal contents,73,11
31063092-034,Natural direct detection,Direct viral RNA detection,No,Positive,S0114,Erinaceus europaeus,Erinaceidae,Great Britain,Not reported,2011 to 2015,2011,2015,Erinaceus coronavirus (EriCoV),Coronaviridae,PCR + sequencing,Feces or distal large-intestinal contents,161,15
31063092-035,Natural direct detection,Direct viral RNA detection,No,Positive,S0114,Erinaceus europaeus,Erinaceidae,Great Britain,Not reported,2011 to 2015,2011,2015,Erinaceus coronavirus (EriCoV),Coronaviridae,PCR + sequencing,Feces or distal large-intestinal contents,47,10
31063092-036,Natural direct detection,Direct viral RNA detection,No,Positive,S0114,Erinaceus europaeus,Erinaceidae,Great Britain,Not reported,2011 to 2015,2011,2015,Erinaceus coronavirus (EriCoV),Coronaviridae,PCR + sequencing,Feces or distal large-intestinal contents,10,3
31063092-037,Natural direct detection,Direct viral RNA detection,No,Positive,S0114,Erinaceus europaeus,Erinaceidae,Great Britain,Not reported,2011 to 2015,2011,2015,Erinaceus coronavirus (EriCoV),Coronaviridae,PCR + sequencing,Feces or distal large-intestinal contents,25,1
31063092-038,Natural direct detection,Direct viral RNA detection,No,Positive,S0114,Erinaceus europaeus,Erinaceidae,Great Britain,Not reported,2011 to 2015,2011,2015,Erinaceus coronavirus (EriCoV),Coronaviridae,PCR + sequencing,Feces or distal large-intestinal contents,102,14
31063092-039,Natural direct detection,Direct viral RNA detection,No,Positive,S0114,Erinaceus europaeus,Erinaceidae,Great Britain,Not reported,2011 to 2015,2011,2015,Erinaceus coronavirus (EriCoV),Coronaviridae,PCR + sequencing,Feces or distal large-intestinal contents,53,4
31063092-040,Natural direct detection,Direct viral RNA detection,No,Positive,S0114,Erinaceus europaeus,Erinaceidae,Great Britain,Not reported,2011 to 2015,2011,2015,Erinaceus coronavirus (EriCoV),Coronaviridae,PCR + sequencing,Feces or distal large-intestinal contents,51,9
31063092-041,Natural direct detection,Direct viral RNA detection,No,Positive,S0114,Erinaceus europaeus,Erinaceidae,Great Britain,Not reported,2011 to 2015,2011,2015,Erinaceus coronavirus (EriCoV),Coronaviridae,PCR + sequencing,Feces or distal large-intestinal contents,22,3
31063092-042,Natural direct detection,Direct viral RNA detection,No,Negative,S0114,Erinaceus europaeus,Erinaceidae,Great Britain,Not reported,2011 to 2015,2011,2015,Erinaceus coronavirus (EriCoV),Coronaviridae,PCR + sequencing,Feces or distal large-intestinal contents,23,0
31063092-043,Natural direct detection,Direct viral RNA detection,No,Positive,S0114,Erinaceus europaeus,Erinaceidae,Great Britain,Not reported,2011 to 2015,2011,2015,Erinaceus coronavirus (EriCoV),Coronaviridae,PCR + sequencing,Feces or distal large-intestinal contents,43,7
31063092-044,Natural direct detection,Direct viral RNA detection,No,Positive,S0114,Erinaceus europaeus,Erinaceidae,Great Britain,Not reported,2011 to 2015,2011,2015,Erinaceus coronavirus (EriCoV),Coronaviridae,PCR + sequencing,Feces or distal large-intestinal contents,11,2
31063092-045,Natural direct detection,Direct viral RNA detection,No,Positive,S0114,Erinaceus europaeus,Erinaceidae,Great Britain,Not reported,2011 to 2015,2011,2015,Erinaceus coronavirus (EriCoV),Coronaviridae,PCR + sequencing,Feces or distal large-intestinal contents,39,6
31063092-046,Natural direct detection,Direct viral RNA detection,No,Positive,S0114,Erinaceus europaeus,Erinaceidae,Great Britain,Not reported,2011 to 2015,2011,2015,Erinaceus coronavirus (EriCoV),Coronaviridae,PCR + sequencing,Feces or distal large-intestinal contents,55,5
31063092-047,Natural direct detection,Direct viral RNA detection,No,Positive,S0114,Erinaceus europaeus,Erinaceidae,Great Britain,Not reported,2011 to 2015,2011,2015,Erinaceus coronavirus (EriCoV),Coronaviridae,PCR + sequencing,Feces or distal large-intestinal contents,39,7
31063092-048,Natural direct detection,Direct viral RNA detection,No,Positive,S0114,Erinaceus europaeus,Erinaceidae,Great Britain,Not reported,2011 to 2015,2011,2015,Erinaceus coronavirus (EriCoV),Coronaviridae,PCR + sequencing,Feces or distal large-intestinal contents,55,5
31063092-049,Natural direct detection,Histopathological characterization of positive cases,No,Positive,S0114,Erinaceus europaeus,Erinaceidae,Great Britain,Not reported,2011 to 2015,2011,2015,Erinaceus coronavirus (EriCoV),Coronaviridae,PCR / RT-PCR,Available tissues from nine EriCoV-positive post-mortem cases,9,9
31063092-050,Natural direct detection,Complete-genome sequence characterization,No,Positive,S0114,Erinaceus europaeus,Erinaceidae,Great Britain,Not reported,2011 to 2015,2011,2015,"Erinaceus coronavirus (EriCoV), sample R618/14",Coronaviridae,PCR + sequencing,Fecal sample,1,1
31216240-001,Natural direct detection,Direct detection of HBV-like DNA,Yes,Positive,S0115,Suncus murinus,Soricidae,China,Positive house shrews were trapped at the same site in Guangzhou,2014 to 2017,2014,2017,hepatitis B virus-like nucleotide sequences,Hepadnaviridae,PCR / RT-PCR,Liver tissue,177,3
31216240-002,Serology,Negative antibody and antigen confirmation,No,Negative,S0115,Suncus murinus,Soricidae,China,Positive house shrews were trapped at the same site in Guangzhou,2014 to 2017,2014,2017,hepatitis B virus-like nucleotide sequences,Hepadnaviridae,Serology,Serum and liver-tissue supernatant from DNA-positive animals,3,0
31371507-002,Natural direct detection,Sequence-confirmed direct viral DNA detection,Yes,Positive,S0116,Sorex araneus; Sorex coronatus,Soricidae,"Germany, Côte d’Ivoire and Sierra Leone",Europe; positive animals sampled in Germany,2004 to 2016,2004,2016,Crowned shrew hepatitis B virus,Hepadnaviridae,PCR + sequencing,Liver tissue unless otherwise stated,322,12
31371507-003,Natural direct detection,Sequence-confirmed direct viral DNA detection,Yes,Positive,S0116,Crocidura olivieri; Crocidura grandiceps,Soricidae,"Germany, Côte d’Ivoire and Sierra Leone",Western Africa; positives in Côte d’Ivoire and Sierra Leone,2004 to 2016,2004,2016,Musk shrew hepatitis B virus,Hepadnaviridae,PCR + sequencing,Liver tissue unless otherwise stated,371,5
31371507-004,Natural direct detection,Sequence-confirmed direct viral DNA detection,No,Positive,S0116,Sorex araneus,Soricidae,"Germany, Côte d’Ivoire and Sierra Leone",Germany,2004 to 2016,2004,2016,shrew hepatitis B virus,Hepadnaviridae,PCR + sequencing,Liver tissue unless otherwise stated,,1
31371507-005,Natural direct detection,Sequence-confirmed direct viral DNA detection,No,Positive,S0116,Sorex coronatus,Soricidae,"Germany, Côte d’Ivoire and Sierra Leone",Germany,2004 to 2016,2004,2016,shrew hepatitis B virus,Hepadnaviridae,PCR + sequencing,Liver tissue unless otherwise stated,,
31371507-006,Natural direct detection,Sequence-confirmed direct viral DNA detection,No,Positive,S0116,Crocidura olivieri,Soricidae,"Germany, Côte d’Ivoire and Sierra Leone",Côte d’Ivoire,2004 to 2016,2004,2016,shrew hepatitis B virus,Hepadnaviridae,PCR + sequencing,Liver tissue unless otherwise stated,,4
31371507-007,Natural direct detection,Sequence-confirmed direct viral DNA detection,No,Positive,S0116,Crocidura grandiceps,Soricidae,"Germany, Côte d’Ivoire and Sierra Leone",Sierra Leone,2004 to 2016,2004,2016,shrew hepatitis B virus,Hepadnaviridae,PCR + sequencing,Liver tissue unless otherwise stated,,1
31371507-008,Serology,Shrew-HBV-specific antibody detection,Yes,Positive,S0116,Sorex spp.,Soricidae,"Germany, Côte d’Ivoire and Sierra Leone",Germany/Europe,2004 to 2016,2004,2016,shrew hepatitis B virus,Hepadnaviridae,Serology,Serum,86,1
31371507-009,Serology,Shrew-HBV-specific antibody detection,Yes,Positive,S0116,Crocidura spp.,Soricidae,"Germany, Côte d’Ivoire and Sierra Leone",Western Africa; the seropositive African animal was from Sierra Leone,2004 to 2016,2004,2016,shrew hepatitis B virus,Hepadnaviridae,Serology,Serum,57,1
31371507-010,Natural direct detection,Direct viral DNA detection,No,Positive,S0116,Sorex spp.,Soricidae,Germany,Not reported,2004 to 2016,2004,2016,Crowned shrew hepatitis B virus,Hepadnaviridae,PCR + sequencing,Liver tissue unless otherwise stated,161,4
31371507-011,Natural direct detection,Direct viral DNA detection,No,Positive,S0116,Sorex spp.,Soricidae,Germany,Not reported,2004 to 2016,2004,2016,Crowned shrew hepatitis B virus,Hepadnaviridae,PCR + sequencing,Liver tissue unless otherwise stated,159,8
31371507-012,Natural direct detection,Quantitative tissue detection and in situ hybridization,No,Positive,S0116,Soricidae spp.,Soricidae,"Germany, Côte d’Ivoire and Sierra Leone",Not reported,2004 to 2016,2004,2016,Crowned shrew hepatitis B virus,Hepadnaviridae,PCR / RT-PCR,Multiple tissues from 12 positive shrews,12,12
31371507-013,Experimental evidence,Experimental replication study,No,Uncertain / not applicable,S0116,Sorex coronatus,Soricidae,"Germany, Côte d’Ivoire and Sierra Leone",Not reported,2004 to 2016,2004,2016,Crowned shrew hepatitis B virus,Hepadnaviridae,Experimental infection,Cloned/resurrected viral genome in cultured cells,,
31371507-014A,Experimental evidence,Experimental receptor and pseudotype-entry study,No,Uncertain / not applicable,S0116,Sorex coronatus,Soricidae,"Germany, Côte d’Ivoire and Sierra Leone",Not reported,2004 to 2016,2004,2016,Crowned shrew hepatitis B virus,Hepadnaviridae,Experimental infection,"Synthetic preS1 peptides, NTCP/Ntcp expression systems, pseudotyped hepatitis D virus and primary hepatocytes",,
31371507-014B,Experimental evidence,Experimental receptor and pseudotype-entry study,No,Uncertain / not applicable,S0116,Crocidura olivieri,Soricidae,"Germany, Côte d’Ivoire and Sierra Leone",Not reported,2004 to 2016,2004,2016,Musk shrew hepatitis B virus,Hepadnaviridae,Experimental infection,"Synthetic preS1 peptides, NTCP/Ntcp expression systems, pseudotyped hepatitis D virus and primary hepatocytes",,
29095685-001,Natural direct detection,Sequence-confirmed direct viral DNA detection,Yes,Positive,S0117,Sorex araneus; Sorex coronatus; Sorex minutus,Soricidae,Germany and Norway,Six federal states of Germany and three counties of Norway,Not reported in the supplied main PDF,,,shrew polyomaviruses,Polyomaviridae,PCR + sequencing,"Spleen, lymph node, lung, liver, kidney and chest-cavity fluid",178,47
29095685-002,Indirect or contextual evidence,Sequence-confirmed direct viral DNA detection,No,Positive,S0117,Sorex araneus,Soricidae,Germany and Norway,Six federal states of Germany and three counties of Norway,Not reported in the supplied main PDF,,,shrew polyomaviruses,Polyomaviridae,PCR + sequencing,"Spleen, lymph node, lung, liver, kidney and chest-cavity fluid",,35
29095685-003,Indirect or contextual evidence,Sequence-confirmed direct viral DNA detection,No,Positive,S0117,Sorex coronatus,Soricidae,Germany,Six federal states of Germany and three counties of Norway,Not reported in the supplied main PDF,,,shrew polyomaviruses,Polyomaviridae,PCR + sequencing,"Spleen, lymph node, lung, liver, kidney and chest-cavity fluid",,9
29095685-004,Indirect or contextual evidence,Sequence-confirmed direct viral DNA detection,No,Positive,S0117,Sorex minutus,Soricidae,Germany,Six federal states of Germany and three counties of Norway,Not reported in the supplied main PDF,,,shrew polyomaviruses,Polyomaviridae,PCR + sequencing,"Spleen, lymph node, lung, liver, kidney and chest-cavity fluid",,3
29095685-005,Natural direct detection,Complete viral genome sequencing,No,Positive,S0117,Sorex araneus,Soricidae,Germany and Norway,Six federal states of Germany and three counties of Norway,Not reported in the supplied main PDF,,,Sorex araneus polyomavirus 1,Polyomaviridae,PCR + sequencing,Positive tissue DNA,4,4
29095685-006,Natural direct detection,Complete viral genome sequencing,No,Positive,S0117,Sorex coronatus,Soricidae,Germany and Norway,Six federal states of Germany and three counties of Norway,Not reported in the supplied main PDF,,,Sorex coronatus polyomavirus 1,Polyomaviridae,PCR + sequencing,Positive tissue DNA,4,4
29095685-007,Natural direct detection,Complete viral genome sequencing,No,Positive,S0117,Sorex minutus,Soricidae,Germany and Norway,Six federal states of Germany and three counties of Norway,Not reported in the supplied main PDF,,,Sorex minutus polyomavirus 1,Polyomaviridae,PCR + sequencing,Positive tissue DNA,2,2
29095685-008,Natural direct detection,Complete-genome sequence comparison,No,Positive,S0117,Sorex araneus,Soricidae,Germany,Six federal states of Germany and three counties of Norway,Not reported in the supplied main PDF,,,SaraPyV1-GER_#4608,Polyomaviridae,Sequencing,Positive tissue DNA,1,1
29133028-001,Natural direct detection,Sequence-confirmed direct viral RNA detection,Yes,Positive,S0118,Sorex araneus,Soricidae,Finland,Thirty-six localities across Finland,2013–2014,2013,2014,Seewis virus (SWSV),Hantaviridae,PCR + sequencing,Lung tissue,225,42
29133028-002,Natural direct detection,Sequence-confirmed direct viral RNA detection,No,Positive,S0118,Sorex araneus,Soricidae,Finland,"Muonio, northern Finland",2013–2014,2013,2014,Seewis virus (SWSV),Hantaviridae,PCR + sequencing,Lung tissue,75,8
29133028-003,Natural direct detection,Sequence-confirmed direct viral RNA detection,No,Positive,S0118,Sorex araneus,Soricidae,Finland,Other 35 Finnish localities,2013–2014,2013,2014,Seewis virus (SWSV),Hantaviridae,PCR + sequencing,Lung tissue,150,34
29133028-004,Natural direct detection,Virus-specific sequence characterization,No,Positive,S0118,Sorex araneus,Soricidae,Finland,Not reported,2013–2014,2013,2014,Seewis virus (SWSV),Hantaviridae,PCR + sequencing,Lung RNA from 40 screening-positive shrews,40,40
29133028-005,Natural direct detection,Complete S- and M-segment sequencing,No,Positive,S0118,Sorex araneus,Soricidae,Finland,"Tammela, southern Finland",2012,2012,2012,Seewis virus strain EWS25,Hantaviridae,PCR + sequencing,Lung tissue,1,1
29169627-001,Natural direct detection,Direct viral DNA and ultrastructural detection in a selected clinical case,No,Positive,S0119,Atelerix albiventris,Erinaceidae,Japan,"Obihiro, Japan",Not reported,,,African hedgehog cytomegalovirus-like betaherpesvirus,Orthoherpesviridae,PCR + sequencing,Submandibular and sublingual salivary glands,1,1
29169627-002,Natural direct detection,"Concordant histological, immunohistochemical, ultrastructural and molecular evidence",No,Positive,S0119,Atelerix albiventris,Erinaceidae,Japan,"Obihiro, Japan",Not reported,,,African hedgehog cytomegalovirus-like betaherpesvirus,Orthoherpesviridae,PCR + sequencing,Submandibular and sublingual salivary glands,1,1
29186061-001,Natural direct detection,Sequence-confirmed direct viral RNA detection,Yes,Positive,S0120,Erinaceus europaeus,Erinaceidae,France,Three geographically separated animal shelters,2015–2016,2015,2016,hedgehog betacoronavirus / Erinaceus coronavirus-like virus,Coronaviridae,PCR + sequencing,Fecal sample,74,37
29186061-002,Natural direct detection,Sequence-based viral characterization,No,Positive,S0120,Erinaceus europaeus,Erinaceidae,France,Three geographically separated animal shelters,2015–2016,2015,2016,hedgehog betacoronavirus / Erinaceus coronavirus-like virus,Coronaviridae,PCR + sequencing,Fecal sample,37,37
29272370-001,Natural direct detection,Sequence-confirmed direct viral RNA detection,Yes,Positive,S0121,Talpa europaea,Talpidae,Belgium,Multiple locations across Belgium,2013–2015,2013,2015,Bruges virus,Hantaviridae,PCR + sequencing,Kidney tissue unless otherwise stated,479,22
29272370-002,Natural direct detection,Sequence-confirmed direct viral RNA detection,Yes,Positive,S0121,Talpa europaea,Talpidae,Belgium,Multiple locations across Belgium,2013–2015,2013,2015,Nova virus,Hantaviridae,PCR + sequencing,Kidney tissue unless otherwise stated,479,255
29272370-003A,Natural direct detection,Sequence-confirmed dual viral RNA detection,No,Positive,S0121,Talpa europaea,Talpidae,Belgium,Multiple locations across Belgium,2013–2015,2013,2015,Bruges virus,Hantaviridae,PCR + sequencing,Kidney tissue unless otherwise stated,22,22
29272370-003B,Natural direct detection,Sequence-confirmed dual viral RNA detection,No,Positive,S0121,Talpa europaea,Talpidae,Belgium,Multiple locations across Belgium,2013–2015,2013,2015,Nova virus,Hantaviridae,PCR + sequencing,Kidney tissue unless otherwise stated,22,20
29272370-004,Natural direct detection,Sequence-confirmed direct viral RNA detection,Yes,Positive,S0121,Talpa europaea,Talpidae,United Kingdom,Avon County,August 1982,1982,1982,Bruges virus,Hantaviridae,PCR + sequencing,Liver tissue,4,1
29272370-005,Natural direct detection,Sequence-confirmed direct viral RNA detection,Yes,Positive,S0121,Talpa europaea,Talpidae,Germany,"Near Wandlitz village, Berlin region",March 2013,2013,2013,Bruges virus,Hantaviridae,PCR + sequencing,Lung tissue,1,1
29272370-006,Natural direct detection,Direct viral RNA screening — negative,Yes,Negative,S0121,Talpa europaea,Talpidae,Poland,Central Poland,Not reported,,,Bruges virus,Hantaviridae,PCR + sequencing,Lung tissue,13,0
29272370-007,Natural direct detection,Direct viral RNA screening — negative,Yes,Negative,S0121,Talpa europaea,Talpidae,France,Locations reported in the cited French collection,Not reported,,,Bruges virus,Hantaviridae,PCR + sequencing,Lung tissue,119,0
29272370-008,Natural direct detection,Sequence-confirmed viral genomic characterization,No,Positive,S0121,Talpa europaea,Talpidae,Belgium,Vieux-Genappe / initial Belgian detection near Bruges,Not reported,,,BRGV BE/Vieux-Genappe/TE/2013/1,Hantaviridae,PCR + sequencing,Kidney and other tissues,1,1
29272370-009,Natural direct detection,Sequence-confirmed viral genomic characterization,No,Positive,S0121,Talpa europaea,Talpidae,Germany,Wandlitz,Not reported,,,BRGV DE/Wandlitz/TE/2013/1,Hantaviridae,PCR + sequencing,Lung tissue,1,1
29272370-010,Natural direct detection,Sequence-confirmed viral genomic characterization,No,Positive,S0121,Talpa europaea,Talpidae,United Kingdom,Avon County,Not reported,,,BRGV UK/MSB48363/TE/1982/1,Hantaviridae,PCR + sequencing,Liver tissue,1,1
29272370-011A,Natural direct detection,Direct RNA detection of both viruses across organs,No,Positive,S0121,Talpa europaea,Talpidae,Belgium,Vieux-Genappe,Not reported,,,Bruges virus,Hantaviridae,PCR + sequencing,"Kidney, lung, heart, liver and spleen",1,1
29272370-011B,Natural direct detection,Direct RNA detection of both viruses across organs,No,Positive,S0121,Talpa europaea,Talpidae,Belgium,Vieux-Genappe,Not reported,,,Nova virus,Hantaviridae,PCR + sequencing,"Kidney, lung, heart, liver and spleen",1,1
29407376-001,Natural direct detection,Sequence-confirmed direct viral DNA detection,Yes,Positive,S0122,Suncus murinus,Soricidae,China,"Xiamen, Shenzhen and Guangzhou",May 2015 to February 2017 for the shrew-containing sites,2015,2017,rodent torque teno virus 3,Anelloviridae,PCR + sequencing,Throat swab,23,1
29407376-002,Natural direct detection,Direct viral DNA screening — negative,Yes,Negative,S0122,Suncus murinus,Soricidae,China,"Xiamen, Shenzhen and Guangzhou",May 2015 to February 2017 for the shrew-containing sites,2015,2017,rodent torque teno virus 3,Anelloviridae,PCR + sequencing,Fecal sample,19,0
29407376-003,Natural direct detection,Sequence-confirmed direct viral DNA detection,Yes,Positive,S0122,Suncus murinus,Soricidae,China,"Xiamen, Shenzhen and Guangzhou",May 2015 to February 2017 for the shrew-containing sites,2015,2017,rodent torque teno virus 3,Anelloviridae,PCR + sequencing,Serum,9,1
29407376-004,Natural direct detection,Direct viral DNA screening — negative,No,Negative,S0122,Suncus murinus,Soricidae,China,"Xiamen, Fujian Province",October 2015,2015,2015,rodent torque teno virus 3,Anelloviridae,PCR + sequencing,Throat swab,8,0
29407376-005,Natural direct detection,Sequence-confirmed direct viral DNA detection,No,Positive,S0122,Suncus murinus,Soricidae,China,"Baiyun district, Guangzhou, Guangdong Province",February 2016 to February 2017,2016,2017,rodent torque teno virus 3,Anelloviridae,PCR + sequencing,Throat swab,11,1
29407376-006,Natural direct detection,Direct viral DNA screening — negative,No,Negative,S0122,Suncus murinus,Soricidae,China,"Xiamen, Fujian Province",October 2015,2015,2015,rodent torque teno virus 3,Anelloviridae,PCR + sequencing,Fecal sample,8,0
29407376-007,Natural direct detection,Direct viral DNA screening — negative,No,Negative,S0122,Suncus murinus,Soricidae,China,"Guangzhou, Guangdong Province",February 2016 to February 2017,2016,2017,rodent torque teno virus 3,Anelloviridae,PCR + sequencing,Fecal sample,11,0
29407376-008,Natural direct detection,Direct viral DNA screening — negative,No,Negative,S0122,Suncus murinus,Soricidae,China,"Xiamen, Fujian Province",October 2015,2015,2015,rodent torque teno virus 3,Anelloviridae,PCR + sequencing,Serum,2,0
29407376-009,Natural direct detection,Sequence-confirmed direct viral DNA detection,No,Positive,S0122,Suncus murinus,Soricidae,China,"Shenzhen, Guangdong Province",May 2015,2015,2015,rodent torque teno virus 3,Anelloviridae,PCR + sequencing,Serum,1,1
29407376-010,Natural direct detection,Direct viral DNA screening — negative,No,Negative,S0122,Suncus murinus,Soricidae,China,"Guangzhou, Guangdong Province",February 2016 to February 2017,2016,2017,rodent torque teno virus 3,Anelloviridae,PCR + sequencing,Serum,6,0
29407376-011,Natural direct detection,Partial ORF1 sequence characterization,No,Positive,S0122,Suncus murinus,Soricidae,China,"Baiyun district, Guangzhou",May 2015 to February 2017 for the shrew-containing sites,2015,2017,RoTTV3 strain BY.TS.492,Anelloviridae,PCR + sequencing,Throat swab,1,1
29407376-012,Natural direct detection,Partial ORF1 sequence characterization,No,Positive,S0122,Suncus murinus,Soricidae,China,Shenzhen,May 2015 to February 2017 for the shrew-containing sites,2015,2017,RoTTV3 strain SZ.SE.5,Anelloviridae,PCR + sequencing,Serum,1,1
30005641-001,Serology,Arenavirus-reactive IgG detection,Yes,Positive,S0123,Crocidura spp.,Soricidae,Nigeria,Not reported,2011–2015,2011,2015,Lassa virus or another arenavirus,Arenaviridae,Serology,"Whole blood, or serum obtained by rinsing liver when blood was unavailable",199,2
30005641-002,Natural direct detection,Direct viral RNA screening — negative,Yes,Negative,S0123,Crocidura spp.,Soricidae,Nigeria,Not reported,2011–2015,2011,2015,Lassa virus,Arenaviridae,PCR / RT-PCR,Whole blood,199,0
30005641-003,Serology,Arenavirus IgG screening — negative,No,Negative,S0123,Crocidura spp.,Soricidae,Nigeria,Abagboro; Non-endemic zone,2011–2015,2011,2015,Lassa virus or another arenavirus,Arenaviridae,Serology,"Whole blood, or serum obtained by rinsing liver when blood was unavailable",14,0
30005641-004,Serology,Arenavirus IgG screening — negative,No,Negative,S0123,Crocidura spp.,Soricidae,Nigeria,Kako; Non-endemic zone,2011–2015,2011,2015,Lassa virus or another arenavirus,Arenaviridae,Serology,"Whole blood, or serum obtained by rinsing liver when blood was unavailable",4,0
30005641-005,Serology,Arenavirus IgG screening — negative,No,Negative,S0123,Crocidura spp.,Soricidae,Nigeria,Esira; Non-endemic zone,2011–2015,2011,2015,Lassa virus or another arenavirus,Arenaviridae,Serology,"Whole blood, or serum obtained by rinsing liver when blood was unavailable",3,0
30005641-006,Serology,Arenavirus IgG screening — negative,No,Negative,S0123,Crocidura spp.,Soricidae,Nigeria,Eguare Egoro; Endemic zone,2011–2015,2011,2015,Lassa virus or another arenavirus,Arenaviridae,Serology,"Whole blood, or serum obtained by rinsing liver when blood was unavailable",19,0
30005641-007,Serology,Arenavirus-reactive IgG detection,No,Positive,S0123,Crocidura spp.,Soricidae,Nigeria,Ekpoma; Endemic zone,2011–2015,2011,2015,Lassa virus or another arenavirus,Arenaviridae,Serology,"Whole blood, or serum obtained by rinsing liver when blood was unavailable",69,2
30005641-008,Serology,Arenavirus IgG screening — negative,No,Negative,S0123,Crocidura spp.,Soricidae,Nigeria,Abakaliki; Endemic zone,2011–2015,2011,2015,Lassa virus or another arenavirus,Arenaviridae,Serology,"Whole blood, or serum obtained by rinsing liver when blood was unavailable",24,0
30005641-009,Serology,Arenavirus IgG screening — negative,No,Negative,S0123,Crocidura spp.,Soricidae,Nigeria,Ndubia; Endemic zone,2011–2015,2011,2015,Lassa virus or another arenavirus,Arenaviridae,Serology,"Whole blood, or serum obtained by rinsing liver when blood was unavailable",29,0
30005641-010,Serology,Arenavirus IgG screening — negative,No,Negative,S0123,Crocidura spp.,Soricidae,Nigeria,Onmba Abena; Endemic zone,2011–2015,2011,2015,Lassa virus or another arenavirus,Arenaviridae,Serology,"Whole blood, or serum obtained by rinsing liver when blood was unavailable",32,0
30005641-011,Serology,Arenavirus IgG screening — negative,No,Negative,S0123,Crocidura spp.,Soricidae,Nigeria,Mayo Ranewo; Endemic zone,2011–2015,2011,2015,Lassa virus or another arenavirus,Arenaviridae,Serology,"Whole blood, or serum obtained by rinsing liver when blood was unavailable",4,0
30005641-012,Serology,Arenavirus IgG screening — negative,No,Negative,S0123,Crocidura spp.,Soricidae,Nigeria,Ngel Nyaki; Endemic zone,2011–2015,2011,2015,Lassa virus or another arenavirus,Arenaviridae,Serology,"Whole blood, or serum obtained by rinsing liver when blood was unavailable",1,0
30042503-001,Natural direct detection,Complete-genome-supported direct viral RNA detection,Yes,Positive,S0124,Crocidura olivieri,Soricidae,Guinea,"Near Guéckédou, Nzérékoré Region; three sites within a 4-km radius",February 2016,2016,2016,Olivier's shrew virus 1,Arteriviridae,PCR + sequencing,Serum,4,3
30042503-002,Natural direct detection,Direct viral RNA detection,No,Positive,S0124,Crocidura olivieri,Soricidae,Guinea,"Near Guéckédou, Nzérékoré Region; three sites within a 4-km radius",February 2016,2016,2016,Olivier's shrew virus 1,Arteriviridae,PCR + sequencing,Heart,4,2
30042503-003,Natural direct detection,Direct viral RNA detection,No,Positive,S0124,Crocidura olivieri,Soricidae,Guinea,"Near Guéckédou, Nzérékoré Region; three sites within a 4-km radius",February 2016,2016,2016,Olivier's shrew virus 1,Arteriviridae,PCR + sequencing,Kidney,4,2
30042503-004,Natural direct detection,Direct viral RNA detection,No,Positive,S0124,Crocidura olivieri,Soricidae,Guinea,"Near Guéckédou, Nzérékoré Region; three sites within a 4-km radius",February 2016,2016,2016,Olivier's shrew virus 1,Arteriviridae,PCR + sequencing,Liver,4,2
30042503-005,Natural direct detection,Direct viral RNA detection,No,Positive,S0124,Crocidura olivieri,Soricidae,Guinea,"Near Guéckédou, Nzérékoré Region; three sites within a 4-km radius",February 2016,2016,2016,Olivier's shrew virus 1,Arteriviridae,PCR + sequencing,Lung,4,2
30042503-006,Natural direct detection,Direct viral RNA detection,No,Positive,S0124,Crocidura olivieri,Soricidae,Guinea,"Near Guéckédou, Nzérékoré Region; three sites within a 4-km radius",February 2016,2016,2016,Olivier's shrew virus 1,Arteriviridae,PCR + sequencing,Spleen,4,2
30042503-007,Natural direct detection,Complete-genome sequence characterization,No,Positive,S0124,Crocidura olivieri,Soricidae,Guinea,"Near Guéckédou, Nzérékoré Region; three sites within a 4-km radius",February 2016,2016,2016,Olivier's shrew virus 1,Arteriviridae,PCR + sequencing,Serum,1,1
30042503-008,Natural direct detection,Complete-genome sequence characterization,No,Positive,S0124,Crocidura olivieri,Soricidae,Guinea,"Near Guéckédou, Nzérékoré Region; three sites within a 4-km radius",February 2016,2016,2016,Olivier's shrew virus 1,Arteriviridae,PCR + sequencing,Serum,1,1
30042503-009,Natural direct detection,Complete-genome sequence characterization,No,Positive,S0124,Crocidura olivieri,Soricidae,Guinea,"Near Guéckédou, Nzérékoré Region; three sites within a 4-km radius",February 2016,2016,2016,Olivier's shrew virus 1,Arteriviridae,PCR + sequencing,Serum,1,1
30226801-001,Natural direct detection,Direct viral RNA detection,Yes,Positive,S0125,Crocidura russula,Soricidae,Spain,Zaragoza Province; rabbit enclosures P1 and P4,February and June 2015,2015,2015,rabbit hemorrhagic disease virus,Caliciviridae,PCR + sequencing,Liver tissue,2,2
30226801-002,Natural direct detection,Direct viral RNA detection,No,Positive,S0125,Crocidura russula,Soricidae,Spain,Zaragoza Province; enclosure P1,February 2015,2015,2015,rabbit hemorrhagic disease virus,Caliciviridae,PCR + sequencing,Liver tissue,1,1
30226801-003,Natural direct detection,Direct viral RNA detection,No,Positive,S0125,Crocidura russula,Soricidae,Spain,Zaragoza Province; enclosure P4,June 2015,2015,2015,rabbit hemorrhagic disease virus,Caliciviridae,PCR + sequencing,Liver tissue,1,1
30226801-004,Experimental evidence,Experimental infectivity confirmation,No,Uncertain / not applicable,S0125,Crocidura russula,Soricidae,Spain,Zaragoza Province; rabbit enclosures P1 and P4,February and June 2015,2015,2015,rabbit hemorrhagic disease virus,Caliciviridae,Experimental infection,Filtered shrew-liver homogenate inoculated intramuscularly into two laboratory rabbits,,
30226801-005,Experimental evidence,Experimental infectivity confirmation,No,Uncertain / not applicable,S0125,Crocidura russula,Soricidae,Spain,Zaragoza Province; rabbit enclosures P1 and P4,February and June 2015,2015,2015,rabbit hemorrhagic disease virus,Caliciviridae,Experimental infection,Filtered shrew-liver homogenate inoculated intramuscularly into two laboratory rabbits,,
30226801-006,Natural direct detection,Complete capsid-gene sequence characterization,No,Positive,S0125,Crocidura russula,Soricidae,Spain,Zaragoza Province; rabbit enclosures P1 and P4,February and June 2015,2015,2015,rabbit hemorrhagic disease virus,Caliciviridae,Sequencing,Liver tissue,1,1
30285857-002,Indirect or contextual evidence,Sequence-confirmed direct viral nucleic-acid detection,No,Positive,S0126,Sorex araneus,Soricidae,China,"Shaanxi, inferred from strain code SX2014",July 2013 to July 2016,2013,2016,Shrew-HV/SX2014,Hantaviridae,PCR + sequencing,Pharyngeal and anal swabs,,1
30285857-003,Indirect or contextual evidence,Sequence-confirmed direct viral nucleic-acid detection,No,Positive,S0126,Sorex araneus,Soricidae,China,Tibet,July 2013 to July 2016,2013,2016,Shrew-HV/Tibet2014,Hantaviridae,PCR + sequencing,Pharyngeal and anal swabs,,1
30285857-004,Indirect or contextual evidence,Sequence-confirmed direct viral nucleic-acid detection,No,Positive,S0126,Sorex araneus,Soricidae,China,Multiple Chinese provinces,July 2013 to July 2016,2013,2016,coronaviruses,Coronaviridae,PCR + sequencing,Pharyngeal and anal swabs,,5
30285857-005,Indirect or contextual evidence,Sequence-confirmed direct viral nucleic-acid detection,No,Positive,S0126,Sorex araneus,Soricidae,China,Tibet,July 2013 to July 2016,2013,2016,Shrew-CoV/Tibet2014,Coronaviridae,PCR + sequencing,Pharyngeal and anal swabs,,1
30285857-006,Indirect or contextual evidence,Sequence-confirmed direct viral nucleic-acid detection,No,Positive,S0126,Soricidae spp.,Soricidae,China,"Shaanxi, inferred from strain code SAX2015",July 2013 to July 2016,2013,2016,Shrew-AstV/SAX2015,Astroviridae,PCR + sequencing,Pharyngeal and anal swabs,,1
30285857-007,Indirect or contextual evidence,Sequence-confirmed direct viral nucleic-acid detection,No,Positive,S0126,Soricidae spp.,Soricidae,China,"Guangxi, inferred from strain code GX2016",July 2013 to July 2016,2013,2016,Shrew-AstV/GX2016,Astroviridae,PCR + sequencing,Pharyngeal and anal swabs,,1
30285857-008,Indirect or contextual evidence,Sequence-confirmed direct viral nucleic-acid detection,No,Positive,S0126,Soricidae spp.,Soricidae,China,Not reported,July 2013 to July 2016,2013,2016,unnamed lineage-5 shrew astrovirus,Astroviridae,PCR + sequencing,Pharyngeal and anal swabs,,1
30285857-009,Indirect or contextual evidence,Sequence-confirmed direct viral nucleic-acid detection,No,Positive,S0126,Sorex araneus,Soricidae,China,Tibet,July 2013 to July 2016,2013,2016,Shrew-CalV/Tibet2014,Caliciviridae,PCR + sequencing,Pharyngeal and anal swabs,,1
30285857-010,Indirect or contextual evidence,Sequence-confirmed direct viral nucleic-acid detection,No,Positive,S0126,Soricidae spp.,Soricidae,China,Tibet,July 2013 to July 2016,2013,2016,Shrew-CV/Tibet2014,Circoviridae,PCR + sequencing,Pharyngeal and anal swabs,,1
30285857-011,Indirect or contextual evidence,Sequence-confirmed direct viral nucleic-acid detection,No,Positive,S0126,Soricidae spp.,Soricidae,China,Not reported,July 2013 to July 2016,2013,2016,two shrew adenoviruses,Adenoviridae,PCR + sequencing,Pharyngeal and anal swabs,,2
27303915-001,Natural direct detection,Direct viral RNA detection,Yes,Positive,S0127,Sorex araneus,Soricidae,Russia,"Novosibirsk region, South-Western Siberia","Spring–summer seasons, 2009–2014",2009,2014,tick-borne encephalitis virus,Flaviviridae,PCR / RT-PCR,Brain and spleen organs analyzed separately,30,22
27303915-002,Natural direct detection,Molecular subtype detection,No,Positive,S0127,Sorex araneus,Soricidae,Russia,"Novosibirsk region, South-Western Siberia","Spring–summer seasons, 2009–2014",2009,2014,tick-borne encephalitis virus,Flaviviridae,PCR / RT-PCR,Brain and spleen organs analyzed separately,22,17
27303915-003,Natural direct detection,Molecular subtype detection,No,Positive,S0127,Sorex araneus,Soricidae,Russia,"Novosibirsk region, South-Western Siberia","Spring–summer seasons, 2009–2014",2009,2014,tick-borne encephalitis virus,Flaviviridae,PCR / RT-PCR,Brain and spleen organs analyzed separately,22,10
27303915-004,Natural direct detection,Molecular subtype detection,No,Positive,S0127,Sorex araneus,Soricidae,Russia,"Novosibirsk region, South-Western Siberia","Spring–summer seasons, 2009–2014",2009,2014,tick-borne encephalitis virus,Flaviviridae,PCR / RT-PCR,Brain and spleen organs analyzed separately,14,4
27303915-005,Natural direct detection,Detection of multiple TBEV subtypes in one animal,No,Positive,S0127,Sorex araneus,Soricidae,Russia,"Novosibirsk region, South-Western Siberia","Spring–summer seasons, 2009–2014",2009,2014,tick-borne encephalitis virus,Flaviviridae,PCR / RT-PCR,Brain and spleen organs analyzed separately,22,7
27303915-006,Natural direct detection,Phylogenetic characterization of positive isolates,No,Positive,S0127,Sorex araneus,Soricidae,Russia,"Novosibirsk region, South-Western Siberia","Spring–summer seasons, 2009–2014",2009,2014,tick-borne encephalitis virus,Flaviviridae,PCR + sequencing,Brain and spleen,,
27433135-001,Natural direct detection,Direct viral RNA screening — negative,Yes,Negative,S0128,Uropsilus soricipes,Talpidae,China,"Shimian County, Sichuan Province",2005,2005,2005,Hantavirus RNA,Hantaviridae,PCR + sequencing,"Archived heart, kidney and other frozen tissues",5,0
27433135-002,Natural direct detection,Sequence-confirmed direct viral RNA detection,Yes,Positive,S0128,Scaptonyx fusicauda,Talpidae,China,"Dahonggou Creek, Shimian County, Sichuan Province",1989,1989,1989,Dahonggou Creek virus (DHCV),Hantaviridae,PCR + sequencing,"Archived heart, kidney and other frozen tissues",2,1
27433135-003,Natural direct detection,Direct viral RNA screening — negative,Yes,Negative,S0128,Scapanus latimanus,Talpidae,United States,"California, Sonoma",1984,1984,1984,Hantavirus RNA,Hantaviridae,PCR + sequencing,"Archived heart, kidney and other frozen tissues",2,0
27433135-004,Natural direct detection,Direct viral RNA screening — negative,Yes,Negative,S0128,Scapanus orarius,Talpidae,United States,"Washington, Gray's Harbor",1984,1984,1984,Hantavirus RNA,Hantaviridae,PCR + sequencing,"Archived heart, kidney and other frozen tissues",2,0
27433135-005,Natural direct detection,Direct viral RNA screening — negative,Yes,Negative,S0128,Scapanus townsendii,Talpidae,United States,"Washington, Walla Walla",1984,1984,1984,Hantavirus RNA,Hantaviridae,PCR + sequencing,"Archived heart, kidney and other frozen tissues",2,0
27433135-006,Natural direct detection,Partial viral genome characterization,No,Positive,S0128,Scaptonyx fusicauda,Talpidae,China,"Dahonggou Creek, 17 km south-southeast of Shimian, Sichuan Province",11 August 1989,1989,1989,Dahonggou Creek virus strain MSB281632,Hantaviridae,PCR + sequencing,Heart and kidney tissues,1,1
27862516-001,Natural direct detection,Sequence-confirmed direct viral RNA detection,Yes,Positive,S0129,Talpa europaea,Talpidae,Belgium,93 postal-code areas across Belgium,2013–2015,2013,2015,Nova virus,Hantaviridae,PCR + sequencing,Kidney tissue,479,255
27862516-002,Natural direct detection,Complete viral genome sequencing,No,Positive,S0129,Talpa europaea,Talpidae,Belgium,93 postal-code areas across Belgium,2013–2015,2013,2015,Nova virus,Hantaviridae,Sequencing,RNA from Nova-virus-positive kidney tissue,7,7
28287930-001,Indirect or contextual evidence,Sequence-confirmed direct viral RNA detection,No,Positive,S0130,Crocidura spp.,Soricidae,China,"Jiaonan County, Shandong Province","January–December 2014, except September",2014,2014,Imjin virus,Hantaviridae,PCR + sequencing,Lung tissue,178,19
28287930-002,Natural direct detection,Sequence-confirmed direct viral RNA detection,Yes,Positive,S0130,Crocidura lasiura,Soricidae,China,"Jiaonan County, Shandong Province","January–December 2014, except September",2014,2014,Imjin virus,Hantaviridae,PCR + sequencing,Lung tissue,164,18
28287930-003,Natural direct detection,Direct viral RNA screening — negative,Yes,Negative,S0130,Crocidura attenuata,Soricidae,China,"Jiaonan County, Shandong Province","January–December 2014, except September",2014,2014,Imjin virus,Hantaviridae,PCR + sequencing,Lung tissue,7,0
28287930-004,Natural direct detection,Sequence-confirmed direct viral RNA detection,Yes,Positive,S0130,Crocidura shantungensis,Soricidae,China,"Jiaonan County, Shandong Province","January–December 2014, except September",2014,2014,Imjin virus,Hantaviridae,PCR + sequencing,Lung tissue,7,1
28287930-005,Indirect or contextual evidence,Sequence-confirmed direct viral RNA detection,No,Positive,S0130,Crocidura spp.,Soricidae,China,"Jiaonan County, Shandong Province","January–December 2014, except September",2014,2014,Seoul virus,Hantaviridae,PCR + sequencing,Lung tissue,178,2
28287930-006,Natural direct detection,Sequence-confirmed direct viral RNA detection,Yes,Positive,S0130,Crocidura lasiura,Soricidae,China,"Jiaonan County, Shandong Province","January–December 2014, except September",2014,2014,Seoul virus,Hantaviridae,PCR + sequencing,Lung tissue,164,2
28287930-007,Natural direct detection,Direct viral RNA screening — negative,Yes,Negative,S0130,Crocidura attenuata,Soricidae,China,"Jiaonan County, Shandong Province","January–December 2014, except September",2014,2014,Seoul virus,Hantaviridae,PCR + sequencing,Lung tissue,7,0
28287930-008,Natural direct detection,Direct viral RNA screening — negative,Yes,Negative,S0130,Crocidura shantungensis,Soricidae,China,"Jiaonan County, Shandong Province","January–December 2014, except September",2014,2014,Seoul virus,Hantaviridae,PCR + sequencing,Lung tissue,7,0
28287930-009,Natural direct detection,Sequence-confirmed direct viral RNA detection,No,Positive,S0130,Crocidura spp.,Soricidae,China,"Jiaonan County, Shandong Province",January 2014,2014,2014,Imjin virus,Hantaviridae,PCR + sequencing,Lung tissue,23,2
28287930-010,Natural direct detection,Direct viral RNA screening — negative,No,Negative,S0130,Crocidura spp.,Soricidae,China,"Jiaonan County, Shandong Province",February 2014,2014,2014,Imjin virus,Hantaviridae,PCR + sequencing,Lung tissue,23,0
28287930-011,Natural direct detection,Sequence-confirmed direct viral RNA detection,No,Positive,S0130,Crocidura spp.,Soricidae,China,"Jiaonan County, Shandong Province",March 2014,2014,2014,Imjin virus,Hantaviridae,PCR + sequencing,Lung tissue,11,2
28287930-012,Natural direct detection,Sequence-confirmed direct viral RNA detection,No,Positive,S0130,Crocidura spp.,Soricidae,China,"Jiaonan County, Shandong Province",April 2014,2014,2014,Imjin virus,Hantaviridae,PCR + sequencing,Lung tissue,17,5
28287930-013,Natural direct detection,Direct viral RNA screening — negative,No,Negative,S0130,Crocidura spp.,Soricidae,China,"Jiaonan County, Shandong Province",May 2014,2014,2014,Imjin virus,Hantaviridae,PCR + sequencing,Lung tissue,3,0
28287930-014,Natural direct detection,Sequence-confirmed direct viral RNA detection,No,Positive,S0130,Crocidura spp.,Soricidae,China,"Jiaonan County, Shandong Province",June 2014,2014,2014,Imjin virus,Hantaviridae,PCR + sequencing,Lung tissue,7,1
28287930-015,Natural direct detection,Direct viral RNA screening — negative,No,Negative,S0130,Crocidura spp.,Soricidae,China,"Jiaonan County, Shandong Province",July 2014,2014,2014,Imjin virus,Hantaviridae,PCR + sequencing,Lung tissue,4,0
28287930-016,Natural direct detection,Sequence-confirmed direct viral RNA detection,No,Positive,S0130,Crocidura spp.,Soricidae,China,"Jiaonan County, Shandong Province",August 2014,2014,2014,Imjin virus,Hantaviridae,PCR + sequencing,Lung tissue,6,1
28287930-017,Natural direct detection,Sequence-confirmed direct viral RNA detection,No,Positive,S0130,Crocidura spp.,Soricidae,China,"Jiaonan County, Shandong Province",October 2014,2014,2014,Imjin virus,Hantaviridae,PCR + sequencing,Lung tissue,39,1
28287930-018,Natural direct detection,Sequence-confirmed direct viral RNA detection,No,Positive,S0130,Crocidura spp.,Soricidae,China,"Jiaonan County, Shandong Province",November 2014,2014,2014,Imjin virus,Hantaviridae,PCR + sequencing,Lung tissue,37,5
28287930-019,Natural direct detection,Sequence-confirmed direct viral RNA detection,No,Positive,S0130,Crocidura spp.,Soricidae,China,"Jiaonan County, Shandong Province",December 2014,2014,2014,Imjin virus,Hantaviridae,PCR + sequencing,Lung tissue,8,2
28287930-020,Natural direct detection,Sequence-confirmed direct viral RNA detection,No,Positive,S0130,Crocidura spp.,Soricidae,China,"Jiaonan County, Shandong Province",January 2014,2014,2014,Seoul virus,Hantaviridae,PCR + sequencing,Lung tissue,23,1
28287930-021,Natural direct detection,Direct viral RNA screening — negative,No,Negative,S0130,Crocidura spp.,Soricidae,China,"Jiaonan County, Shandong Province",February 2014,2014,2014,Seoul virus,Hantaviridae,PCR + sequencing,Lung tissue,23,0
28287930-022,Natural direct detection,Direct viral RNA screening — negative,No,Negative,S0130,Crocidura spp.,Soricidae,China,"Jiaonan County, Shandong Province",March 2014,2014,2014,Seoul virus,Hantaviridae,PCR + sequencing,Lung tissue,11,0
28287930-023,Natural direct detection,Direct viral RNA screening — negative,No,Negative,S0130,Crocidura spp.,Soricidae,China,"Jiaonan County, Shandong Province",April 2014,2014,2014,Seoul virus,Hantaviridae,PCR + sequencing,Lung tissue,17,0
28287930-024,Natural direct detection,Direct viral RNA screening — negative,No,Negative,S0130,Crocidura spp.,Soricidae,China,"Jiaonan County, Shandong Province",May 2014,2014,2014,Seoul virus,Hantaviridae,PCR + sequencing,Lung tissue,3,0
28287930-025,Natural direct detection,Direct viral RNA screening — negative,No,Negative,S0130,Crocidura spp.,Soricidae,China,"Jiaonan County, Shandong Province",June 2014,2014,2014,Seoul virus,Hantaviridae,PCR + sequencing,Lung tissue,7,0
28287930-026,Natural direct detection,Direct viral RNA screening — negative,No,Negative,S0130,Crocidura spp.,Soricidae,China,"Jiaonan County, Shandong Province",July 2014,2014,2014,Seoul virus,Hantaviridae,PCR + sequencing,Lung tissue,4,0
28287930-027,Natural direct detection,Sequence-confirmed direct viral RNA detection,No,Positive,S0130,Crocidura spp.,Soricidae,China,"Jiaonan County, Shandong Province",August 2014,2014,2014,Seoul virus,Hantaviridae,PCR + sequencing,Lung tissue,6,1
28287930-028,Natural direct detection,Direct viral RNA screening — negative,No,Negative,S0130,Crocidura spp.,Soricidae,China,"Jiaonan County, Shandong Province",October 2014,2014,2014,Seoul virus,Hantaviridae,PCR + sequencing,Lung tissue,39,0
28287930-029,Natural direct detection,Direct viral RNA screening — negative,No,Negative,S0130,Crocidura spp.,Soricidae,China,"Jiaonan County, Shandong Province",November 2014,2014,2014,Seoul virus,Hantaviridae,PCR + sequencing,Lung tissue,37,0
28287930-030,Natural direct detection,Direct viral RNA screening — negative,No,Negative,S0130,Crocidura spp.,Soricidae,China,"Jiaonan County, Shandong Province",December 2014,2014,2014,Seoul virus,Hantaviridae,PCR + sequencing,Lung tissue,8,0
28287930-031,Natural direct detection,Partial and near-complete viral genome sequencing,No,Positive,S0130,Crocidura spp.,Soricidae,China,"Jiaonan County, Shandong Province","January–December 2014, except September",2014,2014,Imjin virus,Hantaviridae,PCR + sequencing,Lung tissue,19,19
28287930-032,Natural direct detection,Partial viral genome sequencing,No,Positive,S0130,Crocidura lasiura,Soricidae,China,"Jiaonan County, Shandong Province","January–December 2014, except September",2014,2014,Seoul virus,Hantaviridae,PCR + sequencing,Lung tissue,2,2
28295052-001,Serology,Anti-MJNV IgG detection,Yes,Positive,S0131,Crocidura lasiura,Soricidae,Republic of Korea,Gangwon and Gyeonggi provinces,2011–2014,2011,2014,Imjin virus,Hantaviridae,Serology,"Serum and lung tissue; liver, kidney and spleen in selected animals",96,4
28295052-002,Natural direct detection,Sequence-confirmed direct viral RNA detection,Yes,Positive,S0131,Crocidura lasiura,Soricidae,Republic of Korea,Gangwon and Gyeonggi provinces,2011–2014,2011,2014,Imjin virus,Hantaviridae,PCR + sequencing,"Serum and lung tissue; liver, kidney and spleen in selected animals",96,9
28295052-003,Serology,Anti-MJNV IgG detection,No,Positive,S0131,Crocidura lasiura,Soricidae,Republic of Korea,Gangwon province,2011–2014,2011,2014,Imjin virus,Hantaviridae,Serology,"Serum and lung tissue; liver, kidney and spleen in selected animals",67,3
28295052-004,Serology,Anti-MJNV IgG detection,No,Positive,S0131,Crocidura lasiura,Soricidae,Republic of Korea,Gyeonggi province,2011–2014,2011,2014,Imjin virus,Hantaviridae,Serology,"Serum and lung tissue; liver, kidney and spleen in selected animals",29,1
28295052-005,Serology,Anti-MJNV IgG detection,No,Positive,S0131,Crocidura lasiura,Soricidae,Republic of Korea,Gangwon and Gyeonggi provinces,2011–2014,2011,2014,Imjin virus,Hantaviridae,Serology,"Serum and lung tissue; liver, kidney and spleen in selected animals",41,4
28295052-006,Serology,Serological screening — negative,No,Negative,S0131,Crocidura lasiura,Soricidae,Republic of Korea,Gangwon and Gyeonggi provinces,2011–2014,2011,2014,Imjin virus,Hantaviridae,Serology,"Serum and lung tissue; liver, kidney and spleen in selected animals",55,0
28295052-007,Serology,Serological screening — negative,No,Negative,S0131,Crocidura lasiura,Soricidae,Republic of Korea,Gangwon and Gyeonggi provinces,2011–2014,2011,2014,Imjin virus,Hantaviridae,Serology,"Serum and lung tissue; liver, kidney and spleen in selected animals",4,0
28295052-008,Serology,Serological screening — negative,No,Negative,S0131,Crocidura lasiura,Soricidae,Republic of Korea,Gangwon and Gyeonggi provinces,2011–2014,2011,2014,Imjin virus,Hantaviridae,Serology,"Serum and lung tissue; liver, kidney and spleen in selected animals",32,0
28295052-009,Serology,Anti-MJNV IgG detection,No,Positive,S0131,Crocidura lasiura,Soricidae,Republic of Korea,Gangwon and Gyeonggi provinces,2011–2014,2011,2014,Imjin virus,Hantaviridae,Serology,"Serum and lung tissue; liver, kidney and spleen in selected animals",46,3
28295052-010,Serology,Anti-MJNV IgG detection,No,Positive,S0131,Crocidura lasiura,Soricidae,Republic of Korea,Gangwon and Gyeonggi provinces,2011–2014,2011,2014,Imjin virus,Hantaviridae,Serology,"Serum and lung tissue; liver, kidney and spleen in selected animals",14,1
28295052-011,Serology,Serological screening — negative,No,Negative,S0131,Crocidura lasiura,Soricidae,Republic of Korea,Gangwon and Gyeonggi provinces,Spring (March–May),,,Imjin virus,Hantaviridae,Serology,"Serum and lung tissue; liver, kidney and spleen in selected animals",4,0
28295052-012,Serology,Serological screening — negative,No,Negative,S0131,Crocidura lasiura,Soricidae,Republic of Korea,Gangwon and Gyeonggi provinces,Summer (June–August),,,Imjin virus,Hantaviridae,Serology,"Serum and lung tissue; liver, kidney and spleen in selected animals",5,0
28295052-013,Serology,Anti-MJNV IgG detection,No,Positive,S0131,Crocidura lasiura,Soricidae,Republic of Korea,Gangwon and Gyeonggi provinces,Autumn (September–November),,,Imjin virus,Hantaviridae,Serology,"Serum and lung tissue; liver, kidney and spleen in selected animals",87,4
28295052-014,Natural direct detection,Sequence-confirmed direct viral RNA detection,No,Positive,S0131,Crocidura lasiura,Soricidae,Republic of Korea,Gangwon province,2011–2014,2011,2014,Imjin virus,Hantaviridae,PCR + sequencing,"Serum and lung tissue; liver, kidney and spleen in selected animals",67,6
28295052-015,Natural direct detection,Sequence-confirmed direct viral RNA detection,No,Positive,S0131,Crocidura lasiura,Soricidae,Republic of Korea,Gyeonggi province,2011–2014,2011,2014,Imjin virus,Hantaviridae,PCR + sequencing,"Serum and lung tissue; liver, kidney and spleen in selected animals",29,3
28295052-016,Natural direct detection,Sequence-confirmed direct viral RNA detection,No,Positive,S0131,Crocidura lasiura,Soricidae,Republic of Korea,Gangwon and Gyeonggi provinces,2011–2014,2011,2014,Imjin virus,Hantaviridae,PCR + sequencing,"Serum and lung tissue; liver, kidney and spleen in selected animals",41,7
28295052-017,Natural direct detection,Sequence-confirmed direct viral RNA detection,No,Positive,S0131,Crocidura lasiura,Soricidae,Republic of Korea,Gangwon and Gyeonggi provinces,2011–2014,2011,2014,Imjin virus,Hantaviridae,PCR + sequencing,"Serum and lung tissue; liver, kidney and spleen in selected animals",55,2
28295052-018,Natural direct detection,Direct viral RNA screening — negative,No,Negative,S0131,Crocidura lasiura,Soricidae,Republic of Korea,Gangwon and Gyeonggi provinces,2011–2014,2011,2014,Imjin virus,Hantaviridae,PCR + sequencing,"Serum and lung tissue; liver, kidney and spleen in selected animals",4,0
28295052-019,Natural direct detection,Sequence-confirmed direct viral RNA detection,No,Positive,S0131,Crocidura lasiura,Soricidae,Republic of Korea,Gangwon and Gyeonggi provinces,2011–2014,2011,2014,Imjin virus,Hantaviridae,PCR + sequencing,"Serum and lung tissue; liver, kidney and spleen in selected animals",32,1
28295052-020,Natural direct detection,Sequence-confirmed direct viral RNA detection,No,Positive,S0131,Crocidura lasiura,Soricidae,Republic of Korea,Gangwon and Gyeonggi provinces,2011–2014,2011,2014,Imjin virus,Hantaviridae,PCR + sequencing,"Serum and lung tissue; liver, kidney and spleen in selected animals",46,7
28295052-021,Natural direct detection,Sequence-confirmed direct viral RNA detection,No,Positive,S0131,Crocidura lasiura,Soricidae,Republic of Korea,Gangwon and Gyeonggi provinces,2011–2014,2011,2014,Imjin virus,Hantaviridae,PCR + sequencing,"Serum and lung tissue; liver, kidney and spleen in selected animals",14,1
28295052-022,Natural direct detection,Direct viral RNA screening — negative,No,Negative,S0131,Crocidura lasiura,Soricidae,Republic of Korea,Gangwon and Gyeonggi provinces,Spring (March–May),,,Imjin virus,Hantaviridae,PCR + sequencing,"Serum and lung tissue; liver, kidney and spleen in selected animals",4,0
28295052-023,Natural direct detection,Direct viral RNA screening — negative,No,Negative,S0131,Crocidura lasiura,Soricidae,Republic of Korea,Gangwon and Gyeonggi provinces,Summer (June–August),,,Imjin virus,Hantaviridae,PCR + sequencing,"Serum and lung tissue; liver, kidney and spleen in selected animals",5,0
28295052-024,Natural direct detection,Sequence-confirmed direct viral RNA detection,No,Positive,S0131,Crocidura lasiura,Soricidae,Republic of Korea,Gangwon and Gyeonggi provinces,Autumn (September–November),,,Imjin virus,Hantaviridae,PCR + sequencing,"Serum and lung tissue; liver, kidney and spleen in selected animals",87,9
28295052-025,Natural direct detection,Complete coding-region sequencing,No,Positive,S0131,Crocidura lasiura,Soricidae,Republic of Korea,Gangwon and Gyeonggi provinces,2011–2014,2011,2014,Imjin virus,Hantaviridae,PCR + sequencing,"Serum and lung tissue; liver, kidney and spleen in selected animals",9,7
28295052-026,Natural direct detection,RT-qPCR tissue-load characterization,No,Positive,S0131,Crocidura lasiura,Soricidae,Republic of Korea,Gangwon and Gyeonggi provinces,2011–2014,2011,2014,Imjin virus,Hantaviridae,PCR / RT-PCR,"Lung, liver, kidney and spleen",9,9
28323557-001,Serology,SFTSV total-antibody detection,Yes,Positive,S0132,Erinaceidae spp.,Erinaceidae,China,"Huangdao District, Qingdao City, and Changqing District, Jinan City, Shandong Province",2015 and 2016,2015,2016,severe fever with thrombocytopenia syndrome virus,Phenuiviridae,Serology,Serum,14,9
28323557-002,Serology,SFTSV total-antibody detection,No,Positive,S0132,Erinaceidae spp.,Erinaceidae,China,"Huangdao District, Qingdao City",2015 and 2016,2015,2016,severe fever with thrombocytopenia syndrome virus,Phenuiviridae,Serology,Serum,10,6
28323557-003,Serology,SFTSV total-antibody detection,No,Positive,S0132,Erinaceidae spp.,Erinaceidae,China,"Changqing District, Jinan City",2015 and 2016,2015,2016,severe fever with thrombocytopenia syndrome virus,Phenuiviridae,Serology,Serum,4,3
28323557-004,Natural direct detection,Direct viral RNA screening — negative,Yes,Negative,S0132,Erinaceidae spp.,Erinaceidae,China,"Huangdao District, Qingdao City, and Changqing District, Jinan City, Shandong Province",2015 and 2016,2015,2016,severe fever with thrombocytopenia syndrome virus,Phenuiviridae,PCR / RT-PCR,Serum,14,0
28323557-005,Natural direct detection,Direct viral RNA screening — negative,Yes,Negative,S0132,Erinaceidae spp.,Erinaceidae,China,"Huangdao District, Qingdao City, and Changqing District, Jinan City, Shandong Province",2015 and 2016,2015,2016,severe fever with thrombocytopenia syndrome virus,Phenuiviridae,PCR / RT-PCR,Spleen tissue,14,0
28634359-001,Natural direct detection,Direct viral RNA and antigen detection,No,Positive,S0133,Soricidae spp.,Soricidae,Austria,Upper Austria; area surrounding four affected horse stables,2015,2015,2015,Borna disease virus 1,Bornaviridae,PCR / RT-PCR,Brain and multiple neural/extraneural tissues,28,7
28634359-002,Natural direct detection,Direct viral RNA and antigen detection,Yes,Positive,S0133,Crocidura leucodon,Soricidae,Austria,Upper Austria; area surrounding four affected horse stables,2015,2015,2015,Borna disease virus 1,Bornaviridae,PCR / RT-PCR,Brain and multiple neural/extraneural tissues,9,6
28634359-003,Natural direct detection,Direct viral RNA and antigen detection,Yes,Positive,S0133,Sorex araneus,Soricidae,Austria,Upper Austria; area surrounding four affected horse stables,2015,2015,2015,Borna disease virus 1,Bornaviridae,PCR / RT-PCR,Brain and multiple neural/extraneural tissues,13,1
28634359-004,Natural direct detection,Direct viral RNA and antigen screening — negative,Yes,Negative,S0133,Neomys anomalus,Soricidae,Austria,Upper Austria; area surrounding four affected horse stables,2015,2015,2015,Borna disease virus 1,Bornaviridae,PCR / RT-PCR,Brain and multiple neural/extraneural tissues,3,0
28634359-005,Natural direct detection,Direct viral RNA and antigen screening — negative,Yes,Negative,S0133,Crocidura suaveolens,Soricidae,Austria,Upper Austria; area surrounding four affected horse stables,2015,2015,2015,Borna disease virus 1,Bornaviridae,PCR / RT-PCR,Brain and multiple neural/extraneural tissues,2,0
28634359-006,Natural direct detection,Direct viral RNA and antigen screening — negative,Yes,Negative,S0133,Sorex minutus,Soricidae,Austria,Upper Austria; area surrounding four affected horse stables,2015,2015,2015,Borna disease virus 1,Bornaviridae,PCR / RT-PCR,Brain and multiple neural/extraneural tissues,1,0
28634359-007,Natural direct detection,IHC and RT-PCR tissue characterization,No,Positive,S0133,Crocidura leucodon,Soricidae,Austria,Upper Austria; area surrounding four affected horse stables,2015,2015,2015,Borna disease virus 1,Bornaviridae,PCR / RT-PCR,Brain and multiple neural/extraneural tissues,6,6
28634359-008,Natural direct detection,IHC and RT-PCR tissue characterization,No,Positive,S0133,Sorex araneus,Soricidae,Austria,Upper Austria; area surrounding four affected horse stables,2015,2015,2015,Borna disease virus 1,Bornaviridae,PCR / RT-PCR,Brain and multiple neural/extraneural tissues,1,1
28634359-009,Natural direct detection,Whole-genome sequencing,No,Positive,S0133,Soricidae spp.,Soricidae,Austria,Upper Austria; area surrounding four affected horse stables,2015,2015,2015,Borna disease virus 1,Bornaviridae,PCR + sequencing,Brain and multiple neural/extraneural tissues,7,7
28637760-001,Natural direct detection,Sequence-confirmed direct viral RNA detection,Yes,Positive,S0134,Suncus murinus,Soricidae,China,Five sites in Jiangxi and Zhejiang provinces,2013–2015,2013,2015,Wénchéng shrew virus (WESV),Coronaviridae,PCR + sequencing,Rectal/fecal samples,266,24
28637760-002,Natural direct detection,Sequence-confirmed direct viral RNA detection,No,Positive,S0134,Suncus murinus,Soricidae,China,"Ruian, Zhejiang Province",2013–2015,2013,2015,Wénchéng shrew virus (WESV),Coronaviridae,PCR + sequencing,Rectal/fecal samples,23,2
28637760-003,Natural direct detection,Sequence-confirmed direct viral RNA detection,No,Positive,S0134,Suncus murinus,Soricidae,China,"Wencheng, Zhejiang Province",2013–2015,2013,2015,Wénchéng shrew virus (WESV),Coronaviridae,PCR + sequencing,Rectal/fecal samples,97,12
28637760-004,Natural direct detection,Direct viral RNA screening — negative,No,Negative,S0134,Suncus murinus,Soricidae,China,"Longwan, Zhejiang Province",2013–2015,2013,2015,Wénchéng shrew virus (WESV),Coronaviridae,PCR + sequencing,Rectal/fecal samples,94,0
28637760-005,Natural direct detection,Sequence-confirmed direct viral RNA detection,No,Positive,S0134,Suncus murinus,Soricidae,China,"Yudu, Jiangxi Province",2013–2015,2013,2015,Wénchéng shrew virus (WESV),Coronaviridae,PCR + sequencing,Rectal/fecal samples,40,4
28637760-006,Natural direct detection,Sequence-confirmed direct viral RNA detection,No,Positive,S0134,Suncus murinus,Soricidae,China,"Xingguo, Jiangxi Province",2013–2015,2013,2015,Wénchéng shrew virus (WESV),Coronaviridae,PCR + sequencing,Rectal/fecal samples,12,6
28637760-007,Natural direct detection,Complete or near-complete viral genome sequencing,No,Positive,S0134,Suncus murinus,Soricidae,China,Not reported,2013–2015,2013,2015,Wénchéng shrew virus (WESV),Coronaviridae,PCR + sequencing,Rectal/fecal samples,9,9
28721632-001,Natural direct detection,Sequence-confirmed direct viral RNA detection,Yes,Positive,S0135,Suncus murinus,Soricidae,China,Ten districts of Shenzhen City,2013–2016,2013,2016,Mammarenavirus,Arenaviridae,PCR + sequencing,"Liver, lung and kidney tissues mixed for initial RNA extraction",196,1
28721632-002,Natural direct detection,Sequence-confirmed direct viral RNA detection,Yes,Positive,S0135,Suncus murinus,Soricidae,China,Ten districts of Shenzhen City,2013–2016,2013,2016,Hantavirus,Hantaviridae,PCR + sequencing,"Liver, lung and kidney tissues mixed for initial RNA extraction",196,1
28721632-003,Natural direct detection,Sequence-confirmed direct viral RNA detection,Yes,Positive,S0135,Suncus murinus,Soricidae,China,Ten districts of Shenzhen City,2013–2016,2013,2016,Hepatitis E virus (HEV),Hepeviridae,PCR + sequencing,"Liver, lung and kidney tissues mixed for initial RNA extraction",196,1
28721632-004,Natural direct detection,Partial viral genome characterization,No,Positive,S0135,Suncus murinus,Soricidae,China,Ten districts of Shenzhen City,2013–2016,2013,2016,Mammarenavirus,Arenaviridae,PCR + sequencing,"Liver, lung and kidney tissues mixed for initial RNA extraction",1,1
28721632-005,Natural direct detection,Partial viral genome characterization,No,Positive,S0135,Suncus murinus,Soricidae,China,Ten districts of Shenzhen City,2013–2016,2013,2016,Hantavirus,Hantaviridae,PCR + sequencing,"Liver, lung and kidney tissues mixed for initial RNA extraction",1,1
28721632-006,Natural direct detection,Partial viral genome characterization,No,Positive,S0135,Suncus murinus,Soricidae,China,Ten districts of Shenzhen City,2013–2016,2013,2016,Hepatitis E virus (HEV),Hepeviridae,PCR + sequencing,"Liver, lung and kidney tissues mixed for initial RNA extraction",1,1
28972544-001,Serology,Serological and molecular screening — negative,No,Negative,S0136,Soricidae spp.,Soricidae,Democratic Republic of the Congo,"Within 25 km of Boende, Tshuapa Province","2012, 2013 and 2015",2012,2015,monkeypox virus,Poxviridae,Serology,Serum for ELISA and liver for PCR,67,0
28972544-002,Serology,Serological screening — negative,Yes,Negative,S0136,Crocidura spp.,Soricidae,Democratic Republic of the Congo,"Within 25 km of Boende, Tshuapa Province","2012, 2013 and 2015",2012,2015,monkeypox virus,Poxviridae,Serology,Serum,51,0
28972544-003,Serology,Serological screening — negative,Yes,Negative,S0136,Sylvisorex spp.,Soricidae,Democratic Republic of the Congo,"Within 25 km of Boende, Tshuapa Province","2012, 2013 and 2015",2012,2015,monkeypox virus,Poxviridae,Serology,Serum,13,0
28972544-004,Serology,Serological screening — negative,Yes,Negative,S0136,Scutisorex spp.,Soricidae,Democratic Republic of the Congo,"Within 25 km of Boende, Tshuapa Province","2012, 2013 and 2015",2012,2015,monkeypox virus,Poxviridae,Serology,Serum,3,0
28972544-005,Natural direct detection,Direct viral DNA screening — negative,Yes,Negative,S0136,Crocidura spp.,Soricidae,Democratic Republic of the Congo,"Within 25 km of Boende, Tshuapa Province","2012, 2013 and 2015",2012,2015,monkeypox virus,Poxviridae,PCR / RT-PCR,Liver,51,0
28972544-006,Natural direct detection,Direct viral DNA screening — negative,Yes,Negative,S0136,Sylvisorex spp.,Soricidae,Democratic Republic of the Congo,"Within 25 km of Boende, Tshuapa Province","2012, 2013 and 2015",2012,2015,monkeypox virus,Poxviridae,PCR / RT-PCR,Liver,13,0
28972544-007,Natural direct detection,Direct viral DNA screening — negative,Yes,Negative,S0136,Scutisorex spp.,Soricidae,Democratic Republic of the Congo,"Within 25 km of Boende, Tshuapa Province","2012, 2013 and 2015",2012,2015,monkeypox virus,Poxviridae,PCR / RT-PCR,Liver,3,0
25530620-001,Natural direct detection,Sequence-confirmed direct viral RNA detection,Yes,Positive,S0137,Talpa europaea,Talpidae,France,Ozoir-la-Ferrière and Beauvais,October 2012 to March 2013,2012,2013,Nova virus,Hantaviridae,PCR + sequencing,Lung tissue,94,47
25530620-002,Natural direct detection,Sequence-confirmed direct viral RNA detection,No,Positive,S0137,Talpa europaea,Talpidae,France,Ozoir-la-Ferrière,18 October 2012,2012,2012,Nova virus,Hantaviridae,PCR + sequencing,Lung tissue,36,15
25530620-003,Natural direct detection,Sequence-confirmed direct viral RNA detection,No,Positive,S0137,Talpa europaea,Talpidae,France,Ozoir-la-Ferrière,21 February 2013,2013,2013,Nova virus,Hantaviridae,PCR + sequencing,Lung tissue,28,14
25530620-004,Natural direct detection,Sequence-confirmed direct viral RNA detection,No,Positive,S0137,Talpa europaea,Talpidae,France,"Beauvais, Le Plan d'eau du Canada",3 March 2013,2013,2013,Nova virus,Hantaviridae,PCR + sequencing,Lung tissue,30,18
25530620-005,Natural direct detection,Direct viral RNA screening — negative,Yes,Negative,S0137,Talpa occidentalis,Talpidae,France,Between Bordeaux and Poitiers,October 2012 to March 2013,2012,2013,Nova virus,Hantaviridae,PCR + sequencing,Lung tissue,24,0
25530620-006,Natural direct detection,Complete viral S-segment sequencing,No,Positive,S0137,Talpa europaea,Talpidae,France,Not reported,October 2012 to March 2013,2012,2013,Nova virus,Hantaviridae,PCR + sequencing,Lung tissue,11,11
25874643-001,Serology,Hantavirus IgG detection,Yes,Positive,S0138,Crocidura lasiura,Soricidae,Republic of Korea,"Nightmare Range, northeast Gyeonggi Province, near the demilitarized zone",January 2008 to December 2009,2008,2009,Imjin virus,Hantaviridae,Serology,Serum for IFAT; lung tissue for RT-PCR,67,1
25874643-002,Natural direct detection,Sequence-confirmed direct viral RNA detection,Yes,Positive,S0138,Crocidura lasiura,Soricidae,Republic of Korea,"Nightmare Range, northeast Gyeonggi Province, near the demilitarized zone",January 2008 to December 2009,2008,2009,Imjin virus,Hantaviridae,PCR + sequencing,Serum for IFAT; lung tissue for RT-PCR,67,1
25874643-003,Natural direct detection,Sequence-confirmed direct viral RNA detection,No,Positive,S0138,Crocidura lasiura,Soricidae,Republic of Korea,"Nightmare Range, northeast Gyeonggi Province, near the demilitarized zone",January 2008 to December 2009,2008,2009,Imjin virus,Hantaviridae,PCR + sequencing,Serum for IFAT; lung tissue for RT-PCR,1,1
26313904-001,Natural direct detection,Direct viral RNA detection and/or infectious-virus isolation,Yes,Positive,S0139,Crocidura leucodon,Soricidae,Germany,"Two trapping sites in the administrative district of Swabia, Bavaria",2013 and 2014,2013,2014,Borna disease virus 1,Bornaviridae,PCR + sequencing,"Initial skin-surface swab; subsequent secretions, excretions and tissues",11,6
26313904-002,Natural direct detection,Direct viral RNA detection and/or infectious-virus isolation,No,Positive,S0139,Crocidura leucodon,Soricidae,Germany,"Site A, 2013",2013 and 2014,2013,2014,Borna disease virus 1,Bornaviridae,PCR + sequencing,Not reported,6,3
26313904-003,Natural direct detection,Direct viral RNA detection and/or infectious-virus isolation,No,Positive,S0139,Crocidura leucodon,Soricidae,Germany,"Site A, 2014",2013 and 2014,2013,2014,Borna disease virus 1,Bornaviridae,PCR + sequencing,Not reported,2,1
26313904-004,Natural direct detection,Direct viral RNA detection and/or infectious-virus isolation,No,Positive,S0139,Crocidura leucodon,Soricidae,Germany,"Site B, 2014",2013 and 2014,2013,2014,Borna disease virus 1,Bornaviridae,PCR + sequencing,Not reported,3,2
26313904-005,Natural direct detection,Repeated direct viral RNA detection in secretions and excretions,No,Positive,S0139,Crocidura leucodon,Soricidae,Germany,"Two trapping sites in the administrative district of Swabia, Bavaria",2013 and 2014,2013,2014,Borna disease virus 1,Bornaviridae,PCR + sequencing,"Saliva, lacrimal fluid, skin swabs, urine, feces and lair substrate",3,3
26313904-006,Natural direct detection,Repeated direct viral RNA detection in secretions and excretions,No,Positive,S0139,Crocidura leucodon,Soricidae,Germany,"Two trapping sites in the administrative district of Swabia, Bavaria",2013 and 2014,2013,2014,Borna disease virus 1,Bornaviridae,PCR + sequencing,"Saliva, lacrimal fluid, skin swabs, urine and feces",4,4
26313904-007,Natural direct detection,Isolation of infectious virus,No,Positive,S0139,Crocidura leucodon,Soricidae,Germany,"Two trapping sites in the administrative district of Swabia, Bavaria",2013 and 2014,2013,2014,Borna disease virus 1,Bornaviridae,PCR + sequencing,"Saliva, skin/sebum and urine",6,3
26313904-008,Natural direct detection,Partial viral genome sequencing,No,Positive,S0139,Crocidura leucodon,Soricidae,Germany,"Two trapping sites in the administrative district of Swabia, Bavaria",2013 and 2014,2013,2014,Borna disease virus 1,Bornaviridae,PCR + sequencing,Saliva-derived cell-culture isolates,2,2
26313904-009,Natural direct detection,"Viral antigen, genomic RNA and messenger RNA localization",No,Positive,S0139,Crocidura leucodon,Soricidae,Germany,"Two trapping sites in the administrative district of Swabia, Bavaria",2013 and 2014,2013,2014,Borna disease virus 1,Bornaviridae,PCR + sequencing,Central and peripheral nervous system and multiple extraneural organs from five deceased infected shrews,5,5
26324724-001,Natural direct detection,Virus isolation followed by complete-genome sequencing,No,Positive,S0140,Crocidura spp.,Soricidae,Senegal,Bandia,17 February 1971,1971,1971,Thiafora virus,Nairoviridae,Sequencing,Original shrew specimen not specified; Vero-cell culture supernatant used for current sequencing,1,1
26575627-001,Natural direct detection,Repeated direct viral RNA detection,Yes,Positive,S0141,Erinaceus europaeus,Erinaceidae,Germany,German animal shelter; locality not stated in the main PDF,Serial monitoring over 220 days; calendar dates not stated in the main PDF,,,hedgehog hepatovirus,Picornaviridae,PCR + sequencing,Serial fecal specimens,24,9
26575627-002,Natural direct detection,Repeated quantitative viral RNA detection,No,Positive,S0141,Erinaceus europaeus,Erinaceidae,Germany,Not reported,Not reported,,,hedgehog hepatovirus,Picornaviridae,PCR + sequencing,Serial fecal specimens,9,4
26575627-003,Natural direct detection,Loss of detectable viral RNA during follow-up,No,Positive,S0141,Erinaceus europaeus,Erinaceidae,Germany,Not reported,Not reported,,,hedgehog hepatovirus,Picornaviridae,PCR + sequencing,Serial fecal specimens,9,4
26575627-004,Natural direct detection,Tissue viral-load and minus-strand RNA evidence,No,Positive,S0141,Erinaceus europaeus,Erinaceidae,Germany,Not reported,Not reported,,,hedgehog hepatovirus,Picornaviridae,PCR + sequencing,Liver and other tissues,,
26575627-005,Indirect or contextual evidence,Sequence-confirmed direct viral RNA detection,No,Positive,S0141,Sorex araneus,Soricidae,Central Europe; exact country not printed for the strain in the main text,Not reported,Not reported,,,shrew hepatovirus,Picornaviridae,PCR + sequencing,Not reported in the main PDF for the positive shrew strain,,
26575627-006,Serology,Serological screening — negative,Yes,Negative,S0141,Soricidae spp.,Soricidae,Not reported,Not reported,Not reported,,,hepatitis A virus,Picornaviridae,Serology,Serum,103,0
26575627-007,Serology,Serological screening — negative,Yes,Negative,S0141,Erinaceidae spp.,Erinaceidae,Not reported,Not reported,Not reported,,,hepatitis A virus,Picornaviridae,Serology,Serum,48,0
26892544-001,Natural direct detection,Sequence-confirmed direct viral RNA detection,Yes,Positive,S0142,Talpa europaea,Talpidae,Poland,"Huta Dłutowska near Łódź, central Poland",21 June to 26 August 2013,2013,2013,Nova virus,Hantaviridae,PCR + sequencing,Lung tissue,22,11
26892544-002,Natural direct detection,Isolation of infectious virus,No,Positive,S0142,Talpa europaea,Talpidae,Poland,"Huta Dłutowska near Łódź, central Poland",21 June to 26 August 2013,2013,2013,Nova virus,Hantaviridae,PCR + sequencing,Lung tissue,4,1
26892544-003,Natural direct detection,Complete viral genome sequencing,No,Positive,S0142,Talpa europaea,Talpidae,Poland,"Huta Dłutowska near Łódź, central Poland",21 June to 26 August 2013,2013,2013,Nova virus,Hantaviridae,PCR + sequencing,Lung tissue,1,1
26921799-001,Natural direct detection,Sequence-confirmed direct viral RNA detection,Yes,Positive,S0143,Anourosorex squamipes,Soricidae,China,Guizhou Province,2006,2006,2006,Cao Bằng virus,Hantaviridae,PCR + sequencing,Archival frozen tissues,5,2
26921799-002,Natural direct detection,Sequence-confirmed direct viral RNA detection,Yes,Positive,S0143,Anourosorex yamashinai,Soricidae,Taiwan,Nantou County,1989,1989,1989,Cao Bằng virus,Hantaviridae,PCR + sequencing,Archival frozen tissues,15,7
26921799-003,Natural direct detection,Partial or complete viral genome sequencing,No,Positive,S0143,Anourosorex squamipes,Soricidae,China,Guizhou Province,2006,2006,2006,Cao Bằng virus,Hantaviridae,PCR + sequencing,Archival frozen tissues,1,1
26921799-004,Natural direct detection,Partial or complete viral genome sequencing,No,Positive,S0143,Anourosorex squamipes,Soricidae,China,Guizhou Province,2006,2006,2006,Cao Bằng virus,Hantaviridae,PCR + sequencing,Archival frozen tissues,1,1
26921799-005,Natural direct detection,Partial or complete viral genome sequencing,No,Positive,S0143,Anourosorex yamashinai,Soricidae,Taiwan,Nantou County,1989,1989,1989,Cao Bằng virus,Hantaviridae,PCR + sequencing,Archival frozen tissues,1,1
26921799-006,Natural direct detection,Partial or complete viral genome sequencing,No,Positive,S0143,Anourosorex yamashinai,Soricidae,Taiwan,Nantou County,1989,1989,1989,Cao Bằng virus,Hantaviridae,PCR + sequencing,Archival frozen tissues,1,1
26921799-007,Natural direct detection,Partial or complete viral genome sequencing,No,Positive,S0143,Anourosorex yamashinai,Soricidae,Taiwan,Nantou County,1989,1989,1989,Cao Bằng virus,Hantaviridae,PCR + sequencing,Archival frozen tissues,1,1
26921799-008,Natural direct detection,Partial or complete viral genome sequencing,No,Positive,S0143,Anourosorex yamashinai,Soricidae,Taiwan,Nantou County,1989,1989,1989,Cao Bằng virus,Hantaviridae,PCR + sequencing,Archival frozen tissues,1,1
26921799-009,Natural direct detection,Partial or complete viral genome sequencing,No,Positive,S0143,Anourosorex yamashinai,Soricidae,Taiwan,Nantou County,1989,1989,1989,Cao Bằng virus,Hantaviridae,PCR + sequencing,Archival frozen tissues,1,1
26921799-010,Natural direct detection,Partial or complete viral genome sequencing,No,Positive,S0143,Anourosorex yamashinai,Soricidae,Taiwan,Nantou County,1989,1989,1989,Cao Bằng virus,Hantaviridae,PCR + sequencing,Archival frozen tissues,1,1
26921799-011,Natural direct detection,Partial or complete viral genome sequencing,No,Positive,S0143,Anourosorex yamashinai,Soricidae,Taiwan,Nantou County,1989,1989,1989,Cao Bằng virus,Hantaviridae,PCR + sequencing,Archival frozen tissues,1,1
26980673-001,Natural direct detection,Sequence-confirmed direct viral DNA detection,Yes,Positive,S0144,Suncus murinus,Soricidae,China,Xiamen and Guangzhou,2012-2014,2012,2014,Novel shrew adenovirus,Adenoviridae,PCR + sequencing,Fecal specimen or rectal swab,90,1
26980673-002,Natural direct detection,Direct viral DNA screening — negative,No,Negative,S0144,Suncus murinus,Soricidae,China,"Xiamen, Fujian Province",June 2014,2014,2014,Novel shrew adenovirus,Adenoviridae,PCR + sequencing,Fecal specimen or rectal swab,2,0
26980673-003,Natural direct detection,Sequence-confirmed direct viral DNA detection,No,Positive,S0144,Suncus murinus,Soricidae,China,"Guangzhou, Guangdong Province",October 2014,2014,2014,Novel shrew adenovirus,Adenoviridae,PCR + sequencing,Fecal specimen or rectal swab,88,1
26980673-004,Natural direct detection,Partial viral genome sequencing,No,Positive,S0144,Suncus murinus,Soricidae,China,"Guangzhou, Guangdong Province",October 2014,2014,2014,Novel shrew adenovirus,Adenoviridae,PCR + sequencing,Fecal specimen or rectal swab,1,1
27102167-001,Natural direct detection,Sequence-confirmed direct viral RNA detection with contamination uncertainty,Yes,Positive,S0145,Sorex araneus,Soricidae,United Kingdom,East Midlands,2008-2015,2008,2015,"Novel alphacoronavirus, sequence UKSa1",Coronaviridae,PCR + sequencing,Liver,3,1
27102167-002,Natural direct detection,Partial viral genome sequencing,No,Positive,S0145,Sorex araneus,Soricidae,United Kingdom,East Midlands,2008-2015,2008,2015,"Novel alphacoronavirus, sequence UKSa1",Coronaviridae,PCR + sequencing,Liver,1,1
27172519-001,Natural direct detection,Sequence-confirmed direct viral RNA detection,Yes,Positive,S0146,Sorex caecutiens,Soricidae,Russia,"Sakha Republic: Lena River, Amga River and Kenkeme River",2006,2006,2006,Artybash virus,Hantaviridae,PCR + sequencing,Lung tissue,39,5
27172519-002,Natural direct detection,Sequence-confirmed direct viral RNA detection,Yes,Positive,S0146,Sorex caecutiens,Soricidae,Japan,"Hokkaido: Koshimizu, Shibetsu, Mukawa, Shari and Tobetsu",2008-2014,2008,2014,Artybash virus,Hantaviridae,PCR + sequencing,Lung tissue,29,1
27172519-003,Natural direct detection,Sequence-confirmed direct viral RNA detection,No,Positive,S0146,Sorex caecutiens,Soricidae,Russia and Japan,Eastern Siberia and Hokkaido,2006-2014,2006,2014,Artybash virus,Hantaviridae,PCR + sequencing,Lung tissue,68,6
27172519-004,Natural direct detection,Direct viral RNA screening — negative,No,Negative,S0146,Sorex caecutiens,Soricidae,Russia,"Lena River, Sakha Republic",2006,2006,2006,Artybash virus,Hantaviridae,PCR + sequencing,Lung tissue,5,0
27172519-005,Natural direct detection,Sequence-confirmed direct viral RNA detection,No,Positive,S0146,Sorex caecutiens,Soricidae,Russia,"Amga River, Sakha Republic",2006,2006,2006,Artybash virus,Hantaviridae,PCR + sequencing,Lung tissue,14,5
27172519-006,Natural direct detection,Direct viral RNA screening — negative,No,Negative,S0146,Sorex caecutiens,Soricidae,Russia,"Kenkeme River, Sakha Republic",2006,2006,2006,Artybash virus,Hantaviridae,PCR + sequencing,Lung tissue,20,0
27172519-007,Natural direct detection,Direct viral RNA screening — negative,No,Negative,S0146,Sorex caecutiens,Soricidae,Japan,"Koshimizu, Hokkaido",2008,2008,2008,Artybash virus,Hantaviridae,PCR + sequencing,Lung tissue,3,0
27172519-008,Natural direct detection,Direct viral RNA screening — negative,No,Negative,S0146,Sorex caecutiens,Soricidae,Japan,"Shibetsu, Hokkaido",2008,2008,2008,Artybash virus,Hantaviridae,PCR + sequencing,Lung tissue,1,0
27172519-009,Natural direct detection,Sequence-confirmed direct viral RNA detection,No,Positive,S0146,Sorex caecutiens,Soricidae,Japan,"Mukawa, Hokkaido",2010,2010,2010,Artybash virus,Hantaviridae,PCR + sequencing,Lung tissue,4,1
27172519-010,Natural direct detection,Direct viral RNA screening — negative,No,Negative,S0146,Sorex caecutiens,Soricidae,Japan,"Shari, Hokkaido",2011,2011,2011,Artybash virus,Hantaviridae,PCR + sequencing,Lung tissue,1,0
27172519-011,Natural direct detection,Direct viral RNA screening — negative,No,Negative,S0146,Sorex caecutiens,Soricidae,Japan,"Tobetsu, Hokkaido",2013,2013,2013,Artybash virus,Hantaviridae,PCR + sequencing,Lung tissue,4,0
27172519-012,Natural direct detection,Direct viral RNA screening — negative,No,Negative,S0146,Sorex caecutiens,Soricidae,Japan,"Tobetsu, Hokkaido",2014,2014,2014,Artybash virus,Hantaviridae,PCR + sequencing,Lung tissue,16,0
27172519-013,Natural direct detection,Partial and complete viral genome sequencing,No,Positive,S0146,Sorex caecutiens,Soricidae,Russia and Japan,Amga River and Mukawa,2006-2014,2006,2014,Artybash virus,Hantaviridae,PCR + sequencing,Lung tissue,6,6
24793967-001,Serology,Serological exposure,Yes,Positive,S0147,Erinaceidae spp.,Erinaceidae,China,"Jiangsu Province: Yixing, Liyang, Lishui, Jiangning, Xuyi and Donghai counties",March 2012 to February 2013,2012,2013,severe fever with thrombocytopenia syndrome virus,Phenuiviridae,Serology,Serum,75,2
24793967-002,Natural direct detection,Direct viral RNA screening — negative,No,Negative,S0147,Erinaceidae spp.,Erinaceidae,China,"Jiangsu Province: Yixing, Liyang, Lishui, Jiangning, Xuyi and Donghai counties",March 2012 to February 2013,2012,2013,severe fever with thrombocytopenia syndrome virus,Phenuiviridae,PCR / RT-PCR,Tissue samples from seropositive hedgehogs; exact tissues not specified,2,0
24874196-001,Natural direct detection,Sequence-confirmed direct viral RNA detection,No,Positive,S0148,Crocidura lasiura; Suncus murinus,Soricidae,China,"Zhejiang Province: Cixi, Wencheng and Yuhuan",2011–2013,2011,2013,Imjin virus,Hantaviridae,PCR + sequencing,Lung tissue,137,8
24874196-002,Natural direct detection,Sequence-confirmed direct viral RNA detection,Yes,Positive,S0148,Crocidura lasiura,Soricidae,China,"Cixi, Zhejiang Province",2011–2013,2011,2013,Imjin virus,Hantaviridae,PCR + sequencing,Lung tissue,32,1
24874196-003,Natural direct detection,Sequence-confirmed direct viral RNA detection,Yes,Positive,S0148,Suncus murinus,Soricidae,China,"Wencheng and Yuhuan, Zhejiang Province",2011–2013,2011,2013,Thottapalayam virus,Hantaviridae,PCR + sequencing,Lung tissue,105,7
24874196-004,Natural direct detection,Sequence-confirmed direct viral RNA detection,No,Positive,S0148,Suncus murinus,Soricidae,China,"Wencheng, Zhejiang Province",2011–2013,2011,2013,Thottapalayam virus,Hantaviridae,PCR + sequencing,Lung tissue,72,4
24874196-005,Natural direct detection,Sequence-confirmed direct viral RNA detection,No,Positive,S0148,Suncus murinus,Soricidae,China,"Yuhuan, Zhejiang Province",2011–2013,2011,2013,Thottapalayam virus,Hantaviridae,PCR + sequencing,Lung tissue,33,3
24874196-006,Natural direct detection,Complete/near-complete viral genome sequencing,No,Positive,S0148,Crocidura lasiura,Soricidae,China,"Cixi, Zhejiang Province",2011–2013,2011,2013,Imjin virus,Hantaviridae,PCR + sequencing,Lung tissue,1,1
24874196-007,Natural direct detection,Complete/near-complete viral genome sequencing,No,Positive,S0148,Suncus murinus,Soricidae,China,"Wencheng, Zhejiang Province",2011–2013,2011,2013,Thottapalayam virus,Hantaviridae,PCR + sequencing,Lung tissue,4,4
24874196-008,Natural direct detection,Complete/near-complete viral genome sequencing,No,Positive,S0148,Suncus murinus,Soricidae,China,"Yuhuan, Zhejiang Province",2011–2013,2011,2013,Thottapalayam virus,Hantaviridae,PCR + sequencing,Lung tissue,3,3
24997334-001,Natural direct detection,Sequence-confirmed direct viral RNA detection,No,Positive,S0149,Soricidae spp.,Soricidae,Finland,26 locations across Finland,2001–2012,2001,2012,soricomorph-borne hantaviruses,Hantaviridae,PCR + sequencing,Lung tissue for RNA screening; heart extracts and lung tissue for antigen/antibody work,180,26
24997334-002,Natural direct detection,Sequence-confirmed direct viral RNA detection,Yes,Positive,S0149,Sorex araneus,Soricidae,Finland,26 locations across Finland,2001–2012,2001,2012,Seewis virus (SWSV),Hantaviridae,PCR + sequencing,Lung tissue for RNA screening; heart extracts and lung tissue for antigen/antibody work,134,22
24997334-003,Natural direct detection,Sequence-confirmed direct viral RNA detection,Yes,Positive,S0149,Sorex araneus,Soricidae,Finland,26 locations across Finland,2001–2012,2001,2012,Altai-like phylogroup I hantavirus,Hantaviridae,PCR + sequencing,Lung tissue for RNA screening; heart extracts and lung tissue for antigen/antibody work,134,2
24997334-004,Natural direct detection,Sequence-confirmed direct viral RNA detection,Yes,Positive,S0149,Sorex minutus,Soricidae,Finland,26 locations across Finland,2001–2012,2001,2012,Asikkala virus,Hantaviridae,PCR + sequencing,Lung tissue for RNA screening; heart extracts and lung tissue for antigen/antibody work,16,1
24997334-005,Natural direct detection,Sequence-confirmed direct viral RNA detection,Yes,Positive,S0149,Neomys fodiens,Soricidae,Finland,26 locations across Finland,2001–2012,2001,2012,"Boginia virus (BOGV), strain Laihia",Hantaviridae,PCR + sequencing,Lung tissue for RNA screening; heart extracts and lung tissue for antigen/antibody work,12,1
24997334-006,Natural direct detection,Direct viral RNA screening — negative,Yes,Negative,S0149,Sorex isodon,Soricidae,Finland,26 locations across Finland,2001–2012,2001,2012,hantavirus RNA (no virus detected),Hantaviridae,PCR + sequencing,Lung tissue for RNA screening; heart extracts and lung tissue for antigen/antibody work,7,0
24997334-007,Natural direct detection,Direct viral RNA screening — negative,Yes,Negative,S0149,Sorex caecutiens,Soricidae,Finland,26 locations across Finland,2001–2012,2001,2012,hantavirus RNA (no virus detected),Hantaviridae,PCR + sequencing,Lung tissue for RNA screening; heart extracts and lung tissue for antigen/antibody work,7,0
24997334-008,Natural direct detection,Direct viral RNA screening — negative,Yes,Negative,S0149,Sorex minutissimus,Soricidae,Finland,26 locations across Finland,2001–2012,2001,2012,hantavirus RNA (no virus detected),Hantaviridae,PCR + sequencing,Lung tissue for RNA screening; heart extracts and lung tissue for antigen/antibody work,3,0
24997334-009,Natural direct detection,Direct viral RNA screening — negative,Yes,Negative,S0149,Talpa europaea,Talpidae,Finland,26 locations across Finland,2001–2012,2001,2012,hantavirus RNA (no virus detected),Hantaviridae,PCR + sequencing,Lung tissue for RNA screening; heart extracts and lung tissue for antigen/antibody work,1,0
24997334-010,Natural direct detection,Viral antigen detection,No,Positive,S0149,Sorex araneus,Soricidae,Finland,26 locations across Finland,2001–2012,2001,2012,Seewis virus (SWSV),Hantaviridae,Antigen detection,Lung tissue for RNA screening; heart extracts and lung tissue for antigen/antibody work,20,9
24997334-011,Natural direct detection,Viral sequence characterization,No,Positive,S0149,Sorex araneus,Soricidae,Finland,26 locations across Finland,2001–2012,2001,2012,Seewis virus (SWSV),Hantaviridae,PCR + sequencing,Lung tissue for RNA screening; heart extracts and lung tissue for antigen/antibody work,22,22
24997334-012,Natural direct detection,Viral sequence characterization,No,Positive,S0149,Sorex minutus,Soricidae,Finland,26 locations across Finland,2001–2012,2001,2012,Asikkala virus,Hantaviridae,PCR + sequencing,Lung tissue for RNA screening; heart extracts and lung tissue for antigen/antibody work,1,1
24997334-013,Natural direct detection,Viral sequence characterization,No,Positive,S0149,Neomys fodiens,Soricidae,Finland,26 locations across Finland,2001–2012,2001,2012,"Boginia virus (BOGV), strain Laihia",Hantaviridae,PCR + sequencing,Lung tissue for RNA screening; heart extracts and lung tissue for antigen/antibody work,1,1
24997334-014,Natural direct detection,Viral sequence characterization,No,Positive,S0149,Sorex araneus,Soricidae,Finland,26 locations across Finland,2001–2012,2001,2012,Altai-like phylogroup I hantavirus,Hantaviridae,PCR + sequencing,Lung tissue for RNA screening; heart extracts and lung tissue for antigen/antibody work,2,2
25087879-001,Natural direct detection,Sequence-confirmed direct viral RNA detection,Yes,Positive,S0150,Sorex roboratus,Soricidae,China,"Bolshoy Ussuriysky Island, Fuyuan County, Heilongjiang Province",2012,2012,2012,Kenkeme virus,Hantaviridae,PCR + sequencing,Lung tissue,4,1
25087879-002,Natural direct detection,Complete viral genome sequencing,No,Positive,S0150,Sorex roboratus,Soricidae,China,"Bolshoy Ussuriysky Island, Fuyuan County, Heilongjiang Province",2012,2012,2012,Kenkeme virus,Hantaviridae,PCR + sequencing,Lung tissue,1,1
25129384-001,Natural direct detection,Direct viral RNA and antigen detection,No,Positive,S0151,Atelerix albiventris,Erinaceidae,Japan,Japan; private veterinary clinic and Azabu University,Not reported,,,murine pneumonia virus,Pneumoviridae,PCR + sequencing,Brain and lung; additional organs examined pathologically,1,1
25129384-002,Pooled sequencing,Metagenomic and pathological characterization,No,Positive,S0151,Atelerix albiventris,Erinaceidae,Japan,Japan; private veterinary clinic and Azabu University,Not reported,,,murine pneumonia virus,Pneumoviridae,Metagenomic / pooled sequencing,Brain and lung; additional organs examined pathologically,1,1
25319753-001,Serology,Serological exposure,Yes,Positive,S0152,Crocidura spp.,Soricidae,Zambia,"Mpulungu, Namwala, Solwezi and Mazabuka districts",2012–2013,2012,2013,"orthopoxvirus (OPXV), species not determined",Poxviridae,Serology,Serum,42,14
25319753-002,Natural direct detection,Direct viral DNA screening — negative,Yes,Negative,S0152,Crocidura spp.,Soricidae,Zambia,"Mpulungu, Namwala, Solwezi and Mazabuka districts",2012–2013,2012,2013,"orthopoxvirus (OPXV), species not determined",Poxviridae,PCR / RT-PCR,Spleen tissue,42,0
25319753-003,Serology,Serological exposure,No,Positive,S0152,Crocidura spp.,Soricidae,Zambia,"Mpulungu District, Zambia",2012,2012,2012,"orthopoxvirus (OPXV), species not determined",Poxviridae,Serology,Serum,20,6
25319753-004,Serology,Serological exposure,No,Positive,S0152,Crocidura spp.,Soricidae,Zambia,"Namwala District, Zambia",2012,2012,2012,"orthopoxvirus (OPXV), species not determined",Poxviridae,Serology,Serum,2,1
25319753-005,Serology,Serological exposure,No,Positive,S0152,Crocidura spp.,Soricidae,Zambia,"Solwezi District, Zambia",2013,2013,2013,"orthopoxvirus (OPXV), species not determined",Poxviridae,Serology,Serum,16,7
25319753-006,Serology,Serological exposure,No,Negative,S0152,Crocidura spp.,Soricidae,Zambia,"Mazabuka District, Zambia",2013,2013,2013,"orthopoxvirus (OPXV), species not determined",Poxviridae,Serology,Serum,4,0
25319753-007,Natural direct detection,Direct viral DNA screening — negative,No,Negative,S0152,Crocidura spp.,Soricidae,Zambia,"Mpulungu District, Zambia",2012,2012,2012,"orthopoxvirus (OPXV), species not determined",Poxviridae,PCR / RT-PCR,Spleen tissue,20,0
25319753-008,Natural direct detection,Direct viral DNA screening — negative,No,Negative,S0152,Crocidura spp.,Soricidae,Zambia,"Namwala District, Zambia",2012,2012,2012,"orthopoxvirus (OPXV), species not determined",Poxviridae,PCR / RT-PCR,Spleen tissue,2,0
25319753-009,Natural direct detection,Direct viral DNA screening — negative,No,Negative,S0152,Crocidura spp.,Soricidae,Zambia,"Solwezi District, Zambia",2013,2013,2013,"orthopoxvirus (OPXV), species not determined",Poxviridae,PCR / RT-PCR,Spleen tissue,16,0
25319753-010,Natural direct detection,Direct viral DNA screening — negative,No,Negative,S0152,Crocidura spp.,Soricidae,Zambia,"Mazabuka District, Zambia",2013,2013,2013,"orthopoxvirus (OPXV), species not determined",Poxviridae,PCR / RT-PCR,Spleen tissue,4,0
25381053-002,Natural direct detection,Direct viral nucleic-acid detection,Yes,Positive,S0153,Crocidura hirta; Crocidura luna,Soricidae,Zambia,"Mpulungu, Northern Province",2012,2012,2012,"cycloviruses (CyCVs; types ZM01, ZM41, ZM36a, ZM50a and ZM62)",Circoviridae,PCR / RT-PCR,Intestinal contents,23,21
25381053-003,Natural direct detection,Direct viral nucleic-acid detection,Yes,Positive,S0153,Crocidura hirta; Crocidura luna,Soricidae,Zambia,"Mpulungu, Northern Province",2012,2012,2012,Crohivirus 1 (CroV1),Picornaviridae,PCR / RT-PCR,Intestinal contents,23,3
25381053-004,Natural direct detection,Direct viral nucleic-acid detection,Yes,Positive,S0153,Crocidura hirta; Crocidura luna,Soricidae,Zambia,"Mpulungu, Northern Province",2012,2012,2012,calhevirus 2a (CHV2a),,PCR / RT-PCR,Intestinal contents,23,1
25381053-005,Natural direct detection,Direct viral nucleic-acid detection,Yes,Positive,S0153,Crocidura hirta; Crocidura luna,Soricidae,Zambia,"Mpulungu, Northern Province",2012,2012,2012,calhevirus 2b (CHV2b),,PCR / RT-PCR,Intestinal contents,23,4
25381053-006,Natural direct detection,Direct viral nucleic-acid detection,No,Negative,S0153,Crocidura hirta; Crocidura luna,Soricidae,Zambia,"Mpulungu, Northern Province",2012,2012,2012,"cycloviruses (CyCVs; types ZM01, ZM41, ZM36a, ZM50a and ZM62)",Circoviridae,PCR / RT-PCR,Lung tissue,8,0
25381053-007,Natural direct detection,Direct viral nucleic-acid detection,No,Negative,S0153,Crocidura hirta; Crocidura luna,Soricidae,Zambia,"Mpulungu, Northern Province",2012,2012,2012,"cycloviruses (CyCVs; types ZM01, ZM41, ZM36a, ZM50a and ZM62)",Circoviridae,PCR / RT-PCR,Liver tissue,8,0
25381053-008,Natural direct detection,Direct viral nucleic-acid detection,No,Negative,S0153,Crocidura hirta; Crocidura luna,Soricidae,Zambia,"Mpulungu, Northern Province",2012,2012,2012,"cycloviruses (CyCVs; types ZM01, ZM41, ZM36a, ZM50a and ZM62)",Circoviridae,PCR / RT-PCR,Spleen tissue,8,0
25381053-009,Natural direct detection,Direct viral nucleic-acid detection,No,Negative,S0153,Crocidura hirta; Crocidura luna,Soricidae,Zambia,"Mpulungu, Northern Province",2012,2012,2012,"cycloviruses (CyCVs; types ZM01, ZM41, ZM36a, ZM50a and ZM62)",Circoviridae,PCR / RT-PCR,Kidney tissue,8,0
25381053-010,Natural direct detection,Direct viral nucleic-acid detection,No,Negative,S0153,Crocidura hirta; Crocidura luna,Soricidae,Zambia,"Mpulungu, Northern Province",2012,2012,2012,Crohivirus 1 (CroV1),Picornaviridae,PCR / RT-PCR,Lung tissue,3,0
25381053-011,Natural direct detection,Direct viral nucleic-acid detection,No,Positive,S0153,Crocidura hirta; Crocidura luna,Soricidae,Zambia,"Mpulungu, Northern Province",2012,2012,2012,Crohivirus 1 (CroV1),Picornaviridae,PCR / RT-PCR,Liver tissue,3,3
25381053-012,Natural direct detection,Direct viral nucleic-acid detection,No,Positive,S0153,Crocidura hirta; Crocidura luna,Soricidae,Zambia,"Mpulungu, Northern Province",2012,2012,2012,Crohivirus 1 (CroV1),Picornaviridae,PCR / RT-PCR,Spleen tissue,3,1
25381053-013,Natural direct detection,Direct viral nucleic-acid detection,No,Negative,S0153,Crocidura hirta; Crocidura luna,Soricidae,Zambia,"Mpulungu, Northern Province",2012,2012,2012,Crohivirus 1 (CroV1),Picornaviridae,PCR / RT-PCR,Kidney tissue,3,0
25381053-014,Natural direct detection,Direct viral nucleic-acid detection,No,Negative,S0153,Crocidura hirta; Crocidura luna,Soricidae,Zambia,"Mpulungu, Northern Province",2012,2012,2012,calhevirus 2a (CHV2a),,PCR / RT-PCR,Lung tissue,1,0
25381053-015,Natural direct detection,Direct viral nucleic-acid detection,No,Negative,S0153,Crocidura hirta; Crocidura luna,Soricidae,Zambia,"Mpulungu, Northern Province",2012,2012,2012,calhevirus 2a (CHV2a),,PCR / RT-PCR,Liver tissue,1,0
25381053-016,Natural direct detection,Direct viral nucleic-acid detection,No,Negative,S0153,Crocidura hirta; Crocidura luna,Soricidae,Zambia,"Mpulungu, Northern Province",2012,2012,2012,calhevirus 2a (CHV2a),,PCR / RT-PCR,Spleen tissue,1,0
25381053-017,Natural direct detection,Direct viral nucleic-acid detection,No,Negative,S0153,Crocidura hirta; Crocidura luna,Soricidae,Zambia,"Mpulungu, Northern Province",2012,2012,2012,calhevirus 2a (CHV2a),,PCR / RT-PCR,Kidney tissue,1,0
25381053-018,Natural direct detection,Direct viral nucleic-acid detection,No,Negative,S0153,Crocidura hirta; Crocidura luna,Soricidae,Zambia,"Mpulungu, Northern Province",2012,2012,2012,calhevirus 2b (CHV2b),,PCR / RT-PCR,Lung tissue,4,0
25381053-019,Natural direct detection,Direct viral nucleic-acid detection,No,Negative,S0153,Crocidura hirta; Crocidura luna,Soricidae,Zambia,"Mpulungu, Northern Province",2012,2012,2012,calhevirus 2b (CHV2b),,PCR / RT-PCR,Liver tissue,4,0
25381053-020,Natural direct detection,Direct viral nucleic-acid detection,No,Negative,S0153,Crocidura hirta; Crocidura luna,Soricidae,Zambia,"Mpulungu, Northern Province",2012,2012,2012,calhevirus 2b (CHV2b),,PCR / RT-PCR,Spleen tissue,4,0
25381053-021,Natural direct detection,Direct viral nucleic-acid detection,No,Negative,S0153,Crocidura hirta; Crocidura luna,Soricidae,Zambia,"Mpulungu, Northern Province",2012,2012,2012,calhevirus 2b (CHV2b),,PCR / RT-PCR,Kidney tissue,4,0
25381053-022,Natural direct detection,Viral genome characterization,No,Positive,S0153,Crocidura hirta; Crocidura luna,Soricidae,Zambia,"Mpulungu, Northern Province",2012,2012,2012,"cycloviruses (CyCVs; types ZM01, ZM41, ZM36a, ZM50a and ZM62)",Circoviridae,PCR + sequencing,Intestinal contents,21,21
25381053-023,Natural direct detection,Viral genome characterization,No,Positive,S0153,Crocidura hirta; Crocidura luna,Soricidae,Zambia,"Mpulungu, Northern Province",2012,2012,2012,Crohivirus 1 (CroV1),Picornaviridae,PCR + sequencing,Intestinal contents,3,3
25381053-024,Natural direct detection,Viral genome characterization,No,Positive,S0153,Crocidura hirta; Crocidura luna,Soricidae,Zambia,"Mpulungu, Northern Province",2012,2012,2012,calhevirus 2a (CHV2a),,PCR + sequencing,Intestinal contents,1,1
25381053-025,Natural direct detection,Viral genome characterization,No,Positive,S0153,Crocidura hirta; Crocidura luna,Soricidae,Zambia,"Mpulungu, Northern Province",2012,2012,2012,calhevirus 2b (CHV2b),,PCR + sequencing,Intestinal contents,4,4
25418111-001,Serology,Serological exposure,Yes,Positive,S0154,Suncus murinus,Soricidae,China,"Jiaonan County, Shandong Province",January–August 2013,2013,2013,severe fever with thrombocytopenia syndrome virus,Phenuiviridae,Serology,Blood collected on absorbent paper and reconstituted serum,89,4
25418111-002,Natural direct detection,Sequence-confirmed direct viral RNA detection,Yes,Positive,S0154,Suncus murinus,Soricidae,China,"Jiaonan County, Shandong Province",January–August 2013,2013,2013,severe fever with thrombocytopenia syndrome virus,Phenuiviridae,PCR + sequencing,Spleen tissue,77,2
25418111-003,Natural direct detection,Viral sequence characterization,No,Positive,S0154,Suncus murinus,Soricidae,China,"Jiaonan County, Shandong Province",January–August 2013,2013,2013,severe fever with thrombocytopenia syndrome virus,Phenuiviridae,PCR + sequencing,Spleen tissue,2,2
25445646-001,Natural direct detection,Sequence-confirmed direct viral RNA detection,Yes,Positive,S0155,Sorex araneus,Soricidae,Poland,Central and southeastern Poland,September 2010–2013,2010,2013,Seewis virus (SWSV),Hantaviridae,PCR + sequencing,Lung tissue for screening; multiple organs from selected NVAV-positive moles,53,14
25445646-002,Natural direct detection,Sequence-confirmed direct viral RNA detection,Yes,Positive,S0155,Sorex minutus,Soricidae,Poland,Central and southeastern Poland,September 2010–2013,2010,2013,Seewis virus (SWSV),Hantaviridae,PCR + sequencing,Lung tissue for screening; multiple organs from selected NVAV-positive moles,52,2
25445646-003,Natural direct detection,Sequence-confirmed direct viral RNA detection,Yes,Positive,S0155,Neomys anomalus,Soricidae,Poland,Central and southeastern Poland,September 2010–2013,2010,2013,Seewis virus (SWSV),Hantaviridae,PCR + sequencing,Lung tissue for screening; multiple organs from selected NVAV-positive moles,12,1
25445646-004,Natural direct detection,Sequence-confirmed direct viral RNA detection,Yes,Positive,S0155,Neomys fodiens,Soricidae,Poland,Central and southeastern Poland,September 2010–2013,2010,2013,Boginia virus (BOGV),Hantaviridae,PCR + sequencing,Lung tissue for screening; multiple organs from selected NVAV-positive moles,16,4
25445646-005,Natural direct detection,Sequence-confirmed direct viral RNA detection,Yes,Positive,S0155,Talpa europaea,Talpidae,Poland,Central and southeastern Poland,September 2010–2013,2010,2013,Nova virus,Hantaviridae,PCR + sequencing,Lung tissue for screening; multiple organs from selected NVAV-positive moles,69,39
25445646-006,Natural direct detection,Sequence-confirmed direct viral RNA detection,No,Positive,S0155,Sorex araneus,Soricidae,Poland,"Boginia, Poland",September 2010,2010,2010,Seewis virus (SWSV),Hantaviridae,PCR + sequencing,Lung tissue for screening; multiple organs from selected NVAV-positive moles,3,1
25445646-007,Natural direct detection,Sequence-confirmed direct viral RNA detection,No,Negative,S0155,Sorex araneus,Soricidae,Poland,"Boginia, Poland",September 2011,2011,2011,Seewis virus (SWSV),Hantaviridae,PCR + sequencing,Lung tissue for screening; multiple organs from selected NVAV-positive moles,6,0
25445646-008,Natural direct detection,Sequence-confirmed direct viral RNA detection,No,Negative,S0155,Sorex araneus,Soricidae,Poland,"Boginia, Poland",September 2013,2013,2013,Seewis virus (SWSV),Hantaviridae,PCR + sequencing,Lung tissue for screening; multiple organs from selected NVAV-positive moles,1,0
25445646-009,Natural direct detection,Sequence-confirmed direct viral RNA detection,No,Positive,S0155,Sorex araneus,Soricidae,Poland,"Chmiel, Poland",September 2010,2010,2010,Seewis virus (SWSV),Hantaviridae,PCR + sequencing,Lung tissue for screening; multiple organs from selected NVAV-positive moles,11,4
25445646-010,Natural direct detection,Sequence-confirmed direct viral RNA detection,No,Positive,S0155,Sorex araneus,Soricidae,Poland,"Chmiel, Poland",September 2011,2011,2011,Seewis virus (SWSV),Hantaviridae,PCR + sequencing,Lung tissue for screening; multiple organs from selected NVAV-positive moles,6,2
25445646-011,Natural direct detection,Sequence-confirmed direct viral RNA detection,No,Negative,S0155,Sorex araneus,Soricidae,Poland,"Chmiel, Poland",September 2013,2013,2013,Seewis virus (SWSV),Hantaviridae,PCR + sequencing,Lung tissue for screening; multiple organs from selected NVAV-positive moles,1,0
25445646-012,Natural direct detection,Sequence-confirmed direct viral RNA detection,No,Positive,S0155,Sorex araneus,Soricidae,Poland,"Huta Dłutowska, Poland",September 2011,2011,2011,Seewis virus (SWSV),Hantaviridae,PCR + sequencing,Lung tissue for screening; multiple organs from selected NVAV-positive moles,9,2
25445646-013,Natural direct detection,Sequence-confirmed direct viral RNA detection,No,Negative,S0155,Sorex araneus,Soricidae,Poland,"Jura, Poland",September 2011,2011,2011,Seewis virus (SWSV),Hantaviridae,PCR + sequencing,Lung tissue for screening; multiple organs from selected NVAV-positive moles,1,0
25445646-014,Natural direct detection,Sequence-confirmed direct viral RNA detection,No,Positive,S0155,Sorex araneus,Soricidae,Poland,"Kurowice, Poland",September 2013,2013,2013,Seewis virus (SWSV),Hantaviridae,PCR + sequencing,Lung tissue for screening; multiple organs from selected NVAV-positive moles,13,5
25445646-015,Natural direct detection,Sequence-confirmed direct viral RNA detection,No,Negative,S0155,Sorex araneus,Soricidae,Poland,"Nowosolna, Poland",September 2011,2011,2011,Seewis virus (SWSV),Hantaviridae,PCR + sequencing,Lung tissue for screening; multiple organs from selected NVAV-positive moles,1,0
25445646-016,Natural direct detection,Sequence-confirmed direct viral RNA detection,No,Negative,S0155,Sorex araneus,Soricidae,Poland,"Pabianice, Poland",September 2011,2011,2011,Seewis virus (SWSV),Hantaviridae,PCR + sequencing,Lung tissue for screening; multiple organs from selected NVAV-positive moles,1,0
25445646-017,Natural direct detection,Sequence-confirmed direct viral RNA detection,No,Negative,S0155,Sorex minutus,Soricidae,Poland,"Boginia, Poland",September 2011,2011,2011,Seewis virus (SWSV),Hantaviridae,PCR + sequencing,Lung tissue for screening; multiple organs from selected NVAV-positive moles,2,0
25445646-018,Natural direct detection,Sequence-confirmed direct viral RNA detection,No,Negative,S0155,Sorex minutus,Soricidae,Poland,"Boginia, Poland",September 2013,2013,2013,Seewis virus (SWSV),Hantaviridae,PCR + sequencing,Lung tissue for screening; multiple organs from selected NVAV-positive moles,2,0
25445646-019,Natural direct detection,Sequence-confirmed direct viral RNA detection,No,Negative,S0155,Sorex minutus,Soricidae,Poland,"Chmiel, Poland",September 2010,2010,2010,Seewis virus (SWSV),Hantaviridae,PCR + sequencing,Lung tissue for screening; multiple organs from selected NVAV-positive moles,7,0
25445646-020,Natural direct detection,Sequence-confirmed direct viral RNA detection,No,Negative,S0155,Sorex minutus,Soricidae,Poland,"Chmiel, Poland",September 2011,2011,2011,Seewis virus (SWSV),Hantaviridae,PCR + sequencing,Lung tissue for screening; multiple organs from selected NVAV-positive moles,2,0
25445646-021,Natural direct detection,Sequence-confirmed direct viral RNA detection,No,Negative,S0155,Sorex minutus,Soricidae,Poland,"Chmiel, Poland",September 2012,2012,2012,Seewis virus (SWSV),Hantaviridae,PCR + sequencing,Lung tissue for screening; multiple organs from selected NVAV-positive moles,4,0
25445646-022,Natural direct detection,Sequence-confirmed direct viral RNA detection,No,Negative,S0155,Sorex minutus,Soricidae,Poland,"Chmiel, Poland",September 2013,2013,2013,Seewis virus (SWSV),Hantaviridae,PCR + sequencing,Lung tissue for screening; multiple organs from selected NVAV-positive moles,8,0
25445646-023,Natural direct detection,Sequence-confirmed direct viral RNA detection,No,Negative,S0155,Sorex minutus,Soricidae,Poland,"Huta Dłutowska, Poland",September 2011,2011,2011,Seewis virus (SWSV),Hantaviridae,PCR + sequencing,Lung tissue for screening; multiple organs from selected NVAV-positive moles,4,0
25445646-024,Natural direct detection,Sequence-confirmed direct viral RNA detection,No,Negative,S0155,Sorex minutus,Soricidae,Poland,"Huta Dłutowska, Poland",September 2012,2012,2012,Seewis virus (SWSV),Hantaviridae,PCR + sequencing,Lung tissue for screening; multiple organs from selected NVAV-positive moles,1,0
25445646-025,Natural direct detection,Sequence-confirmed direct viral RNA detection,No,Positive,S0155,Sorex minutus,Soricidae,Poland,"Kurowice, Poland",September 2012,2012,2012,Seewis virus (SWSV),Hantaviridae,PCR + sequencing,Lung tissue for screening; multiple organs from selected NVAV-positive moles,10,1
25445646-026,Natural direct detection,Sequence-confirmed direct viral RNA detection,No,Positive,S0155,Sorex minutus,Soricidae,Poland,"Kurowice, Poland",September 2013,2013,2013,Seewis virus (SWSV),Hantaviridae,PCR + sequencing,Lung tissue for screening; multiple organs from selected NVAV-positive moles,7,1
25445646-027,Natural direct detection,Sequence-confirmed direct viral RNA detection,No,Negative,S0155,Sorex minutus,Soricidae,Poland,"Nowosolna, Poland",September 2012,2012,2012,Seewis virus (SWSV),Hantaviridae,PCR + sequencing,Lung tissue for screening; multiple organs from selected NVAV-positive moles,5,0
25445646-028,Natural direct detection,Sequence-confirmed direct viral RNA detection,No,Negative,S0155,Neomys anomalus,Soricidae,Poland,"Chmiel, Poland",September 2010,2010,2010,Seewis virus (SWSV),Hantaviridae,PCR + sequencing,Lung tissue for screening; multiple organs from selected NVAV-positive moles,3,0
25445646-029,Natural direct detection,Sequence-confirmed direct viral RNA detection,No,Positive,S0155,Neomys anomalus,Soricidae,Poland,"Chmiel, Poland",September 2011,2011,2011,Seewis virus (SWSV),Hantaviridae,PCR + sequencing,Lung tissue for screening; multiple organs from selected NVAV-positive moles,8,1
25445646-030,Natural direct detection,Sequence-confirmed direct viral RNA detection,No,Negative,S0155,Neomys anomalus,Soricidae,Poland,"Chmiel, Poland",September 2013,2013,2013,Seewis virus (SWSV),Hantaviridae,PCR + sequencing,Lung tissue for screening; multiple organs from selected NVAV-positive moles,1,0
25445646-031,Natural direct detection,Sequence-confirmed direct viral RNA detection,No,Positive,S0155,Neomys fodiens,Soricidae,Poland,"Boginia, Poland",September 2011,2011,2011,Boginia virus (BOGV),Hantaviridae,PCR + sequencing,Lung tissue for screening; multiple organs from selected NVAV-positive moles,1,1
25445646-032,Natural direct detection,Sequence-confirmed direct viral RNA detection,No,Negative,S0155,Neomys fodiens,Soricidae,Poland,"Chojnowo, Poland",September 2012,2012,2012,Boginia virus (BOGV),Hantaviridae,PCR + sequencing,Lung tissue for screening; multiple organs from selected NVAV-positive moles,1,0
25445646-033,Natural direct detection,Sequence-confirmed direct viral RNA detection,No,Positive,S0155,Neomys fodiens,Soricidae,Poland,"Huta Dłutowska, Poland",September 2011,2011,2011,Boginia virus (BOGV),Hantaviridae,PCR + sequencing,Lung tissue for screening; multiple organs from selected NVAV-positive moles,1,1
25445646-034,Natural direct detection,Sequence-confirmed direct viral RNA detection,No,Positive,S0155,Neomys fodiens,Soricidae,Poland,"Kurowice, Poland",September 2012,2012,2012,Boginia virus (BOGV),Hantaviridae,PCR + sequencing,Lung tissue for screening; multiple organs from selected NVAV-positive moles,4,1
25445646-035,Natural direct detection,Sequence-confirmed direct viral RNA detection,No,Positive,S0155,Neomys fodiens,Soricidae,Poland,"Kurowice, Poland",September 2013,2013,2013,Boginia virus (BOGV),Hantaviridae,PCR + sequencing,Lung tissue for screening; multiple organs from selected NVAV-positive moles,8,1
25445646-036,Natural direct detection,Sequence-confirmed direct viral RNA detection,No,Negative,S0155,Neomys fodiens,Soricidae,Poland,"Pabianice, Poland",September 2012,2012,2012,Boginia virus (BOGV),Hantaviridae,PCR + sequencing,Lung tissue for screening; multiple organs from selected NVAV-positive moles,1,0
25445646-037,Natural direct detection,Sequence-confirmed direct viral RNA detection,No,Negative,S0155,Talpa europaea,Talpidae,Poland,"Boginia, Poland",September 2011,2011,2011,Nova virus,Hantaviridae,PCR + sequencing,Lung tissue for screening; multiple organs from selected NVAV-positive moles,4,0
25445646-038,Natural direct detection,Sequence-confirmed direct viral RNA detection,No,Positive,S0155,Talpa europaea,Talpidae,Poland,"Bronisin, Poland",September 2011,2011,2011,Nova virus,Hantaviridae,PCR + sequencing,Lung tissue for screening; multiple organs from selected NVAV-positive moles,3,1
25445646-039,Natural direct detection,Sequence-confirmed direct viral RNA detection,No,Positive,S0155,Talpa europaea,Talpidae,Poland,"Huta Dłutowska, Poland",September 2010,2010,2010,Nova virus,Hantaviridae,PCR + sequencing,Lung tissue for screening; multiple organs from selected NVAV-positive moles,11,4
25445646-040,Natural direct detection,Sequence-confirmed direct viral RNA detection,No,Positive,S0155,Talpa europaea,Talpidae,Poland,"Huta Dłutowska, Poland",September 2011,2011,2011,Nova virus,Hantaviridae,PCR + sequencing,Lung tissue for screening; multiple organs from selected NVAV-positive moles,15,13
25445646-041,Natural direct detection,Sequence-confirmed direct viral RNA detection,No,Positive,S0155,Talpa europaea,Talpidae,Poland,"Huta Dłutowska, Poland",September 2012,2012,2012,Nova virus,Hantaviridae,PCR + sequencing,Lung tissue for screening; multiple organs from selected NVAV-positive moles,3,3
25445646-042,Natural direct detection,Sequence-confirmed direct viral RNA detection,No,Positive,S0155,Talpa europaea,Talpidae,Poland,"Huta Dłutowska, Poland",September 2013,2013,2013,Nova virus,Hantaviridae,PCR + sequencing,Lung tissue for screening; multiple organs from selected NVAV-positive moles,29,18
25445646-043,Natural direct detection,Sequence-confirmed direct viral RNA detection,No,Negative,S0155,Talpa europaea,Talpidae,Poland,"Łódź, Poland",September 2011,2011,2011,Nova virus,Hantaviridae,PCR + sequencing,Lung tissue for screening; multiple organs from selected NVAV-positive moles,1,0
25445646-044,Natural direct detection,Sequence-confirmed direct viral RNA detection,No,Negative,S0155,Talpa europaea,Talpidae,Poland,"Pawlikowice, Poland",September 2011,2011,2011,Nova virus,Hantaviridae,PCR + sequencing,Lung tissue for screening; multiple organs from selected NVAV-positive moles,1,0
25445646-045,Natural direct detection,Sequence-confirmed direct viral RNA detection,No,Negative,S0155,Talpa europaea,Talpidae,Poland,"Rożniatów, Poland",September 2013,2013,2013,Nova virus,Hantaviridae,PCR + sequencing,Lung tissue for screening; multiple organs from selected NVAV-positive moles,1,0
25445646-046,Natural direct detection,Sequence-confirmed direct viral RNA detection,No,Negative,S0155,Talpa europaea,Talpidae,Poland,"Wiączyń, Poland",September 2013,2013,2013,Nova virus,Hantaviridae,PCR + sequencing,Lung tissue for screening; multiple organs from selected NVAV-positive moles,1,0
25445646-047,Natural direct detection,Sequence-confirmed direct viral RNA detection,No,Positive,S0155,Talpa europaea,Talpidae,Poland,"Huta Dłutowska, Poland",September 2010–2013,2010,2013,Nova virus,Hantaviridae,PCR + sequencing,Lung tissue for screening; multiple organs from selected NVAV-positive moles,58,38
25445646-048,Natural direct detection,Sequence-confirmed direct viral RNA detection,No,Positive,S0155,Talpa europaea,Talpidae,Poland,"Huta Dłutowska, Poland",2010–2011,2010,2011,Nova virus,Hantaviridae,PCR + sequencing,Lung tissue,17,17
25445646-049,Natural direct detection,Sequence-confirmed direct viral RNA detection,No,Positive,S0155,Talpa europaea,Talpidae,Poland,"Huta Dłutowska, Poland",2010–2011,2010,2011,Nova virus,Hantaviridae,PCR + sequencing,Heart tissue,17,5
25445646-050,Natural direct detection,Sequence-confirmed direct viral RNA detection,No,Positive,S0155,Talpa europaea,Talpidae,Poland,"Huta Dłutowska, Poland",2010–2011,2010,2011,Nova virus,Hantaviridae,PCR + sequencing,Liver tissue,17,8
25445646-051,Natural direct detection,Sequence-confirmed direct viral RNA detection,No,Positive,S0155,Talpa europaea,Talpidae,Poland,"Huta Dłutowska, Poland",2010–2011,2010,2011,Nova virus,Hantaviridae,PCR + sequencing,Kidney tissue,17,10
25445646-052,Natural direct detection,Sequence-confirmed direct viral RNA detection,No,Positive,S0155,Talpa europaea,Talpidae,Poland,"Huta Dłutowska, Poland",2010–2011,2010,2011,Nova virus,Hantaviridae,PCR + sequencing,Spleen tissue,17,11
25445646-053,Natural direct detection,Sequence-confirmed direct viral RNA detection,No,Positive,S0155,Talpa europaea,Talpidae,Poland,"Huta Dłutowska, Poland",2010–2011,2010,2011,Nova virus,Hantaviridae,PCR + sequencing,Intestine tissue,13,5
25445646-054,Natural direct detection,Viral sequence characterization,No,Positive,S0155,Sorex araneus; Sorex minutus; Neomys anomalus,Soricidae,Poland,Central and southeastern Poland,September 2010–2013,2010,2013,Seewis virus (SWSV),Hantaviridae,PCR + sequencing,Lung tissue for screening; multiple organs from selected NVAV-positive moles,17,17
25445646-055,Natural direct detection,Viral sequence characterization,No,Positive,S0155,Neomys fodiens,Soricidae,Poland,Central and southeastern Poland,September 2010–2013,2010,2013,Boginia virus (BOGV),Hantaviridae,PCR + sequencing,Lung tissue for screening; multiple organs from selected NVAV-positive moles,4,4
25445646-056,Natural direct detection,Viral sequence characterization,No,Positive,S0155,Talpa europaea,Talpidae,Poland,Central and southeastern Poland,September 2010–2013,2010,2013,Nova virus,Hantaviridae,PCR + sequencing,Lung tissue for screening; multiple organs from selected NVAV-positive moles,39,39
25506671-001,Natural direct detection,Sequence-confirmed direct viral RNA detection,Yes,Positive,S0156,Suncus murinus,Soricidae,China,"Wenzhou City, Zhejiang Province: Wencheng, Lucheng, Ruian and Longwan",February–August 2013,2013,2013,Wēnzhōu virus,Arenaviridae,PCR + sequencing,"Stool for screening; heart, liver, spleen, lung and kidney from infected animals",272,12
25506671-002,Natural direct detection,Sequence-confirmed direct viral RNA detection,No,Positive,S0156,Suncus murinus,Soricidae,China,"Wencheng, Wenzhou City, Zhejiang Province",February–August 2013,2013,2013,Wēnzhōu virus,Arenaviridae,PCR + sequencing,"Stool for screening; heart, liver, spleen, lung and kidney from infected animals",190,11
25506671-003,Natural direct detection,Sequence-confirmed direct viral RNA detection,No,Negative,S0156,Suncus murinus,Soricidae,China,"Ruian, Wenzhou City, Zhejiang Province",February–August 2013,2013,2013,Wēnzhōu virus,Arenaviridae,PCR + sequencing,"Stool for screening; heart, liver, spleen, lung and kidney from infected animals",38,0
25506671-004,Natural direct detection,Sequence-confirmed direct viral RNA detection,No,Positive,S0156,Suncus murinus,Soricidae,China,"Longwan, Wenzhou City, Zhejiang Province",February–August 2013,2013,2013,Wēnzhōu virus,Arenaviridae,PCR + sequencing,"Stool for screening; heart, liver, spleen, lung and kidney from infected animals",44,1
25506671-005,Natural direct detection,Complete/near-complete viral genome sequencing,No,Positive,S0156,Suncus murinus,Soricidae,China,"Wencheng, Wenzhou City, Zhejiang Province",February–August 2013,2013,2013,Wēnzhōu virus,Arenaviridae,PCR + sequencing,"Stool for screening; heart, liver, spleen, lung and kidney from infected animals",1,1
25506671-006,Natural direct detection,Direct viral RNA tissue characterization,No,Positive,S0156,Suncus murinus,Soricidae,China,"Wenzhou City, Zhejiang Province: Wencheng, Lucheng, Ruian and Longwan",February–August 2013,2013,2013,Wēnzhōu virus,Arenaviridae,PCR + sequencing,"Liver, lung, heart, kidney and spleen tissues",,
22828778-001,Experimental evidence,Experimental infection with serological follow-up,No,Positive,S0157,Suncus murinus,Soricidae,Japan / Germany (experimental work; article does not assign a field collection site to these animals),Not reported,Not reported,,,Thottapalayam virus,Hantaviridae,Experimental infection,Serum,2,2
23693084-001,Natural direct detection,Sequence-confirmed direct viral RNA detection,Yes,Positive,S0158,Sorex araneus,Soricidae,Poland,"Boginia, Huta Dłutowska and/or Kurowice, central Poland",September 2010–2012,2010,2012,Seewis virus (SWSV),Hantaviridae,PCR + sequencing,Lung tissue,18,3
23693084-002,Natural direct detection,Sequence-confirmed direct viral RNA detection,Yes,Positive,S0158,Sorex minutus,Soricidae,Poland,"Boginia, Huta Dłutowska and/or Kurowice, central Poland",September 2010–2012,2010,2012,Seewis virus (SWSV),Hantaviridae,PCR + sequencing,Lung tissue,16,1
23693084-003,Natural direct detection,Sequence-confirmed direct viral RNA detection,Yes,Positive,S0158,Neomys fodiens,Soricidae,Poland,"Boginia, Huta Dłutowska and/or Kurowice, central Poland",September 2010–2012,2010,2012,Boginia virus (BOGV),Hantaviridae,PCR + sequencing,Lung tissue,6,3
23693084-004,Natural direct detection,Sequence-confirmed direct viral RNA detection,No,Positive,S0158,Sorex araneus,Soricidae,Poland,"Boginia, central Poland","September 20–22, 2010",2010,2010,Seewis virus (SWSV),Hantaviridae,PCR + sequencing,Lung tissue,3,1
23693084-005,Natural direct detection,Sequence-confirmed direct viral RNA detection,No,Negative,S0158,Sorex araneus,Soricidae,Poland,"Boginia, central Poland","September 20–22, 2011",2011,2011,Seewis virus (SWSV),Hantaviridae,PCR + sequencing,Lung tissue,6,0
23693084-006,Natural direct detection,Sequence-confirmed direct viral RNA detection,No,Positive,S0158,Sorex araneus,Soricidae,Poland,"Huta Dłutowska, central Poland","September 15–18, 2011",2011,2011,Seewis virus (SWSV),Hantaviridae,PCR + sequencing,Lung tissue,9,2
23693084-007,Natural direct detection,Sequence-confirmed direct viral RNA detection,No,Negative,S0158,Sorex minutus,Soricidae,Poland,"Boginia, central Poland","September 21–22, 2011",2011,2011,Seewis virus (SWSV),Hantaviridae,PCR + sequencing,Lung tissue,2,0
23693084-008,Natural direct detection,Sequence-confirmed direct viral RNA detection,No,Negative,S0158,Sorex minutus,Soricidae,Poland,"Huta Dłutowska, central Poland","September 16–18, 2011",2011,2011,Seewis virus (SWSV),Hantaviridae,PCR + sequencing,Lung tissue,4,0
23693084-009,Natural direct detection,Sequence-confirmed direct viral RNA detection,No,Positive,S0158,Sorex minutus,Soricidae,Poland,"Kurowice, central Poland","September 7–14, 2012",2012,2012,Seewis virus (SWSV),Hantaviridae,PCR + sequencing,Lung tissue,10,1
23693084-010,Natural direct detection,Sequence-confirmed direct viral RNA detection,No,Positive,S0158,Neomys fodiens,Soricidae,Poland,"Boginia, central Poland","September 22, 2011",2011,2011,Boginia virus (BOGV),Hantaviridae,PCR + sequencing,Lung tissue,1,1
23693084-011,Natural direct detection,Sequence-confirmed direct viral RNA detection,No,Positive,S0158,Neomys fodiens,Soricidae,Poland,"Huta Dłutowska, central Poland","September 22, 2011",2011,2011,Boginia virus (BOGV),Hantaviridae,PCR + sequencing,Lung tissue,1,1
23693084-012,Natural direct detection,Sequence-confirmed direct viral RNA detection,No,Positive,S0158,Neomys fodiens,Soricidae,Poland,"Kurowice, central Poland","September 9–14, 2012",2012,2012,Boginia virus (BOGV),Hantaviridae,PCR + sequencing,Lung tissue,4,1
23693084-013,Natural direct detection,Viral sequence characterization,No,Positive,S0158,Sorex araneus,Soricidae,Poland,"Boginia, central Poland",22-Sep-2010,2010,2010,Seewis virus (SWSV),Hantaviridae,PCR + sequencing,Lung tissue,1,1
23693084-014,Natural direct detection,Viral sequence characterization,No,Positive,S0158,Sorex araneus,Soricidae,Poland,"Huta Dłutowska, central Poland",16-Sep-2011,2011,2011,Seewis virus (SWSV),Hantaviridae,PCR + sequencing,Lung tissue,1,1
23693084-015,Natural direct detection,Viral sequence characterization,No,Positive,S0158,Sorex araneus,Soricidae,Poland,"Huta Dłutowska, central Poland",17-Sep-2011,2011,2011,Seewis virus (SWSV),Hantaviridae,PCR + sequencing,Lung tissue,1,1
23693084-016,Natural direct detection,Viral sequence characterization,No,Positive,S0158,Sorex minutus,Soricidae,Poland,"Kurowice, central Poland",12-Sep-2012,2012,2012,Seewis virus (SWSV),Hantaviridae,PCR + sequencing,Lung tissue,1,1
23693084-017,Natural direct detection,Viral sequence characterization,No,Positive,S0158,Neomys fodiens,Soricidae,Poland,"Huta Dłutowska, central Poland",22-Sep-2011,2011,2011,Boginia virus (BOGV),Hantaviridae,PCR + sequencing,Lung tissue,1,1
23693084-018,Natural direct detection,Viral sequence characterization,No,Positive,S0158,Neomys fodiens,Soricidae,Poland,"Boginia, central Poland",22-Sep-2011,2011,2011,Boginia virus (BOGV),Hantaviridae,PCR + sequencing,Lung tissue,1,1
23693084-019,Natural direct detection,Viral sequence characterization,No,Positive,S0158,Neomys fodiens,Soricidae,Poland,"Kurowice, central Poland",9-Sep-2012,2012,2012,Boginia virus (BOGV),Hantaviridae,PCR + sequencing,Lung tissue,1,1
23876489-001,Serology,Serological exposure,Yes,Positive,S0159,Suncus murinus,Soricidae,China,"Zhanjiang City, Guangdong Province",December 2011–September 2012,2011,2012,rat hepatitis E virus,Hepeviridae,Serology,Serum,260,27
23876489-002,Serology,Serological exposure,Yes,Positive,S0159,Suncus murinus,Soricidae,China,"Zhanjiang City, Guangdong Province",December 2011–September 2012,2011,2012,rat hepatitis E virus,Hepeviridae,Serology,Serum,260,12
23876489-003,Serology,Serological exposure,No,Positive,S0159,Suncus murinus,Soricidae,China,"Chikan District, Zhanjiang City, Guangdong Province",December 2011–September 2012,2011,2012,rat hepatitis E virus,Hepeviridae,Serology,Serum,113,3
23876489-004,Serology,Serological exposure,No,Positive,S0159,Suncus murinus,Soricidae,China,"Mazhang District, Zhanjiang City, Guangdong Province",December 2011–September 2012,2011,2012,rat hepatitis E virus,Hepeviridae,Serology,Serum,147,24
23876489-005,Serology,Serological exposure,No,Positive,S0159,Suncus murinus,Soricidae,China,"Chikan District, Zhanjiang City, Guangdong Province",December 2011–September 2012,2011,2012,rat hepatitis E virus,Hepeviridae,Serology,Serum,113,1
23876489-006,Serology,Serological exposure,No,Positive,S0159,Suncus murinus,Soricidae,China,"Mazhang District, Zhanjiang City, Guangdong Province",December 2011–September 2012,2011,2012,rat hepatitis E virus,Hepeviridae,Serology,Serum,147,11
23876489-007,Serology,Serological exposure,No,Positive,S0159,Suncus murinus,Soricidae,China,"Zhanjiang City, Guangdong Province",December 2011–September 2012,2011,2012,rat hepatitis E virus,Hepeviridae,Serology,Serum,112,13
23876489-008,Serology,Serological exposure,No,Positive,S0159,Suncus murinus,Soricidae,China,"Zhanjiang City, Guangdong Province",December 2011–September 2012,2011,2012,rat hepatitis E virus,Hepeviridae,Serology,Serum,148,14
23876489-009,Natural direct detection,Sequence-confirmed direct viral RNA detection,No,Positive,S0159,Suncus murinus,Soricidae,China,"Zhanjiang City, Guangdong Province",December 2011–September 2012,2011,2012,rat hepatitis E virus,Hepeviridae,PCR + sequencing,Serum,12,5
23876489-010,Natural direct detection,Viral sequence characterization,No,Positive,S0159,Suncus murinus,Soricidae,China,"Zhanjiang City, Guangdong Province",December 2011–September 2012,2011,2012,rat hepatitis E virus,Hepeviridae,PCR + sequencing,Serum,1,1
23876489-011,Natural direct detection,Viral sequence characterization,No,Positive,S0159,Suncus murinus,Soricidae,China,"Zhanjiang City, Guangdong Province",December 2011–September 2012,2011,2012,rat hepatitis E virus,Hepeviridae,PCR + sequencing,Serum,1,1
23876489-012,Natural direct detection,Viral sequence characterization,No,Positive,S0159,Suncus murinus,Soricidae,China,"Zhanjiang City, Guangdong Province",December 2011–September 2012,2011,2012,rat hepatitis E virus,Hepeviridae,PCR + sequencing,Serum,1,1
23876489-013,Natural direct detection,Viral sequence characterization,No,Positive,S0159,Suncus murinus,Soricidae,China,"Zhanjiang City, Guangdong Province",December 2011–September 2012,2011,2012,rat hepatitis E virus,Hepeviridae,PCR + sequencing,Serum,1,1
23876489-014,Natural direct detection,Viral sequence characterization,No,Positive,S0159,Suncus murinus,Soricidae,China,"Zhanjiang City, Guangdong Province",December 2011–September 2012,2011,2012,rat hepatitis E virus,Hepeviridae,PCR + sequencing,Serum,1,1
23602837-001,Natural direct detection,Sequence-confirmed direct viral RNA detection,Yes,Positive,S0160,Sorex minutus,Soricidae,"Czech Republic, Germany and Slovakia","30 trapping sites in Czech Republic, Germany and Slovakia plus Dürrbach, Germany",2003–2010,2003,2010,Asikkala virus,Hantaviridae,PCR + sequencing,Lung tissue,65,3
23602837-002,Natural direct detection,Sequence-confirmed direct viral RNA detection,Yes,Positive,S0160,Sorex minutus,Soricidae,"Czech Republic, Germany and Slovakia","30 trapping sites in Czech Republic, Germany and Slovakia plus Dürrbach, Germany",2003–2010,2003,2010,Seewis virus (SWSV),Hantaviridae,PCR + sequencing,Lung tissue,65,4
23602837-003,Natural direct detection,Direct viral RNA screening — negative,Yes,Negative,S0160,Sorex coronatus,Soricidae,"Czech Republic, Germany and Slovakia","30 trapping sites in Czech Republic, Germany and Slovakia plus Dürrbach, Germany",2003–2010,2003,2010,Hantavirus spp.,Hantaviridae,PCR + sequencing,Lung tissue,6,0
23602837-004,Natural direct detection,Direct viral RNA screening — negative,Yes,Negative,S0160,Sorex alpinus,Soricidae,"Czech Republic, Germany and Slovakia","30 trapping sites in Czech Republic, Germany and Slovakia plus Dürrbach, Germany",2003–2010,2003,2010,Hantavirus spp.,Hantaviridae,PCR + sequencing,Lung tissue,1,0
23602837-005,Natural direct detection,Direct viral RNA screening — negative,Yes,Negative,S0160,Crocidura suaveolens,Soricidae,"Czech Republic, Germany and Slovakia","30 trapping sites in Czech Republic, Germany and Slovakia plus Dürrbach, Germany",2003–2010,2003,2010,Hantavirus spp.,Hantaviridae,PCR + sequencing,Lung tissue,22,0
23602837-006,Natural direct detection,Direct viral RNA screening — negative,Yes,Negative,S0160,Crocidura leucodon,Soricidae,"Czech Republic, Germany and Slovakia","30 trapping sites in Czech Republic, Germany and Slovakia plus Dürrbach, Germany",2003–2010,2003,2010,Hantavirus spp.,Hantaviridae,PCR + sequencing,Lung tissue,5,0
23602837-007,Natural direct detection,Direct viral RNA screening — negative,Yes,Negative,S0160,Neomys fodiens,Soricidae,"Czech Republic, Germany and Slovakia","30 trapping sites in Czech Republic, Germany and Slovakia plus Dürrbach, Germany",2003–2010,2003,2010,Hantavirus spp.,Hantaviridae,PCR + sequencing,Lung tissue,1,0
23602837-008,Natural direct detection,Complete/partial viral genome characterization,No,Positive,S0160,Sorex minutus,Soricidae,"Czech Republic, Germany and Slovakia","Beskydy, Czech Republic",2010,2010,2010,Asikkala virus,Hantaviridae,PCR + sequencing,Lung tissue,1,1
23602837-009,Natural direct detection,Complete/partial viral genome characterization,No,Positive,S0160,Sorex minutus,Soricidae,"Czech Republic, Germany and Slovakia","Drahany, Czech Republic",2010,2010,2010,Asikkala virus,Hantaviridae,PCR + sequencing,Lung tissue,1,1
23602837-010,Natural direct detection,Complete/partial viral genome characterization,No,Positive,S0160,Sorex minutus,Soricidae,"Czech Republic, Germany and Slovakia","Dürrbach, Germany",2009,2009,2009,Asikkala virus,Hantaviridae,PCR + sequencing,Lung tissue,1,1
23892145-001,Natural direct detection,Direct viral RNA screening — negative,Yes,Negative,S0161,Neomys fodiens,Soricidae,Slovenia,Multiple locations in Slovenia,"Since 1990; positive specimens from 1990, 1993, 1997 and 2006",1990,2006,Seewis virus (SWSV),Hantaviridae,PCR + sequencing,"Kidney, spleen and/or lung for screening",8,0
23892145-002,Natural direct detection,Direct viral RNA screening — negative,Yes,Negative,S0161,Neomys anomalus,Soricidae,Slovenia,Multiple locations in Slovenia,"Since 1990; positive specimens from 1990, 1993, 1997 and 2006",1990,2006,Seewis virus (SWSV),Hantaviridae,PCR + sequencing,"Kidney, spleen and/or lung for screening",13,0
23892145-003,Natural direct detection,Sequence-confirmed direct viral RNA detection,Yes,Positive,S0161,Sorex araneus,Soricidae,Slovenia,Multiple locations in Slovenia,"Since 1990; positive specimens from 1990, 1993, 1997 and 2006",1990,2006,Seewis virus (SWSV),Hantaviridae,PCR + sequencing,"Kidney, spleen and/or lung for screening",38,7
23892145-004,Natural direct detection,Direct viral RNA screening — negative,Yes,Negative,S0161,Sorex alpinus,Soricidae,Slovenia,Multiple locations in Slovenia,"Since 1990; positive specimens from 1990, 1993, 1997 and 2006",1990,2006,Seewis virus (SWSV),Hantaviridae,PCR + sequencing,"Kidney, spleen and/or lung for screening",1,0
23892145-005,Natural direct detection,Direct viral RNA screening — negative,Yes,Negative,S0161,Crocidura leucodon,Soricidae,Slovenia,Multiple locations in Slovenia,"Since 1990; positive specimens from 1990, 1993, 1997 and 2006",1990,2006,Seewis virus (SWSV),Hantaviridae,PCR + sequencing,"Kidney, spleen and/or lung for screening",5,0
23892145-006,Natural direct detection,Direct viral RNA screening — negative,Yes,Negative,S0161,Crocidura suaveolens,Soricidae,Slovenia,Multiple locations in Slovenia,"Since 1990; positive specimens from 1990, 1993, 1997 and 2006",1990,2006,Seewis virus (SWSV),Hantaviridae,PCR + sequencing,"Kidney, spleen and/or lung for screening",3,0
23892145-007,Natural direct detection,Sequence-confirmed direct viral RNA detection,No,Positive,S0161,Sorex araneus,Soricidae,Slovenia,Notranjsko-Kraska region,1990,1990,1990,Seewis virus (SWSV),Hantaviridae,PCR + sequencing,"Kidney, spleen and/or lung for screening",,3
23892145-008,Natural direct detection,Sequence-confirmed direct viral RNA detection,No,Positive,S0161,Sorex araneus,Soricidae,Slovenia,Notranjsko-Kraska region,2006,2006,2006,Seewis virus (SWSV),Hantaviridae,PCR + sequencing,"Kidney, spleen and/or lung for screening",,2
23892145-009,Natural direct detection,Sequence-confirmed direct viral RNA detection,No,Positive,S0161,Sorex araneus,Soricidae,Slovenia,Goriska region,1993,1993,1993,Seewis virus (SWSV),Hantaviridae,PCR + sequencing,"Kidney, spleen and/or lung for screening",,1
23892145-010,Natural direct detection,Sequence-confirmed direct viral RNA detection,No,Positive,S0161,Sorex araneus,Soricidae,Slovenia,Podravska region,1997,1997,1997,Seewis virus (SWSV),Hantaviridae,PCR + sequencing,"Kidney, spleen and/or lung for screening",,1
23892145-011,Natural direct detection,Direct viral RNA tissue characterization,No,Positive,S0161,Sorex araneus,Soricidae,Slovenia,Multiple locations in Slovenia,"Since 1990; positive specimens from 1990, 1993, 1997 and 2006",1990,2006,Seewis virus (SWSV),Hantaviridae,PCR + sequencing,"heart, lung, liver, spleen, kidney, urinary bladder",1,1
23892145-012,Natural direct detection,Direct viral RNA tissue characterization,No,Positive,S0161,Sorex araneus,Soricidae,Slovenia,Multiple locations in Slovenia,"Since 1990; positive specimens from 1990, 1993, 1997 and 2006",1990,2006,Seewis virus (SWSV),Hantaviridae,PCR + sequencing,"heart, lung, liver, spleen, kidney positive; one of six tissues negative",1,1
23892145-013,Natural direct detection,Direct viral RNA tissue characterization,No,Positive,S0161,Sorex araneus,Soricidae,Slovenia,Multiple locations in Slovenia,"Since 1990; positive specimens from 1990, 1993, 1997 and 2006",1990,2006,Seewis virus (SWSV),Hantaviridae,PCR + sequencing,"lung, spleen, urinary bladder",1,1
23892145-014,Natural direct detection,Direct viral RNA tissue characterization,No,Positive,S0161,Sorex araneus,Soricidae,Slovenia,Multiple locations in Slovenia,"Since 1990; positive specimens from 1990, 1993, 1997 and 2006",1990,2006,Seewis virus (SWSV),Hantaviridae,PCR + sequencing,"lung, liver",1,1
23994121-001,Natural direct detection,Direct viral RNA screening — negative,Yes,Negative,S0162,Crocidura obscurior,Soricidae,Guinea,"Bowé, Gbaolé, Hermakono and Zogota, Guinea",May 2011–February 2012,2011,2012,Azagny virus (AZGV),Hantaviridae,PCR / RT-PCR,Ethanol-fixed intercostal muscle,39,0
23994121-002,Natural direct detection,Direct viral RNA screening — negative,Yes,Negative,S0162,Crocidura theresae,Soricidae,Guinea,"Bowé, Gbaolé, Hermakono and Zogota, Guinea",May 2011–February 2012,2011,2012,Tanganya virus (TGNV),Hantaviridae,PCR / RT-PCR,Ethanol-fixed intercostal muscle,22,0
23994121-003,Natural direct detection,Sequence-confirmed direct viral RNA detection,Yes,Positive,S0162,Crocidura douceti,Soricidae,Guinea,"Bowé, Gbaolé, Hermakono and Zogota, Guinea",May 2011–February 2012,2011,2012,Bowé virus,Hantaviridae,PCR + sequencing,Ethanol-fixed intercostal muscle,11,1
23994121-004,Natural direct detection,Direct viral RNA screening — negative,Yes,Negative,S0162,Crocidura grandiceps,Soricidae,Guinea,"Bowé, Gbaolé, Hermakono and Zogota, Guinea",May 2011–February 2012,2011,2012,Hantavirus spp.,Hantaviridae,PCR / RT-PCR,Ethanol-fixed intercostal muscle,11,0
23994121-005,Natural direct detection,Complete viral genome sequencing,No,Positive,S0162,Crocidura douceti,Soricidae,Guinea,"Bowé, Prefecture de Nzerekore, southwestern Guinea",20 February 2012,2012,2012,Bowé virus,Hantaviridae,PCR + sequencing,Ethanol-fixed intercostal muscle,1,1
24274262-001,Serology,Serological exposure,Yes,Positive,S0163,Crocidura leucodon,Soricidae,Germany,Upper Bavaria and Swabia,1997–2012,1997,2012,Borna disease virus 1,Bornaviridae,Serology,"Blood, thoracic or abdominal effusion when available",14,4
24274262-002,Natural direct detection,Sequence-confirmed direct viral RNA detection,Yes,Positive,S0163,Crocidura leucodon,Soricidae,Germany,Upper Bavaria and Swabia,1997–2012,1997,2012,Borna disease virus 1,Bornaviridae,PCR + sequencing,Brain,20,2
24274262-003,Serology,Serological exposure,Yes,Positive,S0163,Sorex araneus,Soricidae,Germany,Upper Bavaria and Swabia,1997–2012,1997,2012,Borna disease virus 1,Bornaviridae,Serology,"Blood, thoracic or abdominal effusion when available",5,1
24274262-004,Natural direct detection,Direct viral RNA screening — negative,Yes,Negative,S0163,Sorex araneus,Soricidae,Germany,Upper Bavaria and Swabia,1997–2012,1997,2012,Borna disease virus 1,Bornaviridae,PCR / RT-PCR,Brain,5,0
24274262-005,Serology,Serological exposure,Yes,Negative,S0163,Crocidura russula,Soricidae,Germany,Upper Bavaria and Swabia,1997–2012,1997,2012,Borna disease virus 1,Bornaviridae,Serology,"Blood, thoracic or abdominal effusion when available",1,0
24274262-006,Natural direct detection,Direct viral RNA screening — negative,Yes,Negative,S0163,Crocidura russula,Soricidae,Germany,Upper Bavaria and Swabia,1997–2012,1997,2012,Borna disease virus 1,Bornaviridae,PCR / RT-PCR,Brain,1,0
24274262-007,Natural direct detection,Multi-method confirmation of natural infection,No,Positive,S0163,Crocidura leucodon,Soricidae,Germany,"stable B / feeding area for hay, Bavaria",April 2012,2012,2012,Borna disease virus 1,Bornaviridae,PCR / RT-PCR,Brain and multiple peripheral organs,1,1
24274262-008,Natural direct detection,Multi-method confirmation of natural infection,No,Positive,S0163,Crocidura leucodon,Soricidae,Germany,"stable E / storage area for feed, Bavaria",July 2012,2012,2012,Borna disease virus 1,Bornaviridae,PCR / RT-PCR,Brain and multiple peripheral organs,1,1
24274262-009,Natural direct detection,Direct viral RNA/antigen tissue characterization,No,Positive,S0163,Crocidura leucodon,Soricidae,Germany,Upper Bavaria and Swabia,1997–2012,1997,2012,Borna disease virus 1,Bornaviridae,Antigen detection,"Brain, spinal cord, ganglia, parotid gland, skin; additional kidney and lung tissues in #5017",2,2
24699636-001,Natural direct detection,Sequence-confirmed direct viral RNA detection,Yes,Positive,S0164,Crocidura leucodon,Soricidae,Germany,Saxony-Anhalt,September 2005–December 2010,2005,2010,Borna disease virus 1,Bornaviridae,PCR + sequencing,Brain and other organs,58,14
24699636-002,Natural direct detection,Direct viral RNA screening — negative,Yes,Negative,S0164,Crocidura russula,Soricidae,Germany,"Lower Saxony, Saxony-Anhalt and Thuringia",September 2005–December 2010,2005,2010,Borna disease virus 1,Bornaviridae,PCR + sequencing,Brain and other organs,28,0
24699636-003,Natural direct detection,Direct viral RNA screening — negative,Yes,Negative,S0164,Sorex araneus,Soricidae,Germany,"Saxony-Anhalt, Saxony and Thuringia",September 2005–December 2010,2005,2010,Borna disease virus 1,Bornaviridae,PCR + sequencing,Brain and other organs,16,0
24699636-004,Natural direct detection,Direct viral RNA screening — negative,Yes,Negative,S0164,Sorex minutus,Soricidae,Germany,Saxony-Anhalt,September 2005–December 2010,2005,2010,Borna disease virus 1,Bornaviridae,PCR + sequencing,Brain and other organs,4,0
24699636-005,Natural direct detection,Direct viral RNA screening — negative,Yes,Negative,S0164,Sorex alpinus,Soricidae,Italy,South Tyrol,September 2005–December 2010,2005,2010,Borna disease virus 1,Bornaviridae,PCR + sequencing,Brain and other organs,1,0
24699636-006,Natural direct detection,Direct viral RNA screening — negative,No,Negative,S0164,Crocidura russula,Soricidae,Germany,Lower Saxony,2008,2008,2008,Borna disease virus 1,Bornaviridae,PCR + sequencing,Brain and other organs,1,0
24699636-007,Natural direct detection,Direct viral RNA screening — negative,No,Negative,S0164,Crocidura russula,Soricidae,Germany,Lower Saxony,2009,2009,2009,Borna disease virus 1,Bornaviridae,PCR + sequencing,Brain and other organs,5,0
24699636-008,Natural direct detection,Direct viral RNA screening — negative,No,Negative,S0164,Crocidura russula,Soricidae,Germany,Saxony-Anhalt,2005,2005,2005,Borna disease virus 1,Bornaviridae,PCR + sequencing,Brain and other organs,1,0
24699636-009,Natural direct detection,Direct viral RNA screening — negative,No,Negative,S0164,Crocidura russula,Soricidae,Germany,Saxony-Anhalt,2006,2006,2006,Borna disease virus 1,Bornaviridae,PCR + sequencing,Brain and other organs,1,0
24699636-010,Natural direct detection,Direct viral RNA screening — negative,No,Negative,S0164,Crocidura russula,Soricidae,Germany,Saxony-Anhalt,2007,2007,2007,Borna disease virus 1,Bornaviridae,PCR + sequencing,Brain and other organs,4,0
24699636-011,Natural direct detection,Direct viral RNA screening — negative,No,Negative,S0164,Crocidura russula,Soricidae,Germany,Saxony-Anhalt,2008,2008,2008,Borna disease virus 1,Bornaviridae,PCR + sequencing,Brain and other organs,11,0
24699636-012,Natural direct detection,Direct viral RNA screening — negative,No,Negative,S0164,Crocidura russula,Soricidae,Germany,Saxony-Anhalt,2009,2009,2009,Borna disease virus 1,Bornaviridae,PCR + sequencing,Brain and other organs,1,0
24699636-013,Natural direct detection,Direct viral RNA screening — negative,No,Negative,S0164,Crocidura russula,Soricidae,Germany,Saxony-Anhalt,2010,2010,2010,Borna disease virus 1,Bornaviridae,PCR + sequencing,Brain and other organs,2,0
24699636-014,Natural direct detection,Direct viral RNA screening — negative,No,Negative,S0164,Crocidura russula,Soricidae,Germany,Thuringia,2005,2005,2005,Borna disease virus 1,Bornaviridae,PCR + sequencing,Brain and other organs,2,0
24699636-015,Natural direct detection,Direct viral RNA screening — negative,No,Negative,S0164,Crocidura leucodon,Soricidae,Germany,Saxony-Anhalt — Buhlendorf,2005,2005,2005,Borna disease virus 1,Bornaviridae,PCR + sequencing,Brain and other organs,2,0
24699636-016,Natural direct detection,Direct viral RNA detection with table-reported IHC/DNA confirmation counts,No,Positive,S0164,Crocidura leucodon,Soricidae,Germany,Saxony-Anhalt — Freyburg/U.,2006,2006,2006,Borna disease virus 1,Bornaviridae,PCR + sequencing,Brain and other organs,10,3
24699636-017,Natural direct detection,Direct viral RNA detection with table-reported IHC/DNA confirmation counts,No,Positive,S0164,Crocidura leucodon,Soricidae,Germany,Saxony-Anhalt — Güterglück,2007,2007,2007,Borna disease virus 1,Bornaviridae,PCR + sequencing,Brain and other organs,28,3
24699636-018,Natural direct detection,Direct viral RNA detection with table-reported IHC/DNA confirmation counts,No,Positive,S0164,Crocidura leucodon,Soricidae,Germany,Saxony-Anhalt — Roblau,2008,2008,2008,Borna disease virus 1,Bornaviridae,PCR + sequencing,Brain and other organs,10,4
24699636-019,Natural direct detection,Direct viral RNA detection with table-reported IHC/DNA confirmation counts,No,Positive,S0164,Crocidura leucodon,Soricidae,Germany,Saxony-Anhalt — Roblau,2009,2009,2009,Borna disease virus 1,Bornaviridae,PCR + sequencing,Brain and other organs,7,4
24699636-020,Natural direct detection,Direct viral RNA screening — negative,No,Negative,S0164,Crocidura leucodon,Soricidae,Germany,Saxony-Anhalt — Roblau,2010,2010,2010,Borna disease virus 1,Bornaviridae,PCR + sequencing,Brain and other organs,1,0
24699636-021,Natural direct detection,Direct viral RNA screening — negative,No,Negative,S0164,Sorex araneus,Soricidae,Germany,Saxony-Anhalt,2005,2005,2005,Borna disease virus 1,Bornaviridae,PCR + sequencing,Brain and other organs,1,0
24699636-022,Natural direct detection,Direct viral RNA screening — negative,No,Negative,S0164,Sorex araneus,Soricidae,Germany,Saxony-Anhalt,2006,2006,2006,Borna disease virus 1,Bornaviridae,PCR + sequencing,Brain and other organs,1,0
24699636-023,Natural direct detection,Direct viral RNA screening — negative,No,Negative,S0164,Sorex araneus,Soricidae,Germany,Saxony-Anhalt,2007,2007,2007,Borna disease virus 1,Bornaviridae,PCR + sequencing,Brain and other organs,5,0
24699636-024,Natural direct detection,Direct viral RNA screening — negative,No,Negative,S0164,Sorex araneus,Soricidae,Germany,Saxony-Anhalt,2008,2008,2008,Borna disease virus 1,Bornaviridae,PCR + sequencing,Brain and other organs,4,0
24699636-025,Natural direct detection,Direct viral RNA screening — negative,No,Negative,S0164,Sorex araneus,Soricidae,Germany,Saxony-Anhalt,2009,2009,2009,Borna disease virus 1,Bornaviridae,PCR + sequencing,Brain and other organs,2,0
24699636-026,Natural direct detection,Direct viral RNA screening — negative,No,Negative,S0164,Sorex araneus,Soricidae,Germany,Saxony,2006,2006,2006,Borna disease virus 1,Bornaviridae,PCR + sequencing,Brain and other organs,1,0
24699636-027,Natural direct detection,Direct viral RNA screening — negative,No,Negative,S0164,Sorex araneus,Soricidae,Germany,Thuringia,2007,2007,2007,Borna disease virus 1,Bornaviridae,PCR + sequencing,Brain and other organs,1,0
24699636-028,Natural direct detection,Direct viral RNA screening — negative,No,Negative,S0164,Sorex araneus,Soricidae,Germany,Thuringia,2009,2009,2009,Borna disease virus 1,Bornaviridae,PCR + sequencing,Brain and other organs,1,0
24699636-029,Natural direct detection,Direct viral RNA screening — negative,No,Negative,S0164,Sorex minutus,Soricidae,Germany,Saxony-Anhalt,2007,2007,2007,Borna disease virus 1,Bornaviridae,PCR + sequencing,Brain and other organs,1,0
24699636-030,Natural direct detection,Direct viral RNA screening — negative,No,Negative,S0164,Sorex minutus,Soricidae,Germany,Saxony-Anhalt,2008,2008,2008,Borna disease virus 1,Bornaviridae,PCR + sequencing,Brain and other organs,1,0
24699636-031,Natural direct detection,Direct viral RNA screening — negative,No,Negative,S0164,Sorex minutus,Soricidae,Germany,Saxony-Anhalt,2009,2009,2009,Borna disease virus 1,Bornaviridae,PCR + sequencing,Brain and other organs,2,0
24699636-032,Natural direct detection,Direct viral RNA screening — negative,No,Negative,S0164,Sorex alpinus,Soricidae,Italy,South Tyrol,2006,2006,2006,Borna disease virus 1,Bornaviridae,PCR + sequencing,Brain and other organs,1,0
24699636-033,Natural direct detection,Viral antigen confirmation,No,Positive,S0164,Crocidura leucodon,Soricidae,Germany,Saxony-Anhalt,September 2005–December 2010,2005,2010,Borna disease virus 1,Bornaviridae,Antigen detection,Brain and other organs,14,12
24699636-034,Natural direct detection,BDV DNA detection,No,Positive,S0164,Crocidura leucodon,Soricidae,Germany,Saxony-Anhalt,September 2005–December 2010,2005,2010,Borna disease virus 1,Bornaviridae,PCR / RT-PCR,Brain and other organs,14,3
24699636-035,Natural direct detection,Viral sequence characterization,No,Positive,S0164,Crocidura leucodon,Soricidae,Germany,Saxony-Anhalt,September 2005–December 2010,2005,2010,Borna disease virus 1,Bornaviridae,PCR + sequencing,"Brain and, for selected animals, additional organs",1,1
24699636-036,Natural direct detection,Viral sequence characterization,No,Positive,S0164,Crocidura leucodon,Soricidae,Germany,Saxony-Anhalt,September 2005–December 2010,2005,2010,Borna disease virus 1,Bornaviridae,PCR + sequencing,"Brain and, for selected animals, additional organs",1,1
24699636-037,Natural direct detection,Viral sequence characterization,No,Positive,S0164,Crocidura leucodon,Soricidae,Germany,Saxony-Anhalt,September 2005–December 2010,2005,2010,Borna disease virus 1,Bornaviridae,PCR + sequencing,"Brain and, for selected animals, additional organs",1,1
24699636-038,Natural direct detection,Viral sequence characterization,No,Positive,S0164,Crocidura leucodon,Soricidae,Germany,Saxony-Anhalt,September 2005–December 2010,2005,2010,Borna disease virus 1,Bornaviridae,PCR + sequencing,"Brain and, for selected animals, additional organs",1,1
24699636-039,Natural direct detection,Viral sequence characterization,No,Positive,S0164,Crocidura leucodon,Soricidae,Germany,Saxony-Anhalt,September 2005–December 2010,2005,2010,Borna disease virus 1,Bornaviridae,PCR + sequencing,"Brain and, for selected animals, additional organs",1,1
24699636-040,Natural direct detection,Viral sequence characterization,No,Positive,S0164,Crocidura leucodon,Soricidae,Germany,Saxony-Anhalt,September 2005–December 2010,2005,2010,Borna disease virus 1,Bornaviridae,PCR + sequencing,"Brain and, for selected animals, additional organs",1,1
24699636-041,Natural direct detection,Viral sequence characterization,No,Positive,S0164,Crocidura leucodon,Soricidae,Germany,Saxony-Anhalt,September 2005–December 2010,2005,2010,Borna disease virus 1,Bornaviridae,PCR + sequencing,"Brain and, for selected animals, additional organs",1,1
24699636-042,Natural direct detection,Viral sequence characterization,No,Positive,S0164,Crocidura leucodon,Soricidae,Germany,Saxony-Anhalt,September 2005–December 2010,2005,2010,Borna disease virus 1,Bornaviridae,PCR + sequencing,"Brain and, for selected animals, additional organs",1,1
24699636-043,Natural direct detection,Viral sequence characterization,No,Positive,S0164,Crocidura leucodon,Soricidae,Germany,Saxony-Anhalt,September 2005–December 2010,2005,2010,Borna disease virus 1,Bornaviridae,PCR + sequencing,"Brain and, for selected animals, additional organs",1,1
24699636-044,Natural direct detection,Viral sequence characterization,No,Positive,S0164,Crocidura leucodon,Soricidae,Germany,Saxony-Anhalt,September 2005–December 2010,2005,2010,Borna disease virus 1,Bornaviridae,PCR + sequencing,"Brain and, for selected animals, additional organs",1,1
24699636-045,Natural direct detection,Viral sequence characterization,No,Positive,S0164,Crocidura leucodon,Soricidae,Germany,Saxony-Anhalt,September 2005–December 2010,2005,2010,Borna disease virus 1,Bornaviridae,PCR + sequencing,"Brain and, for selected animals, additional organs",1,1
24699636-046,Natural direct detection,Viral sequence characterization,No,Positive,S0164,Crocidura leucodon,Soricidae,Germany,Saxony-Anhalt,September 2005–December 2010,2005,2010,Borna disease virus 1,Bornaviridae,PCR + sequencing,"Brain and, for selected animals, additional organs",1,1
24699636-047,Natural direct detection,Viral sequence characterization,No,Positive,S0164,Crocidura leucodon,Soricidae,Germany,Saxony-Anhalt,September 2005–December 2010,2005,2010,Borna disease virus 1,Bornaviridae,PCR + sequencing,"Brain and, for selected animals, additional organs",1,1
24699636-048,Natural direct detection,Viral sequence characterization,No,Positive,S0164,Crocidura leucodon,Soricidae,Germany,Saxony-Anhalt,September 2005–December 2010,2005,2010,Borna disease virus 1,Bornaviridae,PCR + sequencing,"Brain and, for selected animals, additional organs",1,1
24699636-049,Natural direct detection,Longitudinal natural-infection observation,No,Positive,S0164,Crocidura leucodon,Soricidae,Germany,"Güterglück, Saxony-Anhalt",2005–2009,2005,2009,Borna disease virus 1,Bornaviridae,PCR + sequencing,Brain and other organs,17,9
24553099-001,Natural direct detection,Direct viral RNA screening — negative,Yes,Negative,S0165,Episoriculus caudatus,Soricidae,China,Northwest Yunnan Province,Field specimens including 2005 positives,2005,2005,Qian Hu Shan virus (QHSV),Hantaviridae,PCR + sequencing,Lung tissue,6,0
24553099-002,Natural direct detection,Direct viral RNA screening — negative,Yes,Negative,S0165,Sorex excelsus,Soricidae,China,Northwest Yunnan Province,Field specimens including 2005 positives,2005,2005,Qian Hu Shan virus (QHSV),Hantaviridae,PCR + sequencing,Lung tissue,2,0
24553099-003,Natural direct detection,Direct viral RNA screening — negative,Yes,Negative,S0165,Episoriculus macrurus,Soricidae,China,Northwest Yunnan Province,Field specimens including 2005 positives,2005,2005,Qian Hu Shan virus (QHSV),Hantaviridae,PCR + sequencing,Lung tissue,13,0
24553099-004,Natural direct detection,Sequence-confirmed direct viral RNA detection,Yes,Positive,S0165,Sorex cylindricauda,Soricidae,China,Northwest Yunnan Province,Field specimens including 2005 positives,2005,2005,Qian Hu Shan virus (QHSV),Hantaviridae,PCR + sequencing,Lung tissue,16,3
24553099-005,Natural direct detection,Viral sequence characterization,No,Positive,S0165,Sorex cylindricauda,Soricidae,China,"Near Qian Hu Shan, Xianggelila, Yunnan Province",2005,2005,2005,Qian Hu Shan virus (QHSV),Hantaviridae,PCR + sequencing,Lung tissue,1,1
24553099-006,Natural direct detection,Viral sequence characterization,No,Positive,S0165,Sorex cylindricauda,Soricidae,China,"Near Qian Hu Shan, Xianggelila, Yunnan Province",2005,2005,2005,Qian Hu Shan virus (QHSV),Hantaviridae,PCR + sequencing,Lung tissue,1,1
24553099-007,Natural direct detection,Viral sequence characterization,No,Positive,S0165,Sorex cylindricauda,Soricidae,China,"Near Qian Hu Shan, Xianggelila, Yunnan Province",2005,2005,2005,Qian Hu Shan virus (QHSV),Hantaviridae,PCR + sequencing,Lung tissue,1,1
21060247-001,Serology,Serological screening — negative,Yes,Negative,S0166,Sorex spp.,Soricidae,Japan,"Tokushima, Shikoku",1997–2003 field-survey period; exact year for these five Sorex spp. not specified in Table 1,1997,2003,tick-borne encephalitis virus,Flaviviridae,Serology,Serum,5,0
21303516-001,Serology,Serological exposure,Yes,Positive,S0167,Crocidura lasiura,Soricidae,Republic of Korea,"Multiple sites in Gyeonggi, Gangwon, Jeollabuk and Jeollanam provinces",March 2004 to May 2010,2004,2010,Imjin virus,Hantaviridae,Serology,Serum,466,37
21303516-002,Serology,Serological exposure,No,Positive,S0167,Crocidura lasiura,Soricidae,Republic of Korea,"Multiple sites in Gyeonggi, Gangwon, Jeollabuk and Jeollanam provinces",March 2004 to May 2010,2004,2010,Imjin virus,Hantaviridae,Serology,Serum,242,20
21303516-003,Serology,Serological exposure,No,Positive,S0167,Crocidura lasiura,Soricidae,Republic of Korea,"Multiple sites in Gyeonggi, Gangwon, Jeollabuk and Jeollanam provinces",March 2004 to May 2010,2004,2010,Imjin virus,Hantaviridae,Serology,Serum,224,17
21303516-004,Serology,Serological exposure,No,Positive,S0167,Crocidura lasiura,Soricidae,Republic of Korea,"Paju City, Gyeonggi province",March 2004 to May 2010,2004,2010,Imjin virus,Hantaviridae,Serology,Serum,56,6
21303516-005,Serology,Serological exposure,No,Positive,S0167,Crocidura lasiura,Soricidae,Republic of Korea,"Yeoncheon-gun, Gyeonggi province",March 2004 to May 2010,2004,2010,Imjin virus,Hantaviridae,Serology,Serum,72,14
21303516-006,Serology,Serological exposure,No,Positive,S0167,Crocidura lasiura,Soricidae,Republic of Korea,"Pocheon City, Gyeonggi province",March 2004 to May 2010,2004,2010,Imjin virus,Hantaviridae,Serology,Serum,130,9
21303516-007,Serology,Serological exposure,No,Negative,S0167,Crocidura lasiura,Soricidae,Republic of Korea,"Yangpyeong-gun, Gyeonggi province",March 2004 to May 2010,2004,2010,Imjin virus,Hantaviridae,Serology,Serum,1,0
21303516-008,Serology,Serological exposure,No,Negative,S0167,Crocidura lasiura,Soricidae,Republic of Korea,"Osan City, Gyeonggi province",March 2004 to May 2010,2004,2010,Imjin virus,Hantaviridae,Serology,Serum,2,0
21303516-009,Serology,Serological exposure,No,Negative,S0167,Crocidura lasiura,Soricidae,Republic of Korea,"Suwon City, Gyeonggi province",March 2004 to May 2010,2004,2010,Imjin virus,Hantaviridae,Serology,Serum,1,0
21303516-010,Serology,Serological exposure,No,Positive,S0167,Crocidura lasiura,Soricidae,Republic of Korea,"Pyeongtaek City, Gyeonggi province",March 2004 to May 2010,2004,2010,Imjin virus,Hantaviridae,Serology,Serum,179,8
21303516-011,Serology,Serological exposure,No,Negative,S0167,Crocidura lasiura,Soricidae,Republic of Korea,"Sincheorwon-gun, Gangwon province",March 2004 to May 2010,2004,2010,Imjin virus,Hantaviridae,Serology,Serum,7,0
21303516-012,Serology,Serological exposure,No,Negative,S0167,Crocidura lasiura,Soricidae,Republic of Korea,"Pyeongchang-gun, Gangwon province",March 2004 to May 2010,2004,2010,Imjin virus,Hantaviridae,Serology,Serum,1,0
21303516-013,Serology,Serological exposure,No,Negative,S0167,Crocidura lasiura,Soricidae,Republic of Korea,"Gunsan City, Jeollabuk province",March 2004 to May 2010,2004,2010,Imjin virus,Hantaviridae,Serology,Serum,2,0
21303516-014,Serology,Serological exposure,No,Negative,S0167,Crocidura lasiura,Soricidae,Republic of Korea,"Haenam-gun, Jeollanam province",March 2004 to May 2010,2004,2010,Imjin virus,Hantaviridae,Serology,Serum,10,0
21303516-015,Serology,Serological exposure,No,Positive,S0167,Crocidura lasiura,Soricidae,Republic of Korea,"Multiple sites in Gyeonggi, Gangwon, Jeollabuk and Jeollanam provinces",2004,2004,2004,Imjin virus,Hantaviridae,Serology,Serum,74,11
21303516-016,Serology,Serological exposure,No,Positive,S0167,Crocidura lasiura,Soricidae,Republic of Korea,"Multiple sites in Gyeonggi, Gangwon, Jeollabuk and Jeollanam provinces",2005,2005,2005,Imjin virus,Hantaviridae,Serology,Serum,41,7
21303516-017,Serology,Serological exposure,No,Negative,S0167,Crocidura lasiura,Soricidae,Republic of Korea,"Multiple sites in Gyeonggi, Gangwon, Jeollabuk and Jeollanam provinces",2006,2006,2006,Imjin virus,Hantaviridae,Serology,Serum,13,0
21303516-018,Serology,Serological exposure,No,Positive,S0167,Crocidura lasiura,Soricidae,Republic of Korea,"Multiple sites in Gyeonggi, Gangwon, Jeollabuk and Jeollanam provinces",2007,2007,2007,Imjin virus,Hantaviridae,Serology,Serum,41,4
21303516-019,Serology,Serological exposure,No,Positive,S0167,Crocidura lasiura,Soricidae,Republic of Korea,"Multiple sites in Gyeonggi, Gangwon, Jeollabuk and Jeollanam provinces",2008,2008,2008,Imjin virus,Hantaviridae,Serology,Serum,100,5
21303516-020,Serology,Serological exposure,No,Positive,S0167,Crocidura lasiura,Soricidae,Republic of Korea,"Multiple sites in Gyeonggi, Gangwon, Jeollabuk and Jeollanam provinces",2009,2009,2009,Imjin virus,Hantaviridae,Serology,Serum,185,9
21303516-021,Serology,Serological exposure,No,Positive,S0167,Crocidura lasiura,Soricidae,Republic of Korea,"Multiple sites in Gyeonggi, Gangwon, Jeollabuk and Jeollanam provinces",2010,2010,2010,Imjin virus,Hantaviridae,Serology,Serum,12,1
21303516-022,Natural direct detection,Sequence-confirmed direct viral RNA detection,No,Positive,S0167,Crocidura lasiura,Soricidae,Republic of Korea,"Multiple sites in Gyeonggi, Gangwon, Jeollabuk and Jeollanam provinces",March 2004 to May 2010,2004,2010,Imjin virus,Hantaviridae,PCR + sequencing,Lung tissue,37,12
21303516-023,Natural direct detection,Direct viral RNA detection,No,Positive,S0167,Crocidura lasiura,Soricidae,Republic of Korea,"Multiple sites in Gyeonggi, Gangwon, Jeollabuk and Jeollanam provinces",2004,2004,2004,Imjin virus,Hantaviridae,PCR / RT-PCR,Lung tissue,11,3
21303516-024,Natural direct detection,Direct viral RNA detection,No,Positive,S0167,Crocidura lasiura,Soricidae,Republic of Korea,"Multiple sites in Gyeonggi, Gangwon, Jeollabuk and Jeollanam provinces",2005,2005,2005,Imjin virus,Hantaviridae,PCR / RT-PCR,Lung tissue,7,4
21303516-025,Natural direct detection,Direct viral RNA detection,No,Negative,S0167,Crocidura lasiura,Soricidae,Republic of Korea,"Multiple sites in Gyeonggi, Gangwon, Jeollabuk and Jeollanam provinces",2007,2007,2007,Imjin virus,Hantaviridae,PCR / RT-PCR,Lung tissue,4,0
21303516-026,Natural direct detection,Direct viral RNA detection,No,Positive,S0167,Crocidura lasiura,Soricidae,Republic of Korea,"Multiple sites in Gyeonggi, Gangwon, Jeollabuk and Jeollanam provinces",2008,2008,2008,Imjin virus,Hantaviridae,PCR / RT-PCR,Lung tissue,5,1
21303516-027,Natural direct detection,Direct viral RNA detection,No,Positive,S0167,Crocidura lasiura,Soricidae,Republic of Korea,"Multiple sites in Gyeonggi, Gangwon, Jeollabuk and Jeollanam provinces",2009,2009,2009,Imjin virus,Hantaviridae,PCR / RT-PCR,Lung tissue,9,3
21303516-028,Natural direct detection,Direct viral RNA detection,No,Positive,S0167,Crocidura lasiura,Soricidae,Republic of Korea,"Multiple sites in Gyeonggi, Gangwon, Jeollabuk and Jeollanam provinces",2010,2010,2010,Imjin virus,Hantaviridae,PCR / RT-PCR,Lung tissue,1,1
21303516-029,Natural direct detection,Viral sequence characterization,No,Positive,S0167,Crocidura lasiura,Soricidae,Republic of Korea,"Dagmar North 2-9/Paju, Gyeonggi",24 Mar 2004,2004,2004,Imjin virus,Hantaviridae,PCR + sequencing,Lung tissue,1,1
21303516-030,Natural direct detection,Viral sequence characterization,No,Positive,S0167,Crocidura lasiura,Soricidae,Republic of Korea,"LTA 130-1a/Yeoncheon, Gyeonggi",4 Dec 2004,2004,2004,Imjin virus,Hantaviridae,PCR + sequencing,Lung tissue,1,1
21303516-031,Natural direct detection,Viral sequence characterization,No,Positive,S0167,Crocidura lasiura,Soricidae,Republic of Korea,"FP131A-1a/Yeoncheon, Gyeonggi",7 Dec 2004,2004,2004,Imjin virus,Hantaviridae,PCR + sequencing,Lung tissue,1,1
21303516-032,Natural direct detection,Viral sequence characterization,No,Positive,S0167,Crocidura lasiura,Soricidae,Republic of Korea,"MPRC-7a/Pocheon, Gyeonggi",10 Sep 2005,2005,2005,Imjin virus,Hantaviridae,PCR + sequencing,Lung tissue,1,1
21303516-033,Natural direct detection,Viral sequence characterization,No,Positive,S0167,Crocidura lasiura,Soricidae,Republic of Korea,"Dagmar North-7a/Paju, Gyeonggi",12 Sep 2005,2005,2005,Imjin virus,Hantaviridae,PCR + sequencing,Lung tissue,1,1
21303516-034,Natural direct detection,Viral sequence characterization,No,Positive,S0167,Crocidura lasiura,Soricidae,Republic of Korea,"Story Impact-11a/Paju, Gyeonggi",14 Sep 2005,2005,2005,Imjin virus,Hantaviridae,PCR + sequencing,Lung tissue,1,1
21303516-035,Natural direct detection,Viral sequence characterization,No,Positive,S0167,Crocidura lasiura,Soricidae,Republic of Korea,"LTA 320/Yeoncheon, Gyeonggi",9 Nov 2005,2005,2005,Imjin virus,Hantaviridae,PCR + sequencing,Lung tissue,1,1
21303516-036,Natural direct detection,Viral sequence characterization,No,Positive,S0167,Crocidura lasiura,Soricidae,Republic of Korea,"CP Humphrey/Pyeongtaek, Gyeonggi",2 Apr 2008,2008,2008,Imjin virus,Hantaviridae,PCR + sequencing,Lung tissue,1,1
21303516-037,Natural direct detection,Viral sequence characterization,No,Positive,S0167,Crocidura lasiura,Soricidae,Republic of Korea,"Nightmare Range/Pocheon, Gyeonggi",24 Jun 2009,2009,2009,Imjin virus,Hantaviridae,PCR + sequencing,Lung tissue,1,1
21303516-038,Natural direct detection,Viral sequence characterization,No,Positive,S0167,Crocidura lasiura,Soricidae,Republic of Korea,"Nightmare Range/Pocheon, Gyeonggi",28 Oct 2009,2009,2009,Imjin virus,Hantaviridae,PCR + sequencing,Lung tissue,1,1
21303516-039,Natural direct detection,Viral sequence characterization,No,Positive,S0167,Crocidura lasiura,Soricidae,Republic of Korea,"Maji-ri/Paju, Gyeonggi",17 Apr 2009,2009,2009,Imjin virus,Hantaviridae,PCR + sequencing,Lung tissue,1,1
21303516-040,Natural direct detection,Viral sequence characterization,No,Positive,S0167,Crocidura lasiura,Soricidae,Republic of Korea,"Dragon Head/Paju, Gyeonggi",12 May 2010,2010,2010,Imjin virus,Hantaviridae,PCR + sequencing,Lung tissue,1,1
21632770-001,Natural direct detection,Sequence-confirmed direct viral RNA detection,Yes,Positive,S0168,Scalopus aquaticus,Talpidae,United States,Eastern United States,1981–1992,1981,1992,Rockport virus,Hantaviridae,PCR + sequencing,Frozen liver tissue,60,4
21632770-002,Natural direct detection,Direct viral RNA screening — negative,No,Negative,S0168,Scalopus aquaticus,Talpidae,United States,"Pinellas County — Seminole Castleberry, Florida",July 1988,1988,1988,Rockport virus,Hantaviridae,PCR + sequencing,Frozen liver tissue,4,0
21632770-003,Natural direct detection,Direct viral RNA screening — negative,No,Negative,S0168,Scalopus aquaticus,Talpidae,United States,"Rooks County — Stockton, Kansas",September 1992,1992,1992,Rockport virus,Hantaviridae,PCR + sequencing,Frozen liver tissue,1,0
21632770-004,Natural direct detection,Direct viral RNA screening — negative,No,Negative,S0168,Scalopus aquaticus,Talpidae,United States,"Aiken County — Savannah River Plant, South Carolina",July 1984,1984,1984,Rockport virus,Hantaviridae,PCR + sequencing,Frozen liver tissue,2,0
21632770-005,Natural direct detection,Direct viral RNA screening — negative,No,Negative,S0168,Scalopus aquaticus,Talpidae,United States,"Aiken County — Savannah River Plant, South Carolina",October 1987,1987,1987,Rockport virus,Hantaviridae,PCR + sequencing,Frozen liver tissue,5,0
21632770-006,Natural direct detection,Direct viral RNA screening — negative,No,Negative,S0168,Scalopus aquaticus,Talpidae,United States,"Aiken County — Savannah River Plant, South Carolina",December 1987,1987,1987,Rockport virus,Hantaviridae,PCR + sequencing,Frozen liver tissue,8,0
21632770-007,Natural direct detection,Direct viral RNA screening — negative,No,Negative,S0168,Scalopus aquaticus,Talpidae,United States,"Aiken County — Savannah River Plant, South Carolina",January 1988,1988,1988,Rockport virus,Hantaviridae,PCR + sequencing,Frozen liver tissue,7,0
21632770-008,Natural direct detection,Direct viral RNA screening — negative,No,Negative,S0168,Scalopus aquaticus,Talpidae,United States,"Aiken County — Savannah River Plant, South Carolina",February 1988,1988,1988,Rockport virus,Hantaviridae,PCR + sequencing,Frozen liver tissue,1,0
21632770-009,Natural direct detection,Direct viral RNA screening — negative,No,Negative,S0168,Scalopus aquaticus,Talpidae,United States,"Aiken County — Savannah River Plant, South Carolina",June 1989,1989,1989,Rockport virus,Hantaviridae,PCR + sequencing,Frozen liver tissue,2,0
21632770-010,Natural direct detection,Direct viral RNA screening — negative,No,Negative,S0168,Scalopus aquaticus,Talpidae,United States,"Barnwell County — Savannah River Plant, South Carolina",June 1984,1984,1984,Rockport virus,Hantaviridae,PCR + sequencing,Frozen liver tissue,2,0
21632770-011,Natural direct detection,Direct viral RNA screening — negative,No,Negative,S0168,Scalopus aquaticus,Talpidae,United States,"Barnwell County — Savannah River Plant, South Carolina",July 1984,1984,1984,Rockport virus,Hantaviridae,PCR + sequencing,Frozen liver tissue,1,0
21632770-012,Natural direct detection,Direct viral RNA screening — negative,No,Negative,S0168,Scalopus aquaticus,Talpidae,United States,"Barnwell County — Savannah River Plant, South Carolina",February 1988,1988,1988,Rockport virus,Hantaviridae,PCR + sequencing,Frozen liver tissue,9,0
21632770-013,Natural direct detection,Direct viral RNA screening — negative,No,Negative,S0168,Scalopus aquaticus,Talpidae,United States,"Barnwell County — Savannah River Plant, South Carolina",May 1989,1989,1989,Rockport virus,Hantaviridae,PCR + sequencing,Frozen liver tissue,10,0
21632770-014,Natural direct detection,Direct viral RNA screening — negative,No,Negative,S0168,Scalopus aquaticus,Talpidae,United States,"Shelby County — Memphis (Raleigh), Tennessee",July 1988,1988,1988,Rockport virus,Hantaviridae,PCR + sequencing,Frozen liver tissue,1,0
21632770-015,Natural direct detection,Sequence-confirmed direct viral RNA detection,No,Positive,S0168,Scalopus aquaticus,Talpidae,United States,"Aransas County — Aransas National Wildlife Refuge, Texas",August 1986,1986,1986,Rockport virus,Hantaviridae,PCR + sequencing,Frozen liver tissue,5,4
21632770-016,Natural direct detection,Direct viral RNA screening — negative,No,Negative,S0168,Scalopus aquaticus,Talpidae,United States,"Motley County — Pease River, Texas",March 1981,1981,1981,Rockport virus,Hantaviridae,PCR + sequencing,Frozen liver tissue,2,0
21632770-017,Natural direct detection,Viral genome characterization,No,Positive,S0168,Scalopus aquaticus,Talpidae,United States,"Aransas National Wildlife Refuge, Rockport, Texas",1986 (Table 1: August; Results text: October),1986,1986,Rockport virus,Hantaviridae,PCR + sequencing,Frozen liver tissue,1,1
21632770-018,Natural direct detection,Viral genome characterization,No,Positive,S0168,Scalopus aquaticus,Talpidae,United States,"Aransas National Wildlife Refuge, Rockport, Texas",1986 (Table 1: August; Results text: October),1986,1986,Rockport virus,Hantaviridae,PCR + sequencing,Frozen liver tissue,1,1
21632770-019,Natural direct detection,Viral genome characterization,No,Positive,S0168,Scalopus aquaticus,Talpidae,United States,"Aransas National Wildlife Refuge, Rockport, Texas",1986 (Table 1: August; Results text: October),1986,1986,Rockport virus,Hantaviridae,PCR + sequencing,Frozen liver tissue,1,1
21798050-001,Natural direct detection,Direct viral RNA screening — negative,Yes,Negative,S0169,Crocidura buettikoferi,Soricidae,Côte d’Ivoire,"Azagny National Park, Lamto Natural Reserve and Dabou","March, July, August, November and December 2009",2009,2009,Hantavirus spp.,Hantaviridae,PCR + sequencing,Lung tissue collected in RNAlater,39,0
21798050-002,Natural direct detection,Direct viral RNA screening — negative,Yes,Negative,S0169,Crocidura jouvenetae,Soricidae,Côte d’Ivoire,"Azagny National Park, Lamto Natural Reserve and Dabou","March, July, August, November and December 2009",2009,2009,Hantavirus spp.,Hantaviridae,PCR + sequencing,Lung tissue collected in RNAlater,5,0
21798050-003,Natural direct detection,Sequence-confirmed direct viral RNA detection,Yes,Positive,S0169,Crocidura obscurior,Soricidae,Côte d’Ivoire,"Azagny National Park, Lamto Natural Reserve and Dabou","March, July, August, November and December 2009",2009,2009,Azagny virus (AZGV),Hantaviridae,PCR + sequencing,Lung tissue collected in RNAlater,9,1
21798050-004,Natural direct detection,Direct viral RNA screening — negative,Yes,Negative,S0169,Crocidura olivieri,Soricidae,Côte d’Ivoire,"Azagny National Park, Lamto Natural Reserve and Dabou","March, July, August, November and December 2009",2009,2009,Hantavirus spp.,Hantaviridae,PCR + sequencing,Lung tissue collected in RNAlater,21,0
21798050-005,Natural direct detection,Viral sequence characterization,No,Positive,S0169,Crocidura obscurior,Soricidae,Côte d’Ivoire,"Azagny National Park (5°14.5′ N, 4°48.1′ W)",15 December 2009,2009,2009,Azagny virus (AZGV),Hantaviridae,PCR + sequencing,Lung tissue,1,1
21896819-001,Natural direct detection,Sequence-confirmed direct viral RNA detection,Yes,Positive,S0170,Suncus murinus,Soricidae,Nepal,"Kathmandu, Bhaktapur and Lalitpur districts",31 January–10 April 1996 and 22 July–3 September 1996,1996,1996,Thottapalayam virus,Hantaviridae,PCR + sequencing,Lung tissue,134,12
21896819-002,Natural direct detection,Sequence-confirmed direct viral RNA detection,No,Positive,S0170,Suncus murinus,Soricidae,Nepal,"Kathmandu, Bhaktapur and Lalitpur districts",January–April 1996,1996,1996,Thottapalayam virus,Hantaviridae,PCR + sequencing,Lung tissue,72,6
21896819-003,Natural direct detection,Sequence-confirmed direct viral RNA detection,No,Positive,S0170,Suncus murinus,Soricidae,Nepal,"Kathmandu, Bhaktapur and Lalitpur districts",July–September 1996,1996,1996,Thottapalayam virus,Hantaviridae,PCR + sequencing,Lung tissue,62,6
21896819-004,Natural direct detection,Sequence-confirmed direct viral RNA detection,No,Positive,S0170,Suncus murinus,Soricidae,Nepal,Kathmandu district,January–April 1996,1996,1996,Thottapalayam virus,Hantaviridae,PCR + sequencing,Lung tissue,43,5
21896819-005,Natural direct detection,Sequence-confirmed direct viral RNA detection,No,Positive,S0170,Suncus murinus,Soricidae,Nepal,Bhaktapur district,January–April 1996,1996,1996,Thottapalayam virus,Hantaviridae,PCR + sequencing,Lung tissue,10,1
21896819-006,Natural direct detection,Direct viral RNA screening — negative,No,Negative,S0170,Suncus murinus,Soricidae,Nepal,Lalitpur district,January–April 1996,1996,1996,Thottapalayam virus,Hantaviridae,PCR + sequencing,Lung tissue,19,0
21896819-007,Natural direct detection,Sequence-confirmed direct viral RNA detection,No,Positive,S0170,Suncus murinus,Soricidae,Nepal,Kathmandu district,July–September 1996,1996,1996,Thottapalayam virus,Hantaviridae,PCR + sequencing,Lung tissue,61,6
21896819-008,Natural direct detection,Direct viral RNA screening — negative,No,Negative,S0170,Suncus murinus,Soricidae,Nepal,Lalitpur district,July–September 1996,1996,1996,Thottapalayam virus,Hantaviridae,PCR + sequencing,Lung tissue,1,0
21896819-009,Natural direct detection,Direct viral RNA tissue characterization,No,Positive,S0170,Suncus murinus,Soricidae,Nepal,"Kathmandu, Bhaktapur and Lalitpur districts",31 January–10 April 1996 and 22 July–3 September 1996,1996,1996,Thottapalayam virus,Hantaviridae,PCR + sequencing,Kidney tissue,12,4
21896819-010,Natural direct detection,Viral sequence characterization,No,Positive,S0170,Suncus murinus,Soricidae,Nepal,Bhaktapur district,22 Mar 1996,1996,1996,Thottapalayam virus,Hantaviridae,PCR + sequencing,Lung tissue,1,1
21896819-011,Natural direct detection,Viral sequence characterization,No,Positive,S0170,Suncus murinus,Soricidae,Nepal,Kathmandu district,2 Feb 1996,1996,1996,Thottapalayam virus,Hantaviridae,PCR + sequencing,Lung tissue,1,1
21896819-012,Natural direct detection,Viral sequence characterization,No,Positive,S0170,Suncus murinus,Soricidae,Nepal,Kathmandu district,20 Feb 1996,1996,1996,Thottapalayam virus,Hantaviridae,PCR + sequencing,Lung tissue,1,1
21896819-013,Natural direct detection,Viral sequence characterization,No,Positive,S0170,Suncus murinus,Soricidae,Nepal,Kathmandu district,10 Mar 1996,1996,1996,Thottapalayam virus,Hantaviridae,PCR + sequencing,Lung tissue,1,1
21896819-014,Natural direct detection,Viral sequence characterization,No,Positive,S0170,Suncus murinus,Soricidae,Nepal,Kathmandu district,7 Apr 1996,1996,1996,Thottapalayam virus,Hantaviridae,PCR + sequencing,Lung tissue,1,1
21896819-015,Natural direct detection,Viral sequence characterization,No,Positive,S0170,Suncus murinus,Soricidae,Nepal,Kathmandu district,9 Apr 1996,1996,1996,Thottapalayam virus,Hantaviridae,PCR + sequencing,Lung tissue,1,1
21896819-016,Natural direct detection,Viral sequence characterization,No,Positive,S0170,Suncus murinus,Soricidae,Nepal,Kathmandu district,20 Aug 1996,1996,1996,Thottapalayam virus,Hantaviridae,PCR + sequencing,Lung tissue,1,1
21896819-017,Natural direct detection,Viral sequence characterization,No,Positive,S0170,Suncus murinus,Soricidae,Nepal,Kathmandu district,20 Aug 1996,1996,1996,Thottapalayam virus,Hantaviridae,PCR + sequencing,Lung tissue,1,1
21896819-018,Natural direct detection,Viral sequence characterization,No,Positive,S0170,Suncus murinus,Soricidae,Nepal,Kathmandu district,26 Aug 1996,1996,1996,Thottapalayam virus,Hantaviridae,PCR + sequencing,Lung tissue,1,1
21896819-019,Natural direct detection,Viral sequence characterization,No,Positive,S0170,Suncus murinus,Soricidae,Nepal,Kathmandu district,30 Aug 1996,1996,1996,Thottapalayam virus,Hantaviridae,PCR + sequencing,Lung tissue,1,1
21896819-020,Natural direct detection,Viral sequence characterization,No,Positive,S0170,Suncus murinus,Soricidae,Nepal,Kathmandu district,3 Sep 1996,1996,1996,Thottapalayam virus,Hantaviridae,PCR + sequencing,Lung tissue,1,1
21896819-021,Natural direct detection,Viral sequence characterization,No,Positive,S0170,Suncus murinus,Soricidae,Nepal,Kathmandu district,3 Sep 1996,1996,1996,Thottapalayam virus,Hantaviridae,PCR + sequencing,Lung tissue,1,1
21801855-001,Natural direct detection,Sequence-confirmed direct viral RNA detection,Yes,Positive,S0171,Suncus murinus,Soricidae,China,"Longwan District, Wenzhou City, Zhejiang Province",2009,2009,2009,Thottapalayam virus,Hantaviridae,PCR + sequencing,Lung tissue,362,6
21801855-002,Natural direct detection,Direct viral RNA detection,No,Positive,S0171,Suncus murinus,Soricidae,China,"Longwan District, Wenzhou City, Zhejiang Province",2009,2009,2009,Thottapalayam virus,Hantaviridae,PCR + sequencing,Lung tissue,201,5
21801855-003,Natural direct detection,Direct viral RNA detection,No,Positive,S0171,Suncus murinus,Soricidae,China,"Longwan District, Wenzhou City, Zhejiang Province",2009,2009,2009,Thottapalayam virus,Hantaviridae,PCR + sequencing,Lung tissue,161,1
21801855-004,Natural direct detection,Sequence-confirmed direct viral RNA detection,No,Positive,S0171,Suncus murinus,Soricidae,China,"Jiucun Village, Longwan District, Wenzhou",April 2009,2009,2009,Thottapalayam virus,Hantaviridae,PCR + sequencing,Lung tissue,145,1
21801855-005,Natural direct detection,Direct viral RNA screening — negative,No,Negative,S0171,Suncus murinus,Soricidae,China,"Bailouxia Village, Longwan District, Wenzhou",June 2009,2009,2009,Thottapalayam virus,Hantaviridae,PCR + sequencing,Lung tissue,23,0
21801855-006,Natural direct detection,Direct viral RNA screening — negative,No,Negative,S0171,Suncus murinus,Soricidae,China,"Bailouxia Village, Longwan District, Wenzhou",August 2009,2009,2009,Thottapalayam virus,Hantaviridae,PCR + sequencing,Lung tissue,18,0
21801855-007,Natural direct detection,Direct viral RNA screening — negative,No,Negative,S0171,Suncus murinus,Soricidae,China,"Bailouxia Village, Longwan District, Wenzhou",September 2009,2009,2009,Thottapalayam virus,Hantaviridae,PCR + sequencing,Lung tissue,29,0
21801855-008,Natural direct detection,Sequence-confirmed direct viral RNA detection,No,Positive,S0171,Suncus murinus,Soricidae,China,"Haisi Village, Longwan District, Wenzhou",October 2009,2009,2009,Thottapalayam virus,Hantaviridae,PCR + sequencing,Lung tissue,147,5
21801855-009,Natural direct detection,Complete/partial viral genome characterization,No,Positive,S0171,Suncus murinus,Soricidae,China,"Longwan District, Wenzhou City, Zhejiang Province",2009,2009,2009,Thottapalayam virus,Hantaviridae,PCR + sequencing,Lung tissue,1,1
21801855-010,Natural direct detection,Complete/partial viral genome characterization,No,Positive,S0171,Suncus murinus,Soricidae,China,"Longwan District, Wenzhou City, Zhejiang Province",2009,2009,2009,Thottapalayam virus,Hantaviridae,PCR + sequencing,Lung tissue,1,1
21801855-011,Natural direct detection,Complete/partial viral genome characterization,No,Positive,S0171,Suncus murinus,Soricidae,China,"Longwan District, Wenzhou City, Zhejiang Province",2009,2009,2009,Thottapalayam virus,Hantaviridae,PCR + sequencing,Lung tissue,1,1
21801855-012,Natural direct detection,Complete/partial viral genome characterization,No,Positive,S0171,Suncus murinus,Soricidae,China,"Longwan District, Wenzhou City, Zhejiang Province",2009,2009,2009,Thottapalayam virus,Hantaviridae,PCR + sequencing,Lung tissue,1,1
21801855-013,Natural direct detection,Complete/partial viral genome characterization,No,Positive,S0171,Suncus murinus,Soricidae,China,"Longwan District, Wenzhou City, Zhejiang Province",2009,2009,2009,Thottapalayam virus,Hantaviridae,PCR + sequencing,Lung tissue,1,1
21801855-014,Natural direct detection,Complete/partial viral genome characterization,No,Positive,S0171,Suncus murinus,Soricidae,China,"Longwan District, Wenzhou City, Zhejiang Province",2009,2009,2009,Thottapalayam virus,Hantaviridae,PCR + sequencing,Lung tissue,1,1
22230701-001,Natural direct detection,Sequence-confirmed direct viral RNA detection,Yes,Positive,S0172,Crocidura shantungensis,Soricidae,Republic of Korea,Jeju Island,"2007, 2009 and 2010",2007,2010,Jeju virus,Hantaviridae,PCR + sequencing,Lung and liver tissues,51,8
22230701-002,Natural direct detection,Direct viral RNA screening — negative,Yes,Negative,S0172,Crocidura shantungensis,Soricidae,Republic of Korea,Ulleung Island,"2007, 2009 and 2010",2007,2010,Jeju virus,Hantaviridae,PCR + sequencing,Lung and liver tissues,63,0
22230701-003,Natural direct detection,Direct viral RNA screening — negative,Yes,Negative,S0172,Crocidura shantungensis,Soricidae,Republic of Korea,Mainland Korea (Haenam and Sesan),"2007, 2009 and 2010",2007,2010,Jeju virus,Hantaviridae,PCR + sequencing,Lung and liver tissues,28,0
22230701-004,Natural direct detection,Direct viral RNA screening — negative,No,Negative,S0172,Crocidura shantungensis,Soricidae,Republic of Korea,Jeju Island — Ora-dong,May 2009,2009,2009,Jeju virus,Hantaviridae,PCR + sequencing,Lung and liver tissues,1,0
22230701-005,Natural direct detection,Sequence-confirmed direct viral RNA detection,No,Positive,S0172,Crocidura shantungensis,Soricidae,Republic of Korea,Jeju Island — Ora-dong,September 2009,2009,2009,Jeju virus,Hantaviridae,PCR + sequencing,Lung and liver tissues,7,1
22230701-006,Natural direct detection,Sequence-confirmed direct viral RNA detection,No,Positive,S0172,Crocidura shantungensis,Soricidae,Republic of Korea,Jeju Island — Ora-dong,October 2009,2009,2009,Jeju virus,Hantaviridae,PCR + sequencing,Lung and liver tissues,7,2
22230701-007,Natural direct detection,Sequence-confirmed direct viral RNA detection,No,Positive,S0172,Crocidura shantungensis,Soricidae,Republic of Korea,Jeju Island — Ora-dong,March 2010,2010,2010,Jeju virus,Hantaviridae,PCR + sequencing,Lung and liver tissues,1,1
22230701-008,Natural direct detection,Direct viral RNA screening — negative,No,Negative,S0172,Crocidura shantungensis,Soricidae,Republic of Korea,Jeju Island — Ora-dong,April 2010,2010,2010,Jeju virus,Hantaviridae,PCR + sequencing,Lung and liver tissues,3,0
22230701-009,Natural direct detection,Sequence-confirmed direct viral RNA detection,No,Positive,S0172,Crocidura shantungensis,Soricidae,Republic of Korea,Jeju Island — Ora-dong,December 2010,2010,2010,Jeju virus,Hantaviridae,PCR + sequencing,Lung and liver tissues,2,1
22230701-010,Natural direct detection,Direct viral RNA screening — negative,No,Negative,S0172,Crocidura shantungensis,Soricidae,Republic of Korea,"Jeju Island — Gosan-ri, Hangyeong-myeon",April 2009,2009,2009,Jeju virus,Hantaviridae,PCR + sequencing,Lung and liver tissues,1,0
22230701-011,Natural direct detection,Direct viral RNA screening — negative,No,Negative,S0172,Crocidura shantungensis,Soricidae,Republic of Korea,"Jeju Island — Sinheung-ri, Namwon-eup",May 2009,2009,2009,Jeju virus,Hantaviridae,PCR + sequencing,Lung and liver tissues,4,0
22230701-012,Natural direct detection,Sequence-confirmed direct viral RNA detection,No,Positive,S0172,Crocidura shantungensis,Soricidae,Republic of Korea,Jeju Island — Ara-dong,November 2007,2007,2007,Jeju virus,Hantaviridae,PCR + sequencing,Lung and liver tissues,4,1
22230701-013,Natural direct detection,Direct viral RNA screening — negative,No,Negative,S0172,Crocidura shantungensis,Soricidae,Republic of Korea,Jeju Island — Ara-dong,October 2009,2009,2009,Jeju virus,Hantaviridae,PCR + sequencing,Lung and liver tissues,5,0
22230701-014,Natural direct detection,Sequence-confirmed direct viral RNA detection,No,Positive,S0172,Crocidura shantungensis,Soricidae,Republic of Korea,"Jeju Island — Gyorae-ri, Jocheon-eup",April 2010,2010,2010,Jeju virus,Hantaviridae,PCR + sequencing,Lung and liver tissues,8,1
22230701-015,Natural direct detection,Sequence-confirmed direct viral RNA detection,No,Positive,S0172,Crocidura shantungensis,Soricidae,Republic of Korea,"Jeju Island — Gyorae-ri, Jocheon-eup",October 2010,2010,2010,Jeju virus,Hantaviridae,PCR + sequencing,Lung and liver tissues,8,1
22230701-016,Natural direct detection,Direct viral RNA screening — negative,No,Negative,S0172,Crocidura shantungensis,Soricidae,Republic of Korea,"Ulleung Island — Nari-ri, Buk-myeon",September 2009,2009,2009,Jeju virus,Hantaviridae,PCR + sequencing,Lung and liver tissues,48,0
22230701-017,Natural direct detection,Direct viral RNA screening — negative,No,Negative,S0172,Crocidura shantungensis,Soricidae,Republic of Korea,"Ulleung Island — Sadong-ri, Ulleung-eup",September 2009,2009,2009,Jeju virus,Hantaviridae,PCR + sequencing,Lung and liver tissues,15,0
22230701-018,Natural direct detection,Direct viral RNA screening — negative,No,Negative,S0172,Crocidura shantungensis,Soricidae,Republic of Korea,"Haenam, Jeollanam province","2007, 2009 and 2010",2007,2010,Jeju virus,Hantaviridae,PCR + sequencing,Lung and liver tissues,15,0
22230701-019,Natural direct detection,Direct viral RNA screening — negative,No,Negative,S0172,Crocidura shantungensis,Soricidae,Republic of Korea,"Sesan, Chungnam province","2007, 2009 and 2010",2007,2010,Jeju virus,Hantaviridae,PCR + sequencing,Lung and liver tissues,13,0
22230701-020,Natural direct detection,Viral sequence characterization,No,Positive,S0172,Crocidura shantungensis,Soricidae,Republic of Korea,"Ara-dong, Jeju Island",15 Nov 2007,2007,2007,Jeju virus,Hantaviridae,PCR + sequencing,Lung and liver tissues,1,1
22230701-021,Natural direct detection,Viral sequence characterization,No,Positive,S0172,Crocidura shantungensis,Soricidae,Republic of Korea,"Ora-dong, Jeju Island",16 Sep 2009,2009,2009,Jeju virus,Hantaviridae,PCR + sequencing,Lung and liver tissues,1,1
22230701-022,Natural direct detection,Viral sequence characterization,No,Positive,S0172,Crocidura shantungensis,Soricidae,Republic of Korea,"Ora-dong, Jeju Island",15 Oct 2009,2009,2009,Jeju virus,Hantaviridae,PCR + sequencing,Lung and liver tissues,1,1
22230701-023,Natural direct detection,Viral sequence characterization,No,Positive,S0172,Crocidura shantungensis,Soricidae,Republic of Korea,"Ora-dong, Jeju Island",15 Oct 2009,2009,2009,Jeju virus,Hantaviridae,PCR + sequencing,Lung and liver tissues,1,1
22230701-024,Natural direct detection,Viral sequence characterization,No,Positive,S0172,Crocidura shantungensis,Soricidae,Republic of Korea,"Ora-dong, Jeju Island",31 Mar 2010,2010,2010,Jeju virus,Hantaviridae,PCR + sequencing,Lung and liver tissues,1,1
22230701-025,Natural direct detection,Viral sequence characterization,No,Positive,S0172,Crocidura shantungensis,Soricidae,Republic of Korea,"Gyorae-ri, Jeju Island",29 Apr 2010,2010,2010,Jeju virus,Hantaviridae,PCR + sequencing,Lung and liver tissues,1,1
22230701-026,Natural direct detection,Viral sequence characterization,No,Positive,S0172,Crocidura shantungensis,Soricidae,Republic of Korea,"Gyorae-ri, Jeju Island",14 Oct 2010,2010,2010,Jeju virus,Hantaviridae,PCR + sequencing,Lung and liver tissues,1,1
22230701-027,Natural direct detection,Viral sequence characterization,No,Positive,S0172,Crocidura shantungensis,Soricidae,Republic of Korea,"Ora-dong, Jeju Island",10 Dec 2010,2010,2010,Jeju virus,Hantaviridae,PCR + sequencing,Lung and liver tissues,1,1
22467179-001,Natural direct detection,Sequence-confirmed direct viral RNA detection,Yes,Positive,S0173,Sorex araneus,Soricidae,"Germany, Czech Republic and Slovakia",Not reported,1983–2011,1983,2011,Seewis virus (SWSV),Hantaviridae,PCR + sequencing,Tissues,353,49
22467179-002,Natural direct detection,Sequence-confirmed direct viral RNA detection,Yes,Positive,S0173,Sorex minutus,Soricidae,"Germany, Czech Republic and Slovakia",Not reported,1983–2011,1983,2011,Seewis virus (SWSV),Hantaviridae,PCR + sequencing,Tissues,59,4
22467179-003,Natural direct detection,Direct viral RNA screening — negative,Yes,Negative,S0173,Sorex coronatus,Soricidae,"Germany, Czech Republic and Slovakia",Not reported,1983–2011,1983,2011,Seewis virus (SWSV),Hantaviridae,PCR + sequencing,Tissues,27,0
22467179-004,Natural direct detection,Direct viral RNA screening — negative,Yes,Negative,S0173,Sorex alpinus,Soricidae,"Germany, Czech Republic and Slovakia",Not reported,1983–2011,1983,2011,Seewis virus (SWSV),Hantaviridae,PCR + sequencing,Tissues,1,0
22467179-005,Natural direct detection,Sequence-confirmed direct viral RNA detection,No,Positive,S0173,Sorex araneus,Soricidae,Germany,Ködnitz,2007,2007,2007,Seewis virus (SWSV),Hantaviridae,PCR + sequencing,Tissues,1,1
22467179-006,Natural direct detection,Direct viral RNA screening — negative,No,Negative,S0173,Sorex araneus,Soricidae,Germany,Dreetz,"2005, 2008",2005,2008,Seewis virus (SWSV),Hantaviridae,PCR + sequencing,Tissues,12,0
22467179-007,Natural direct detection,Sequence-confirmed direct viral RNA detection,No,Positive,S0173,Sorex minutus,Soricidae,Germany,Dreetz,"2005, 2008",2005,2008,Seewis virus (SWSV),Hantaviridae,PCR + sequencing,Tissues,3,1
22467179-008,Natural direct detection,Sequence-confirmed direct viral RNA detection,No,Positive,S0173,Sorex araneus,Soricidae,Germany,Mücke-Merlau,2007,2007,2007,Seewis virus (SWSV),Hantaviridae,PCR + sequencing,Tissues,1,1
22467179-009,Natural direct detection,Direct viral RNA screening — negative,No,Negative,S0173,Sorex minutus,Soricidae,Germany,Mücke-Merlau,2007,2007,2007,Seewis virus (SWSV),Hantaviridae,PCR + sequencing,Tissues,1,0
22467179-010,Natural direct detection,Sequence-confirmed direct viral RNA detection,No,Positive,S0173,Sorex araneus,Soricidae,Germany,Horst,2008–2010,2008,2010,Seewis virus (SWSV),Hantaviridae,PCR + sequencing,Tissues,108,1
22467179-011,Natural direct detection,Direct viral RNA screening — negative,No,Negative,S0173,Sorex minutus,Soricidae,Germany,Horst,2008–2010,2008,2010,Seewis virus (SWSV),Hantaviridae,PCR + sequencing,Tissues,7,0
22467179-012,Natural direct detection,Direct viral RNA screening — negative,No,Negative,S0173,Sorex coronatus,Soricidae,Germany,Horst,2008–2010,2008,2010,Seewis virus (SWSV),Hantaviridae,PCR + sequencing,Tissues,2,0
22467179-013,Natural direct detection,Sequence-confirmed direct viral RNA detection,No,Positive,S0173,Sorex araneus,Soricidae,Germany,Gotha,"2005–2007, 2010",2005,2010,Seewis virus (SWSV),Hantaviridae,PCR + sequencing,Tissues,22,3
22467179-014,Natural direct detection,Direct viral RNA screening — negative,No,Negative,S0173,Sorex araneus,Soricidae,Germany,Additional 63 sites,"1983–1985, 2002–2009",1983,2009,Seewis virus (SWSV),Hantaviridae,PCR + sequencing,Tissues,95,0
22467179-015,Natural direct detection,Direct viral RNA screening — negative,No,Negative,S0173,Sorex minutus,Soricidae,Germany,Additional 63 sites,"1983–1985, 2002–2009",1983,2009,Seewis virus (SWSV),Hantaviridae,PCR + sequencing,Tissues,29,0
22467179-016,Natural direct detection,Direct viral RNA screening — negative,No,Negative,S0173,Sorex coronatus,Soricidae,Germany,Additional 63 sites,"1983–1985, 2002–2009",1983,2009,Seewis virus (SWSV),Hantaviridae,PCR + sequencing,Tissues,25,0
22467179-017,Natural direct detection,Sequence-confirmed direct viral RNA detection,No,Positive,S0173,Sorex araneus,Soricidae,Czech Republic,Kácov,2010,2010,2010,Seewis virus (SWSV),Hantaviridae,PCR + sequencing,Tissues,2,1
22467179-018,Natural direct detection,Sequence-confirmed direct viral RNA detection,No,Positive,S0173,Sorex minutus,Soricidae,Czech Republic,Kácov,2010,2010,2010,Seewis virus (SWSV),Hantaviridae,PCR + sequencing,Tissues,3,1
22467179-019,Natural direct detection,Sequence-confirmed direct viral RNA detection,No,Positive,S0173,Sorex araneus,Soricidae,Czech Republic,Beskydy,2010,2010,2010,Seewis virus (SWSV),Hantaviridae,PCR + sequencing,Tissues,34,18
22467179-020,Natural direct detection,Direct viral RNA screening — negative,No,Negative,S0173,Sorex alpinus,Soricidae,Czech Republic,Beskydy,2010,2010,2010,Seewis virus (SWSV),Hantaviridae,PCR + sequencing,Tissues,1,0
22467179-021,Natural direct detection,Sequence-confirmed direct viral RNA detection,No,Positive,S0173,Sorex araneus,Soricidae,Czech Republic,Drahany,2010,2010,2010,Seewis virus (SWSV),Hantaviridae,PCR + sequencing,Tissues,39,14
22467179-022,Natural direct detection,Sequence-confirmed direct viral RNA detection,No,Positive,S0173,Sorex minutus,Soricidae,Czech Republic,Drahany,2010,2010,2010,Seewis virus (SWSV),Hantaviridae,PCR + sequencing,Tissues,14,2
22467179-023,Natural direct detection,Sequence-confirmed direct viral RNA detection,No,Positive,S0173,Sorex araneus,Soricidae,Czech Republic,České Budějovice,2009,2009,2009,Seewis virus (SWSV),Hantaviridae,PCR + sequencing,Tissues,4,2
22467179-024,Natural direct detection,Direct viral RNA screening — negative,No,Negative,S0173,Sorex minutus,Soricidae,Czech Republic,České Budějovice,2009,2009,2009,Seewis virus (SWSV),Hantaviridae,PCR + sequencing,Tissues,1,0
22467179-025,Natural direct detection,Sequence-confirmed direct viral RNA detection,No,Positive,S0173,Sorex araneus,Soricidae,Czech Republic,Nosislav,2010,2010,2010,Seewis virus (SWSV),Hantaviridae,PCR + sequencing,Tissues,5,4
22467179-026,Natural direct detection,Sequence-confirmed direct viral RNA detection,No,Positive,S0173,Sorex araneus,Soricidae,Czech Republic,Raťkov,2004,2004,2004,Seewis virus (SWSV),Hantaviridae,PCR + sequencing,Tissues,6,2
22467179-027,Natural direct detection,Sequence-confirmed direct viral RNA detection,No,Positive,S0173,Sorex araneus,Soricidae,Czech Republic,Raťkovský les,2004,2004,2004,Seewis virus (SWSV),Hantaviridae,PCR + sequencing,Tissues,3,1
22467179-028,Natural direct detection,Direct viral RNA screening — negative,No,Negative,S0173,Sorex araneus,Soricidae,Czech Republic,Additional five sites,"2003, 2006–2008, 2010",2003,2010,Seewis virus (SWSV),Hantaviridae,PCR + sequencing,Tissues,11,0
22467179-029,Natural direct detection,Direct viral RNA screening — negative,No,Negative,S0173,Sorex minutus,Soricidae,Czech Republic,Additional five sites,"2003, 2006–2008, 2010",2003,2010,Seewis virus (SWSV),Hantaviridae,PCR + sequencing,Tissues,1,0
22467179-030,Natural direct detection,Sequence-confirmed direct viral RNA detection,No,Positive,S0173,Sorex araneus,Soricidae,Slovakia,Košice,2008,2008,2008,Seewis virus (SWSV),Hantaviridae,PCR + sequencing,Tissues,1,1
22467179-031,Natural direct detection,Direct viral RNA screening — negative,No,Negative,S0173,Sorex araneus,Soricidae,Slovakia,Additional three sites,2009–2011,2009,2011,Seewis virus (SWSV),Hantaviridae,PCR + sequencing,Tissues,9,0
22467179-032,Natural direct detection,Viral sequence confirmation,No,Positive,S0173,Sorex araneus,Soricidae,"Germany, Czech Republic and Slovakia",Not reported,1983–2011,1983,2011,Seewis virus (SWSV),Hantaviridae,PCR + sequencing,Tissues,49,45
22467179-033,Natural direct detection,Viral sequence confirmation,No,Positive,S0173,Sorex minutus,Soricidae,"Germany, Czech Republic and Slovakia",Not reported,1983–2011,1983,2011,Seewis virus (SWSV),Hantaviridae,PCR + sequencing,Tissues,4,4
22607077-001,Serology,Serological screening — negative,Yes,Negative,S0174,Crocidura lasiura,Soricidae,Republic of Korea,"Firing Points 10 and 60, Yeoncheon, Gyeonggi Province",2001–2005,2001,2005,Hantaan virus,Hantaviridae,Serology,Serum,80,0
22673720-001,Serology,Serological exposure,Yes,Positive,S0175,Suncus murinus,Soricidae,Vietnam,Southern and Central Highland Vietnam,2006–2009,2006,2009,Thottapalayam virus,Hantaviridae,Serology,Serum,245,32
22673720-002,Serology,Serological exposure,No,Positive,S0175,Suncus murinus,Soricidae,Vietnam,Dong Nai Province,2006,2006,2006,Thottapalayam virus,Hantaviridae,Serology,Serum,16,2
22673720-003,Serology,Serological exposure,No,Negative,S0175,Suncus murinus,Soricidae,Vietnam,Dong Nai Province,2007,2007,2007,Thottapalayam virus,Hantaviridae,Serology,Serum,12,0
22673720-004,Serology,Serological exposure,No,Negative,S0175,Suncus murinus,Soricidae,Vietnam,Dong Nai Province,2008,2008,2008,Thottapalayam virus,Hantaviridae,Serology,Serum,3,0
22673720-005,Serology,Serological exposure,No,Negative,S0175,Suncus murinus,Soricidae,Vietnam,"Saigon Harbor, HCMC",2008,2008,2008,Thottapalayam virus,Hantaviridae,Serology,Serum,1,0
22673720-006,Serology,Serological exposure,No,Negative,S0175,Suncus murinus,Soricidae,Vietnam,Dak Lak Province,2007,2007,2007,Thottapalayam virus,Hantaviridae,Serology,Serum,9,0
22673720-007,Serology,Serological exposure,No,Positive,S0175,Suncus murinus,Soricidae,Vietnam,Dak Lak Province,2008,2008,2008,Thottapalayam virus,Hantaviridae,Serology,Serum,10,1
22673720-008,Serology,Serological exposure,No,Negative,S0175,Suncus murinus,Soricidae,Vietnam,Dak Lak Province,2009,2009,2009,Thottapalayam virus,Hantaviridae,Serology,Serum,9,0
22673720-009,Serology,Serological exposure,No,Positive,S0175,Suncus murinus,Soricidae,Vietnam,Gia Lai Province,2007,2007,2007,Thottapalayam virus,Hantaviridae,Serology,Serum,72,5
22673720-010,Serology,Serological exposure,No,Positive,S0175,Suncus murinus,Soricidae,Vietnam,Gia Lai Province,2008,2008,2008,Thottapalayam virus,Hantaviridae,Serology,Serum,20,1
22673720-011,Serology,Serological exposure,No,Positive,S0175,Suncus murinus,Soricidae,Vietnam,Gia Lai Province,2009,2009,2009,Thottapalayam virus,Hantaviridae,Serology,Serum,38,14
22673720-012,Serology,Serological exposure,No,Positive,S0175,Suncus murinus,Soricidae,Vietnam,Kon Tum Province,2007,2007,2007,Thottapalayam virus,Hantaviridae,Serology,Serum,36,9
22673720-013,Serology,Serological exposure,No,Negative,S0175,Suncus murinus,Soricidae,Vietnam,Kon Tum Province,2009,2009,2009,Thottapalayam virus,Hantaviridae,Serology,Serum,10,0
22673720-014,Serology,Serological exposure,No,Negative,S0175,Suncus murinus,Soricidae,Vietnam,Dak Nong Province,2009,2009,2009,Thottapalayam virus,Hantaviridae,Serology,Serum,3,0
22673720-015,Serology,Serological exposure,No,Negative,S0175,Suncus murinus,Soricidae,Vietnam,Tra Vinh Province,2007,2007,2007,Thottapalayam virus,Hantaviridae,Serology,Serum,6,0
22673720-016,Serology,Neutralizing-antibody confirmation,No,Positive,S0175,Suncus murinus,Soricidae,Vietnam,Southern and Central Highland Vietnam,2006–2009,2006,2009,Thottapalayam virus,Hantaviridae,Serology,Serum,32,28
24044372-001,Natural direct detection,Sequence-confirmed direct viral RNA detection,Yes,Positive,S0176,Talpa europaea,Talpidae,France,Ozoir-la-Ferrière and Beauvais,October 2012 to March 2013,2012,2013,Nova virus,Hantaviridae,PCR + sequencing,Lung tissue,94,61
24044372-002,Natural direct detection,Sequence-confirmed direct viral RNA detection,No,Positive,S0176,Talpa europaea,Talpidae,France,Ozoir-la-Ferrière,18 October 2012,2012,2012,Nova virus,Hantaviridae,PCR + sequencing,Lung tissue,36,22
24044372-003,Natural direct detection,Sequence-confirmed direct viral RNA detection,No,Positive,S0176,Talpa europaea,Talpidae,France,Ozoir-la-Ferrière,21 February 2013,2013,2013,Nova virus,Hantaviridae,PCR + sequencing,Lung tissue,28,18
24044372-004,Natural direct detection,Sequence-confirmed direct viral RNA detection,No,Positive,S0176,Talpa europaea,Talpidae,France,Beauvais — Le Plan d’eau du Canada,3 March 2013,2013,2013,Nova virus,Hantaviridae,PCR + sequencing,Lung tissue,30,21
24044372-005,Natural direct detection,Sequence-confirmed direct viral RNA detection,No,Positive,S0176,Talpa europaea,Talpidae,France,Ozoir-la-Ferrière and Beauvais,October 2012 to March 2013,2012,2013,Nova virus,Hantaviridae,PCR + sequencing,Lung tissue,41,26
24044372-006,Natural direct detection,Sequence-confirmed direct viral RNA detection,No,Positive,S0176,Talpa europaea,Talpidae,France,Ozoir-la-Ferrière and Beauvais,October 2012 to March 2013,2012,2013,Nova virus,Hantaviridae,PCR + sequencing,Lung tissue,53,35
24044372-007,Natural direct detection,Viral sequence characterization,No,Positive,S0176,Talpa europaea,Talpidae,France,Ozoir-la-Ferrière,October 2012 to March 2013,2012,2013,Nova virus,Hantaviridae,PCR + sequencing,Lung tissue,1,1
24044372-008,Natural direct detection,Viral sequence characterization,No,Positive,S0176,Talpa europaea,Talpidae,France,Ozoir-la-Ferrière,October 2012 to March 2013,2012,2013,Nova virus,Hantaviridae,PCR + sequencing,Lung tissue,1,1
24044372-009,Natural direct detection,Viral sequence characterization,No,Positive,S0176,Talpa europaea,Talpidae,France,Ozoir-la-Ferrière,October 2012 to March 2013,2012,2013,Nova virus,Hantaviridae,PCR + sequencing,Lung tissue,1,1
24044372-010,Natural direct detection,Viral sequence characterization,No,Positive,S0176,Talpa europaea,Talpidae,France,Ozoir-la-Ferrière,October 2012 to March 2013,2012,2013,Nova virus,Hantaviridae,PCR + sequencing,Lung tissue,1,1
24044372-011,Natural direct detection,Viral sequence characterization,No,Positive,S0176,Talpa europaea,Talpidae,France,Beauvais,October 2012 to March 2013,2012,2013,Nova virus,Hantaviridae,PCR + sequencing,Lung tissue,1,1
24044372-012,Natural direct detection,Viral sequence characterization,No,Positive,S0176,Talpa europaea,Talpidae,France,Beauvais,October 2012 to March 2013,2012,2013,Nova virus,Hantaviridae,PCR + sequencing,Lung tissue,1,1
24044372-013,Natural direct detection,Viral sequence characterization,No,Positive,S0176,Talpa europaea,Talpidae,France,Beauvais,October 2012 to March 2013,2012,2013,Nova virus,Hantaviridae,PCR + sequencing,Lung tissue,1,1
24044372-014,Natural direct detection,Viral sequence characterization,No,Positive,S0176,Talpa europaea,Talpidae,France,Beauvais,October 2012 to March 2013,2012,2013,Nova virus,Hantaviridae,PCR + sequencing,Lung tissue,1,1
24044372-015,Natural direct detection,Viral sequence characterization,No,Positive,S0176,Talpa europaea,Talpidae,France,Beauvais,October 2012 to March 2013,2012,2013,Nova virus,Hantaviridae,PCR + sequencing,Lung tissue,1,1
24044372-016,Natural direct detection,Viral sequence characterization,No,Positive,S0176,Talpa europaea,Talpidae,France,Beauvais,October 2012 to March 2013,2012,2013,Nova virus,Hantaviridae,PCR + sequencing,Lung tissue,1,1
24044372-017,Natural direct detection,Viral sequence characterization,No,Positive,S0176,Talpa europaea,Talpidae,France,Beauvais,October 2012 to March 2013,2012,2013,Nova virus,Hantaviridae,PCR + sequencing,Lung tissue,1,1
18854415-001,Natural direct detection,Direct viral RNA screening — negative,Yes,Negative,S0177,Sorex caecutiens,Soricidae,Japan,Not reported,October 2006 to April 2008; ASAV-positive shrew moles were captured in February and April 2008,2006,2008,Hantavirus spp.,Hantaviridae,PCR + sequencing,Lung tissue,3,0
18854415-002,Natural direct detection,Direct viral RNA screening — negative,Yes,Negative,S0177,Sorex gracillimus,Soricidae,Japan,Not reported,October 2006 to April 2008; ASAV-positive shrew moles were captured in February and April 2008,2006,2008,Hantavirus spp.,Hantaviridae,PCR + sequencing,Lung tissue,5,0
18854415-003,Natural direct detection,Direct viral RNA screening — negative,Yes,Negative,S0177,Sorex unguiculatus,Soricidae,Japan,Not reported,October 2006 to April 2008; ASAV-positive shrew moles were captured in February and April 2008,2006,2008,Hantavirus spp.,Hantaviridae,PCR + sequencing,Lung tissue,6,0
18854415-004,Natural direct detection,Direct viral RNA screening — negative,Yes,Negative,S0177,Crocidura dsinezumi,Soricidae,Japan,Not reported,October 2006 to April 2008; ASAV-positive shrew moles were captured in February and April 2008,2006,2008,Hantavirus spp.,Hantaviridae,PCR + sequencing,Lung tissue,1,0
18854415-005,Natural direct detection,Sequence-confirmed direct viral RNA detection,Yes,Positive,S0177,Urotrichus talpoides,Talpidae,Japan,Not reported,October 2006 to April 2008; ASAV-positive shrew moles were captured in February and April 2008,2006,2008,Asama virus,Hantaviridae,PCR + sequencing,Lung tissue,6,3
18854415-006,Natural direct detection,Sequence-confirmed direct viral RNA detection,No,Positive,S0177,Urotrichus talpoides,Talpidae,Japan,"Ohtani, Mie Prefecture",October 2006 to April 2008; ASAV-positive shrew moles were captured in February and April 2008,2006,2008,Asama virus,Hantaviridae,PCR + sequencing,Lung tissue,2,1
18854415-007,Natural direct detection,Sequence-confirmed direct viral RNA detection,No,Positive,S0177,Urotrichus talpoides,Talpidae,Japan,"Near Asama River, Mie Prefecture",October 2006 to April 2008; ASAV-positive shrew moles were captured in February and April 2008,2006,2008,Asama virus,Hantaviridae,PCR + sequencing,Lung tissue,3,2
18854415-008,Natural direct detection,Complete/near-complete viral genome characterization,No,Positive,S0177,Urotrichus talpoides,Talpidae,Japan,Mie Prefecture; exact strain-to-site mapping not explicitly stated in main text,October 2006 to April 2008; ASAV-positive shrew moles were captured in February and April 2008,2006,2008,Asama virus,Hantaviridae,PCR + sequencing,Lung tissue,1,1
18854415-009,Natural direct detection,Complete/near-complete viral genome characterization,No,Positive,S0177,Urotrichus talpoides,Talpidae,Japan,Mie Prefecture; exact strain-to-site mapping not explicitly stated in main text,October 2006 to April 2008; ASAV-positive shrew moles were captured in February and April 2008,2006,2008,Asama virus,Hantaviridae,PCR + sequencing,Lung tissue,1,1
18854415-010,Natural direct detection,Complete/near-complete viral genome characterization,No,Positive,S0177,Urotrichus talpoides,Talpidae,Japan,Mie Prefecture; exact strain-to-site mapping not explicitly stated in main text,October 2006 to April 2008; ASAV-positive shrew moles were captured in February and April 2008,2006,2008,Asama virus,Hantaviridae,PCR + sequencing,Lung tissue,1,1
19357167-001,Serology,Serological exposure,Yes,Positive,S0178,Crocidura lasiura,Soricidae,Republic of Korea,"Paju City, Yeoncheon County and Pocheon City near the DMZ",2004–2005,2004,2005,Imjin virus,Hantaviridae,Serology,Serum,115,18
19357167-002,Natural direct detection,Sequence-confirmed direct viral RNA detection,Yes,Positive,S0178,Crocidura lasiura,Soricidae,Republic of Korea,"Paju City, Yeoncheon County and Pocheon City near the DMZ",2004–2005,2004,2005,Imjin virus,Hantaviridae,PCR + sequencing,Lung tissue; viral RNA also demonstrated in liver and spleen of positives,115,7
19357167-003,Serology,Serological exposure,No,Positive,S0178,Crocidura lasiura,Soricidae,Republic of Korea,"Paju City, Yeoncheon County and Pocheon City near the DMZ",2004–2005,2004,2005,Imjin virus,Hantaviridae,Serology,Serum,55,13
19357167-004,Serology,Serological exposure,No,Positive,S0178,Crocidura lasiura,Soricidae,Republic of Korea,"Paju City, Yeoncheon County and Pocheon City near the DMZ",2004–2005,2004,2005,Imjin virus,Hantaviridae,Serology,Serum,60,5
19357167-005,Natural direct detection,Direct viral RNA detection,No,Positive,S0178,Crocidura lasiura,Soricidae,Republic of Korea,"Paju City, Yeoncheon County and Pocheon City near the DMZ",2004–2005,2004,2005,Imjin virus,Hantaviridae,PCR / RT-PCR,Lung tissue,55,5
19357167-006,Natural direct detection,Direct viral RNA detection,No,Positive,S0178,Crocidura lasiura,Soricidae,Republic of Korea,"Paju City, Yeoncheon County and Pocheon City near the DMZ",2004–2005,2004,2005,Imjin virus,Hantaviridae,PCR / RT-PCR,Lung tissue,60,2
19357167-007,Serology,Serological exposure,No,Positive,S0178,Crocidura lasiura,Soricidae,Republic of Korea,"Paju City, trap site DN",2004–2005,2004,2005,Imjin virus,Hantaviridae,Serology,Serum,12,3
19357167-008,Natural direct detection,Direct viral RNA detection,No,Positive,S0178,Crocidura lasiura,Soricidae,Republic of Korea,"Paju City, trap site DN",2004–2005,2004,2005,Imjin virus,Hantaviridae,PCR / RT-PCR,Lung tissue,12,2
19357167-009,Serology,Serological exposure,No,Positive,S0178,Crocidura lasiura,Soricidae,Republic of Korea,"Paju City, trap site SR",2004–2005,2004,2005,Imjin virus,Hantaviridae,Serology,Serum,3,1
19357167-010,Natural direct detection,Direct viral RNA detection,No,Positive,S0178,Crocidura lasiura,Soricidae,Republic of Korea,"Paju City, trap site SR",2004–2005,2004,2005,Imjin virus,Hantaviridae,PCR / RT-PCR,Lung tissue,3,1
19357167-011,Serology,Serological exposure,No,Negative,S0178,Crocidura lasiura,Soricidae,Republic of Korea,"Paju City, trap site M7",2004–2005,2004,2005,Imjin virus,Hantaviridae,Serology,Serum,4,0
19357167-012,Natural direct detection,Direct viral RNA detection,No,Negative,S0178,Crocidura lasiura,Soricidae,Republic of Korea,"Paju City, trap site M7",2004–2005,2004,2005,Imjin virus,Hantaviridae,PCR / RT-PCR,Lung tissue,4,0
19357167-013,Serology,Serological exposure,No,Negative,S0178,Crocidura lasiura,Soricidae,Republic of Korea,"Paju City, trap site NC",2004–2005,2004,2005,Imjin virus,Hantaviridae,Serology,Serum,1,0
19357167-014,Natural direct detection,Direct viral RNA detection,No,Negative,S0178,Crocidura lasiura,Soricidae,Republic of Korea,"Paju City, trap site NC",2004–2005,2004,2005,Imjin virus,Hantaviridae,PCR / RT-PCR,Lung tissue,1,0
19357167-015,Serology,Serological exposure,No,Negative,S0178,Crocidura lasiura,Soricidae,Republic of Korea,"Paju City, trap site TB",2004–2005,2004,2005,Imjin virus,Hantaviridae,Serology,Serum,1,0
19357167-016,Natural direct detection,Direct viral RNA detection,No,Negative,S0178,Crocidura lasiura,Soricidae,Republic of Korea,"Paju City, trap site TB",2004–2005,2004,2005,Imjin virus,Hantaviridae,PCR / RT-PCR,Lung tissue,1,0
19357167-017,Serology,Serological exposure,No,Negative,S0178,Crocidura lasiura,Soricidae,Republic of Korea,"Paju City, trap site WB",2004–2005,2004,2005,Imjin virus,Hantaviridae,Serology,Serum,1,0
19357167-018,Natural direct detection,Direct viral RNA detection,No,Negative,S0178,Crocidura lasiura,Soricidae,Republic of Korea,"Paju City, trap site WB",2004–2005,2004,2005,Imjin virus,Hantaviridae,PCR / RT-PCR,Lung tissue,1,0
19357167-019,Serology,Serological exposure,No,Positive,S0178,Crocidura lasiura,Soricidae,Republic of Korea,"Yeoncheon County, trap site CH",2004–2005,2004,2005,Imjin virus,Hantaviridae,Serology,Serum,8,1
19357167-020,Natural direct detection,Direct viral RNA detection,No,Negative,S0178,Crocidura lasiura,Soricidae,Republic of Korea,"Yeoncheon County, trap site CH",2004–2005,2004,2005,Imjin virus,Hantaviridae,PCR / RT-PCR,Lung tissue,8,0
19357167-021,Serology,Serological exposure,No,Positive,S0178,Crocidura lasiura,Soricidae,Republic of Korea,"Yeoncheon County, trap site L1",2004–2005,2004,2005,Imjin virus,Hantaviridae,Serology,Serum,2,2
19357167-022,Natural direct detection,Direct viral RNA detection,No,Positive,S0178,Crocidura lasiura,Soricidae,Republic of Korea,"Yeoncheon County, trap site L1",2004–2005,2004,2005,Imjin virus,Hantaviridae,PCR / RT-PCR,Lung tissue,2,1
19357167-023,Serology,Serological exposure,No,Positive,S0178,Crocidura lasiura,Soricidae,Republic of Korea,"Yeoncheon County, trap site L2",2004–2005,2004,2005,Imjin virus,Hantaviridae,Serology,Serum,3,1
19357167-024,Natural direct detection,Direct viral RNA detection,No,Negative,S0178,Crocidura lasiura,Soricidae,Republic of Korea,"Yeoncheon County, trap site L2",2004–2005,2004,2005,Imjin virus,Hantaviridae,PCR / RT-PCR,Lung tissue,3,0
19357167-025,Serology,Serological exposure,No,Positive,S0178,Crocidura lasiura,Soricidae,Republic of Korea,"Yeoncheon County, trap site L3",2004–2005,2004,2005,Imjin virus,Hantaviridae,Serology,Serum,3,2
19357167-026,Natural direct detection,Direct viral RNA detection,No,Positive,S0178,Crocidura lasiura,Soricidae,Republic of Korea,"Yeoncheon County, trap site L3",2004–2005,2004,2005,Imjin virus,Hantaviridae,PCR / RT-PCR,Lung tissue,3,1
19357167-027,Serology,Serological exposure,No,Positive,S0178,Crocidura lasiura,Soricidae,Republic of Korea,"Yeoncheon County, trap site F1",2004–2005,2004,2005,Imjin virus,Hantaviridae,Serology,Serum,6,1
19357167-028,Natural direct detection,Direct viral RNA detection,No,Positive,S0178,Crocidura lasiura,Soricidae,Republic of Korea,"Yeoncheon County, trap site F1",2004–2005,2004,2005,Imjin virus,Hantaviridae,PCR / RT-PCR,Lung tissue,6,1
19357167-029,Serology,Serological exposure,No,Positive,S0178,Crocidura lasiura,Soricidae,Republic of Korea,"Yeoncheon County, trap site F2",2004–2005,2004,2005,Imjin virus,Hantaviridae,Serology,Serum,43,4
19357167-030,Natural direct detection,Direct viral RNA detection,No,Negative,S0178,Crocidura lasiura,Soricidae,Republic of Korea,"Yeoncheon County, trap site F2",2004–2005,2004,2005,Imjin virus,Hantaviridae,PCR / RT-PCR,Lung tissue,43,0
19357167-031,Serology,Serological exposure,No,Positive,S0178,Crocidura lasiura,Soricidae,Republic of Korea,"Pocheon City, trap site MP",2004–2005,2004,2005,Imjin virus,Hantaviridae,Serology,Serum,28,3
19357167-032,Natural direct detection,Direct viral RNA detection,No,Positive,S0178,Crocidura lasiura,Soricidae,Republic of Korea,"Pocheon City, trap site MP",2004–2005,2004,2005,Imjin virus,Hantaviridae,PCR / RT-PCR,Lung tissue,28,1
19357167-033,Natural direct detection,Successful virus isolation,No,Positive,S0178,Crocidura lasiura,Soricidae,Republic of Korea,"Paju City, Yeoncheon County and Pocheon City near the DMZ",2004–2005,2004,2005,Imjin virus,Hantaviridae,PCR / RT-PCR,Lung tissue homogenate,7,2
19357167-034,Natural direct detection,Virus isolation and genome characterization,No,Positive,S0178,Crocidura lasiura,Soricidae,Republic of Korea,"Paju City, Yeoncheon County and Pocheon City near the DMZ",2004–2005,2004,2005,Imjin virus,Hantaviridae,PCR + sequencing,Lung tissue / Vero E6 isolate,1,1
19357167-035,Natural direct detection,Virus isolation and genome characterization,No,Positive,S0178,Crocidura lasiura,Soricidae,Republic of Korea,"Paju City, Yeoncheon County and Pocheon City near the DMZ",2004–2005,2004,2005,Imjin virus,Hantaviridae,PCR + sequencing,Lung tissue / Vero E6 isolate,1,1
19394994-001,Natural direct detection,Sequence-confirmed direct viral RNA detection,Yes,Positive,S0179,Neurotrichus gibbsii,Talpidae,United States,Oregon,July–October 2003,2003,2003,Oxbow virus (OXBV),Hantaviridae,PCR + sequencing,Multiple tissues,10,1
19394994-002,Natural direct detection,Sequence-confirmed direct viral RNA detection,No,Positive,S0179,Neurotrichus gibbsii,Talpidae,United States,"Oxbow Regional Park, Gresham, Oregon",July–October 2003,2003,2003,Oxbow virus (OXBV),Hantaviridae,PCR + sequencing,Multiple tissues,5,1
19394994-003,Natural direct detection,Direct viral RNA screening — negative,No,Negative,S0179,Neurotrichus gibbsii,Talpidae,United States,"Tryon Creek State Park, Multnomah County, Oregon",July–October 2003,2003,2003,Oxbow virus (OXBV),Hantaviridae,PCR + sequencing,Multiple tissues,1,0
19394994-004,Natural direct detection,Direct viral RNA screening — negative,No,Negative,S0179,Neurotrichus gibbsii,Talpidae,United States,"Tualatin River National Wildlife Refuge, Washington County, Oregon",July–October 2003,2003,2003,Oxbow virus (OXBV),Hantaviridae,PCR + sequencing,Multiple tissues,4,0
19394994-005,Natural direct detection,Direct viral RNA tissue characterization,No,Positive,S0179,Neurotrichus gibbsii,Talpidae,United States,"Oxbow Regional Park, Gresham, Oregon",September 2003,2003,2003,Oxbow virus (OXBV),Hantaviridae,PCR + sequencing,"Lung, kidney, heart, salivary gland, adrenal gland, stomach, large intestine and terminal colon",1,1
19394994-006,Natural direct detection,Viral genome characterization,No,Positive,S0179,Neurotrichus gibbsii,Talpidae,United States,"Oxbow Regional Park, Gresham, Oregon",September 2003,2003,2003,Oxbow virus (OXBV),Hantaviridae,PCR + sequencing,Tissues from OXBV-positive mole,1,1
19582155-001,Natural direct detection,Direct viral RNA screening — negative,Yes,Negative,S0180,Uropsilus soricipes,Talpidae,United States and/or China; exact species-to-country mapping not specified in main text,Not reported,"European common moles: 1997, 1999 and 2000; other mole species: 1984 or 2005",1984,2005,Hantavirus spp.,Hantaviridae,PCR + sequencing,Frozen liver or heart and kidney tissues,5,0
19582155-002,Natural direct detection,Direct viral RNA screening — negative,Yes,Negative,S0180,Scapanus orarius,Talpidae,United States and/or China; exact species-to-country mapping not specified in main text,Not reported,"European common moles: 1997, 1999 and 2000; other mole species: 1984 or 2005",1984,2005,Hantavirus spp.,Hantaviridae,PCR + sequencing,Frozen liver or heart and kidney tissues,2,0
19582155-003,Natural direct detection,Direct viral RNA screening — negative,Yes,Negative,S0180,Scapanus townsendii,Talpidae,United States and/or China; exact species-to-country mapping not specified in main text,Not reported,"European common moles: 1997, 1999 and 2000; other mole species: 1984 or 2005",1984,2005,Hantavirus spp.,Hantaviridae,PCR + sequencing,Frozen liver or heart and kidney tissues,2,0
19582155-004,Natural direct detection,Direct viral RNA screening — negative,Yes,Negative,S0180,Scapanus latimanus,Talpidae,United States and/or China; exact species-to-country mapping not specified in main text,Not reported,"European common moles: 1997, 1999 and 2000; other mole species: 1984 or 2005",1984,2005,Hantavirus spp.,Hantaviridae,PCR + sequencing,Frozen liver or heart and kidney tissues,2,0
19582155-005,Natural direct detection,Direct viral RNA screening — negative,Yes,Negative,S0180,Scaptonyx fusicauda,Talpidae,United States and/or China; exact species-to-country mapping not specified in main text,Not reported,"European common moles: 1997, 1999 and 2000; other mole species: 1984 or 2005",1984,2005,Hantavirus spp.,Hantaviridae,PCR + sequencing,Frozen liver or heart and kidney tissues,2,0
19582155-006,Natural direct detection,Sequence-confirmed direct viral RNA detection,Yes,Positive,S0180,Talpa europaea,Talpidae,Hungary,"Zala County, Hungary","European common moles: 1997, 1999 and 2000; other mole species: 1984 or 2005",1984,2005,Nova virus,Hantaviridae,PCR + sequencing,Frozen liver or heart and kidney tissues,6,1
19582155-007,Natural direct detection,Viral genome characterization,No,Positive,S0180,Talpa europaea,Talpidae,Hungary,"4 km northwest of Nova, Zala County",July 1999,1999,1999,Nova virus,Hantaviridae,PCR + sequencing,Frozen liver or heart and kidney tissues,1,1
19930716-001,Natural direct detection,Sequence-confirmed direct viral RNA detection,Yes,Positive,S0181,Sorex araneus,Soricidae,Finland,Multiple administrative districts,"Finland: 1982; Hungary: 1997, 1999 and 2000",1982,2000,Seewis virus (SWSV),Hantaviridae,PCR + sequencing,Liver tissue,22,12
19930716-002,Natural direct detection,Sequence-confirmed direct viral RNA detection,Yes,Positive,S0181,Sorex araneus,Soricidae,Hungary,Multiple administrative districts,"Finland: 1982; Hungary: 1997, 1999 and 2000",1982,2000,Seewis virus (SWSV),Hantaviridae,PCR + sequencing,Liver tissue,66,13
19930716-003,Natural direct detection,Sequence-confirmed direct viral RNA detection,No,Positive,S0181,Sorex araneus,Soricidae,Finland,Etelä-Suomen Lääni,1982,1982,1982,Seewis virus (SWSV),Hantaviridae,PCR + sequencing,Liver tissue,10,4
19930716-004,Natural direct detection,Sequence-confirmed direct viral RNA detection,No,Positive,S0181,Sorex araneus,Soricidae,Finland,Lappi,1982,1982,1982,Seewis virus (SWSV),Hantaviridae,PCR + sequencing,Liver tissue,3,1
19930716-005,Natural direct detection,Sequence-confirmed direct viral RNA detection,No,Positive,S0181,Sorex araneus,Soricidae,Finland,Oulun Lääni,1982,1982,1982,Seewis virus (SWSV),Hantaviridae,PCR + sequencing,Liver tissue,9,7
19930716-006,Natural direct detection,Sequence-confirmed direct viral RNA detection,No,Positive,S0181,Sorex araneus,Soricidae,Hungary,Györ-Sopron-Moson,1997,1997,1997,Seewis virus (SWSV),Hantaviridae,PCR + sequencing,Liver tissue,18,10
19930716-007,Natural direct detection,Sequence-confirmed direct viral RNA detection,No,Positive,S0181,Sorex araneus,Soricidae,Hungary,Zala,1999 and 2000,1999,2000,Seewis virus (SWSV),Hantaviridae,PCR + sequencing,Liver tissue,48,3
19930716-008,Natural direct detection,Viral sequence and host confirmation,No,Positive,S0181,Sorex araneus,Soricidae,Finland and Hungary,Not reported,"Finland: 1982; Hungary: 1997, 1999 and 2000",1982,2000,Seewis virus (SWSV),Hantaviridae,PCR + sequencing,Liver tissue,25,25
20133953-001,Natural direct detection,BDV antigen/RNA screening — negative,Yes,Negative,S0182,Sorex araneus,Soricidae,Switzerland,"Seewis, Praettigau Valley",2004–2006; the two positive shrews were trapped in August 2006,2004,2006,Borna disease virus 1,Bornaviridae,PCR + sequencing,Brain and multiple visceral/peripheral organs,6,0
20133953-002,Natural direct detection,Multi-method confirmed natural infection,Yes,Positive,S0182,Crocidura leucodon,Soricidae,Switzerland,"Seewis, Praettigau Valley",2004–2006; the two positive shrews were trapped in August 2006,2004,2006,Borna disease virus 1,Bornaviridae,PCR + sequencing,Brain and multiple visceral/peripheral organs,6,2
20133953-003,Natural direct detection,Multi-method confirmation of natural infection,No,Positive,S0182,Crocidura leucodon,Soricidae,Switzerland,"Seewis, Praettigau Valley",August 2006,2006,2006,Borna disease virus 1,Bornaviridae,PCR + sequencing,Brain and multiple visceral/peripheral organs,1,1
20133953-004,Natural direct detection,Multi-method confirmation of natural infection,No,Positive,S0182,Crocidura leucodon,Soricidae,Switzerland,"Seewis, Praettigau Valley",August 2006,2006,2006,Borna disease virus 1,Bornaviridae,PCR + sequencing,Brain and multiple visceral/peripheral organs,1,1
20133953-005,Natural direct detection,BDV antigen and RNA tissue characterization,No,Positive,S0182,Crocidura leucodon,Soricidae,Switzerland,"Seewis, Praettigau Valley",2004–2006; the two positive shrews were trapped in August 2006,2004,2006,Borna disease virus 1,Bornaviridae,PCR + sequencing,"Brain, eye/optic nerve, skull/respiratory epithelium, heart, spleen, liver, kidney, lung, adrenal gland, salivary gland, skin, urinary bladder, reproductive organs, stomach and intestine",2,2
20133953-006,Natural direct detection,Direct viral RNA testing — negative,No,Negative,S0182,Crocidura leucodon,Soricidae,Switzerland,"Seewis, Praettigau Valley",2004–2006; the two positive shrews were trapped in August 2006,2004,2006,Borna disease virus 1,Bornaviridae,PCR / RT-PCR,Urine collected on blotting paper,2,0
20419812-001,Natural direct detection,Hantavirus antigen screening — negative,Yes,Negative,S0183,Crocidura attenuata,Soricidae,China,"Cixi and Wenzhou coastal areas, Zhejiang Province",2006–2007,2006,2007,Hantavirus spp. (untyped shrew antigen),Hantaviridae,Antigen detection,Lung tissue,3,0
20419812-002,Natural direct detection,Hantavirus antigen detection,Yes,Positive,S0183,Suncus murinus,Soricidae,China,"Cixi and Wenzhou coastal areas, Zhejiang Province",2006–2007,2006,2007,Hantavirus spp. (untyped shrew antigen),Hantaviridae,Antigen detection,Lung tissue,196,6
20419812-003,Natural direct detection,Hantavirus antigen screening — negative,No,Negative,S0183,Crocidura attenuata,Soricidae,China,Ruian fields,2006–2007,2006,2007,Hantavirus spp. (untyped shrew antigen),Hantaviridae,Antigen detection,Lung tissue,1,0
20419812-004,Natural direct detection,Hantavirus antigen screening — negative,No,Negative,S0183,Crocidura attenuata,Soricidae,China,Ruian residential areas,2006–2007,2006,2007,Hantavirus spp. (untyped shrew antigen),Hantaviridae,Antigen detection,Lung tissue,2,0
20419812-005,Natural direct detection,Hantavirus antigen screening — negative,No,Negative,S0183,Suncus murinus,Soricidae,China,Cixi fields,2006–2007,2006,2007,Hantavirus spp. (untyped shrew antigen),Hantaviridae,Antigen detection,Lung tissue,12,0
20419812-006,Natural direct detection,Hantavirus antigen screening — negative,No,Negative,S0183,Suncus murinus,Soricidae,China,Cixi residential areas,2006–2007,2006,2007,Hantavirus spp. (untyped shrew antigen),Hantaviridae,Antigen detection,Lung tissue,11,0
20419812-007,Natural direct detection,Hantavirus antigen screening — negative,No,Negative,S0183,Suncus murinus,Soricidae,China,Ouhai fields,2006–2007,2006,2007,Hantavirus spp. (untyped shrew antigen),Hantaviridae,Antigen detection,Lung tissue,21,0
20419812-008,Natural direct detection,Hantavirus antigen detection,No,Positive,S0183,Suncus murinus,Soricidae,China,Ouhai residential areas,2006–2007,2006,2007,Hantavirus spp. (untyped shrew antigen),Hantaviridae,Antigen detection,Lung tissue,78,3
20419812-009,Natural direct detection,Hantavirus antigen detection,No,Positive,S0183,Suncus murinus,Soricidae,China,Ruian fields,2006–2007,2006,2007,Hantavirus spp. (untyped shrew antigen),Hantaviridae,Antigen detection,Lung tissue,54,2
20419812-010,Natural direct detection,Hantavirus antigen detection,No,Positive,S0183,Suncus murinus,Soricidae,China,Ruian residential areas,2006–2007,2006,2007,Hantavirus spp. (untyped shrew antigen),Hantaviridae,Antigen detection,Lung tissue,20,1
20420534-001,Natural direct detection,Hantavirus antigen screening — negative,Yes,Negative,S0184,Sorex araneus,Soricidae,Czech Republic,Agricultural landscape in southern Moravia,March 2000 to December 2004,2000,2004,Tula virus,Hantaviridae,Antigen detection,Lung tissue,5,0
20420534-002,Natural direct detection,Hantavirus antigen screening — negative,Yes,Negative,S0184,Sorex minutus,Soricidae,Czech Republic,Agricultural landscape in southern Moravia,March 2000 to December 2004,2000,2004,Tula virus,Hantaviridae,Antigen detection,Lung tissue,3,0
20426682-001,Natural direct detection,Direct viral RNA screening — negative,Yes,Negative,S0185,Sorex daphaenodon,Soricidae,Russia,"Sakha Republic, northeastern Siberia",July and August 2006,2006,2006,Hantavirus spp.,Hantaviridae,PCR + sequencing,Liver and/or lung tissue,4,0
20426682-002,Natural direct detection,Direct viral RNA screening — negative,Yes,Negative,S0185,Sorex minutissimus,Soricidae,Russia,"Sakha Republic, northeastern Siberia",July and August 2006,2006,2006,Hantavirus spp.,Hantaviridae,PCR + sequencing,Liver and/or lung tissue,5,0
20426682-003,Natural direct detection,Sequence-confirmed direct viral RNA detection,Yes,Positive,S0185,Sorex roboratus,Soricidae,Russia,"Sakha Republic, northeastern Siberia",July and August 2006,2006,2006,Kenkeme virus,Hantaviridae,PCR + sequencing,Liver and/or lung tissue,12,1
20426682-004,Natural direct detection,Direct viral RNA screening — negative,Yes,Negative,S0185,Sorex tundrensis,Soricidae,Russia,"Sakha Republic, northeastern Siberia",July and August 2006,2006,2006,Hantavirus spp.,Hantaviridae,PCR + sequencing,Liver and/or lung tissue,18,0
20426682-005,Natural direct detection,Viral genome characterization,No,Positive,S0185,Sorex roboratus,Soricidae,Russia,"Near Kenkeme River, 40 km west of Yakutsk (62.070038, 128.938318)",July and August 2006,2006,2006,Kenkeme virus,Hantaviridae,PCR + sequencing,Liver and/or lung tissue,1,1
20426688-001,Natural direct detection,Sequence-confirmed direct viral RNA detection,Yes,Positive,S0186,Sorex araneus,Soricidae,Russia,Western and Eastern Siberia,June 2007 to September 2008,2007,2008,Seewis virus (SWSV) genetic variants,Hantaviridae,PCR + sequencing,Lung tissue,45,11
20426688-002,Natural direct detection,Direct viral RNA screening — negative,Yes,Negative,S0186,Sorex caecutiens,Soricidae,Russia,Western and Eastern Siberia,June 2007 to September 2008,2007,2008,Seewis virus (SWSV) genetic variants,Hantaviridae,PCR + sequencing,Lung tissue,4,0
20426688-003,Natural direct detection,Sequence-confirmed direct viral RNA detection,Yes,Positive,S0186,Sorex daphaenodon,Soricidae,Russia,Western and Eastern Siberia,June 2007 to September 2008,2007,2008,Seewis virus (SWSV) genetic variants,Hantaviridae,PCR + sequencing,Lung tissue,3,2
20426688-004,Natural direct detection,Direct viral RNA screening — negative,Yes,Negative,S0186,Sorex minutus,Soricidae,Russia,Western and Eastern Siberia,June 2007 to September 2008,2007,2008,Seewis virus (SWSV) genetic variants,Hantaviridae,PCR + sequencing,Lung tissue,9,0
20426688-005,Natural direct detection,Sequence-confirmed direct viral RNA detection,Yes,Positive,S0186,Sorex tundrensis,Soricidae,Russia,Western and Eastern Siberia,June 2007 to September 2008,2007,2008,Seewis virus (SWSV) genetic variants,Hantaviridae,PCR + sequencing,Lung tissue,28,2
20426688-006,Natural direct detection,Direct viral RNA screening — negative,Yes,Negative,S0186,Crocidura sibirica,Soricidae,Russia,Western and Eastern Siberia,June 2007 to September 2008,2007,2008,Seewis virus (SWSV) genetic variants,Hantaviridae,PCR + sequencing,Lung tissue,6,0
20426688-007,Natural direct detection,Sequence-confirmed direct viral RNA detection,No,Positive,S0186,Sorex araneus,Soricidae,Russia,"Teletskoye Lake, Altai Republic",June 2007 to September 2008,2007,2008,Seewis virus (SWSV) genetic variants,Hantaviridae,PCR + sequencing,Lung tissue,9,5
20426688-008,Natural direct detection,Sequence-confirmed direct viral RNA detection,No,Positive,S0186,Sorex araneus,Soricidae,Russia,"East Sayan, Krasnoyarsk Krai",June 2007 to September 2008,2007,2008,Seewis virus (SWSV) genetic variants,Hantaviridae,PCR + sequencing,Lung tissue,2,2
20426688-009,Natural direct detection,Sequence-confirmed direct viral RNA detection,No,Positive,S0186,Sorex araneus,Soricidae,Russia,"Parnaya, Krasnoyarsk Krai",June 2007 to September 2008,2007,2008,Seewis virus (SWSV) genetic variants,Hantaviridae,PCR + sequencing,Lung tissue,3,1
20426688-010,Natural direct detection,Sequence-confirmed direct viral RNA detection,No,Positive,S0186,Sorex araneus,Soricidae,Russia,"Krapivino, Kemerovo Oblast",June 2007 to September 2008,2007,2008,Seewis virus (SWSV) genetic variants,Hantaviridae,PCR + sequencing,Lung tissue,6,1
20426688-011,Natural direct detection,Sequence-confirmed direct viral RNA detection,No,Positive,S0186,Sorex araneus,Soricidae,Russia,"Novosibirsk City, Novosibirsk Oblast",June 2007 to September 2008,2007,2008,Seewis virus (SWSV) genetic variants,Hantaviridae,PCR + sequencing,Lung tissue,6,1
20426688-012,Natural direct detection,Sequence-confirmed direct viral RNA detection,No,Positive,S0186,Sorex araneus,Soricidae,Russia,"Karasuk, Novosibirsk Oblast",June 2007 to September 2008,2007,2008,Seewis virus (SWSV) genetic variants,Hantaviridae,PCR + sequencing,Lung tissue,13,1
20426688-013,Natural direct detection,Sequence-confirmed direct viral RNA detection,No,Positive,S0186,Sorex daphaenodon,Soricidae,Russia,"Irkutsk City, Irkutsk Oblast",June 2007 to September 2008,2007,2008,Seewis virus (SWSV) genetic variants,Hantaviridae,PCR + sequencing,Lung tissue,2,2
20426688-014,Natural direct detection,Sequence-confirmed direct viral RNA detection,No,Positive,S0186,Sorex tundrensis,Soricidae,Russia,"Irkutsk City, Irkutsk Oblast",June 2007 to September 2008,2007,2008,Seewis virus (SWSV) genetic variants,Hantaviridae,PCR + sequencing,Lung tissue,2,1
20426688-015,Natural direct detection,Sequence-confirmed direct viral RNA detection,No,Positive,S0186,Sorex tundrensis,Soricidae,Russia,"Karasuk, Novosibirsk Oblast",June 2007 to September 2008,2007,2008,Seewis virus (SWSV) genetic variants,Hantaviridae,PCR + sequencing,Lung tissue,11,1
20426688-016,Natural direct detection,Viral sequence characterization,No,Positive,S0186,Sorex araneus,Soricidae,Russia,"Altai, Teletskoye",June 2007 to September 2008,2007,2008,Seewis virus (SWSV) genetic variants,Hantaviridae,PCR + sequencing,Lung tissue,1,1
20426688-017,Natural direct detection,Viral sequence characterization,No,Positive,S0186,Sorex araneus,Soricidae,Russia,"Altai, Teletskoye",June 2007 to September 2008,2007,2008,Seewis virus (SWSV) genetic variants,Hantaviridae,PCR + sequencing,Lung tissue,1,1
20426688-018,Natural direct detection,Viral sequence characterization,No,Positive,S0186,Sorex araneus,Soricidae,Russia,"Altai, Teletskoye",June 2007 to September 2008,2007,2008,Seewis virus (SWSV) genetic variants,Hantaviridae,PCR + sequencing,Lung tissue,1,1
20426688-019,Natural direct detection,Viral sequence characterization,No,Positive,S0186,Sorex araneus,Soricidae,Russia,"Altai, Teletskoye",June 2007 to September 2008,2007,2008,Seewis virus (SWSV) genetic variants,Hantaviridae,PCR + sequencing,Lung tissue,1,1
20426688-020,Natural direct detection,Viral sequence characterization,No,Positive,S0186,Sorex araneus,Soricidae,Russia,"Altai, Teletskoye",June 2007 to September 2008,2007,2008,Seewis virus (SWSV) genetic variants,Hantaviridae,PCR + sequencing,Lung tissue,1,1
20426688-021,Natural direct detection,Viral sequence characterization,No,Positive,S0186,Sorex araneus,Soricidae,Russia,"Kemerovo, Krapivino",June 2007 to September 2008,2007,2008,Seewis virus (SWSV) genetic variants,Hantaviridae,PCR + sequencing,Lung tissue,1,1
20426688-022,Natural direct detection,Viral sequence characterization,No,Positive,S0186,Sorex araneus,Soricidae,Russia,"Novosibirsk, Novosibirsk City",June 2007 to September 2008,2007,2008,Seewis virus (SWSV) genetic variants,Hantaviridae,PCR + sequencing,Lung tissue,1,1
20426688-023,Natural direct detection,Viral sequence characterization,No,Positive,S0186,Sorex araneus,Soricidae,Russia,"Novosibirsk, Karasuk",June 2007 to September 2008,2007,2008,Seewis virus (SWSV) genetic variants,Hantaviridae,PCR + sequencing,Lung tissue,1,1
20426688-024,Natural direct detection,Viral sequence characterization,No,Positive,S0186,Sorex araneus,Soricidae,Russia,"Krasnoyarsk, East Sayan",June 2007 to September 2008,2007,2008,Seewis virus (SWSV) genetic variants,Hantaviridae,PCR + sequencing,Lung tissue,1,1
20426688-025,Natural direct detection,Viral sequence characterization,No,Positive,S0186,Sorex araneus,Soricidae,Russia,"Krasnoyarsk, East Sayan",June 2007 to September 2008,2007,2008,Seewis virus (SWSV) genetic variants,Hantaviridae,PCR + sequencing,Lung tissue,1,1
20426688-026,Natural direct detection,Viral sequence characterization,No,Positive,S0186,Sorex araneus,Soricidae,Russia,"Krasnoyarsk, Parnaya",June 2007 to September 2008,2007,2008,Seewis virus (SWSV) genetic variants,Hantaviridae,PCR + sequencing,Lung tissue,1,1
20426688-027,Natural direct detection,Viral sequence characterization,No,Positive,S0186,Sorex daphaenodon,Soricidae,Russia,"Irkutsk, Irkutsk City",June 2007 to September 2008,2007,2008,Seewis virus (SWSV) genetic variants,Hantaviridae,PCR + sequencing,Lung tissue,1,1
20426688-028,Natural direct detection,Viral sequence characterization,No,Positive,S0186,Sorex daphaenodon,Soricidae,Russia,"Irkutsk, Irkutsk City",June 2007 to September 2008,2007,2008,Seewis virus (SWSV) genetic variants,Hantaviridae,PCR + sequencing,Lung tissue,1,1
20426688-029,Natural direct detection,Viral sequence characterization,No,Positive,S0186,Sorex tundrensis,Soricidae,Russia,"Irkutsk, Irkutsk City",June 2007 to September 2008,2007,2008,Seewis virus (SWSV) genetic variants,Hantaviridae,PCR + sequencing,Lung tissue,1,1
20426688-030,Natural direct detection,Viral sequence characterization,No,Positive,S0186,Sorex tundrensis,Soricidae,Russia,"Novosibirsk, Karasuk",June 2007 to September 2008,2007,2008,Seewis virus (SWSV) genetic variants,Hantaviridae,PCR + sequencing,Lung tissue,1,1
15768102-001,Serology,Serological reactivity / exposure,Yes,Positive,S0187,Erinaceus europaeus,Erinaceidae,New Zealand,"North Canterbury, Mackenzie Basin and Manawatu",February 1998 to April 2000,1998,2000,rabbit hemorrhagic disease virus,Caliciviridae,Serology,Serum,73,4
15768102-002,Serology,Serological reactivity / exposure,No,Positive,S0187,Erinaceus europaeus,Erinaceidae,New Zealand,"North Canterbury, Mackenzie Basin and Manawatu",February 1998 to April 2000,1998,2000,rabbit hemorrhagic disease virus,Caliciviridae,Serology,Serum,34,1
15768102-003,Serology,Serological reactivity / exposure,No,Positive,S0187,Erinaceus europaeus,Erinaceidae,New Zealand,"North Canterbury, Mackenzie Basin and Manawatu",February 1998 to April 2000,1998,2000,rabbit hemorrhagic disease virus,Caliciviridae,Serology,Serum,30,2
16556344-001,Serology,Serological exposure,Yes,Positive,S0188,Sorex araneus,Soricidae,Finland,Southern and central Finland,October 2001,2001,2001,cowpox virus,Poxviridae,Serology,PBS-diluted blood recovered from the heart,101,2
16556344-002,Serology,Serological screening — negative,Yes,Negative,S0188,Sorex araneus,Soricidae,Finland,Southern and central Finland,October 2001,2001,2001,Puumala virus,Hantaviridae,Serology,PBS-diluted blood recovered from the heart,101,0
16556344-003,Serology,Serological screening — negative,Yes,Negative,S0188,Sorex araneus,Soricidae,Finland,Southern and central Finland,October 2001,2001,2001,lymphocytic choriomeningitis virus,Arenaviridae,Serology,PBS-diluted blood recovered from the heart,101,0
16584325-001,Natural direct detection,Sequence-confirmed direct viral RNA detection,Yes,Positive,S0189,Sorex araneus,Soricidae,Russia,"Forest-steppe near Novosibirsk (54°49′N, 83°05′E), Western Siberia",1998–2004 (Table 2 pooled period),1998,2004,tick-borne encephalitis virus,Flaviviridae,PCR + sequencing,Brain and/or liver tissue,48,40
16584325-002,Natural direct detection,Sequence-confirmed direct viral RNA detection,No,Positive,S0189,Sorex araneus,Soricidae,Russia,"Forest-steppe near Novosibirsk (54°49′N, 83°05′E), Western Siberia",1998–2004 (Table 2 pooled period),1998,2004,tick-borne encephalitis virus,Flaviviridae,PCR + sequencing,Brain tissue,48,28
16584325-003,Natural direct detection,Sequence-confirmed direct viral RNA detection,No,Positive,S0189,Sorex araneus,Soricidae,Russia,"Forest-steppe near Novosibirsk (54°49′N, 83°05′E), Western Siberia",1998–2004 (Table 2 pooled period),1998,2004,tick-borne encephalitis virus,Flaviviridae,PCR + sequencing,Liver tissue,48,30
16584325-004,Natural direct detection,Viral antigen detection,Yes,Positive,S0189,Sorex araneus,Soricidae,Russia,"Forest-steppe near Novosibirsk (54°49′N, 83°05′E), Western Siberia",1998–2004 (Table 2 pooled period),1998,2004,tick-borne encephalitis virus,Flaviviridae,Antigen detection,Brain and/or liver tissue,,
16584325-005,Natural direct detection,Viral antigen detection,No,Positive,S0189,Sorex araneus,Soricidae,Russia,"Forest-steppe near Novosibirsk (54°49′N, 83°05′E), Western Siberia",1998–2004 (Table 2 pooled period),1998,2004,tick-borne encephalitis virus,Flaviviridae,Antigen detection,Brain tissue,,
16584325-006,Natural direct detection,Viral antigen detection,No,Positive,S0189,Sorex araneus,Soricidae,Russia,"Forest-steppe near Novosibirsk (54°49′N, 83°05′E), Western Siberia",1998–2004 (Table 2 pooled period),1998,2004,tick-borne encephalitis virus,Flaviviridae,Antigen detection,Liver tissue,,
16584325-007,Serology,Serological exposure,Yes,Positive,S0189,Sorex araneus,Soricidae,Russia,"Forest-steppe near Novosibirsk (54°49′N, 83°05′E), Western Siberia",May–August 1995–2004,1995,2004,tick-borne encephalitis virus,Flaviviridae,Serology,Blood dried on filter-paper discs,763,
16584325-008,Serology,Serological exposure,No,Positive,S0189,Sorex araneus,Soricidae,Russia,"Forest-steppe near Novosibirsk (54°49′N, 83°05′E), Western Siberia",May–August 1995–2004,1995,2004,tick-borne encephalitis virus,Flaviviridae,Serology,Blood dried on filter-paper discs,154,
16584325-009,Serology,Serological exposure,No,Positive,S0189,Sorex araneus,Soricidae,Russia,"Forest-steppe near Novosibirsk (54°49′N, 83°05′E), Western Siberia",May–August 1995–2004,1995,2004,tick-borne encephalitis virus,Flaviviridae,Serology,Blood dried on filter-paper discs,609,
16584325-010,Indirect or contextual evidence,Bioassay performed; shrew-specific outcome not reported,No,Uncertain / not applicable,S0189,Sorex araneus,Soricidae,Russia,"Forest-steppe near Novosibirsk (54°49′N, 83°05′E), Western Siberia",Study period not separated for the eight shrew bioassay samples,,,tick-borne encephalitis virus,Flaviviridae,Virus isolation / culture,Organ homogenates from eight common shrews,8,
16704819-001,Natural direct detection,Viral antigen detection,Yes,Positive,S0190,Crocidura leucodon,Soricidae,Switzerland,"Malix near Chur, 1130 m above sea level",1999–2003,1999,2003,Borna disease virus 1,Bornaviridae,Antigen detection,Brain,3,3
16704819-002,Natural direct detection,Direct viral RNA detection,Yes,Positive,S0190,Crocidura leucodon,Soricidae,Switzerland,"Malix near Chur, 1130 m above sea level",1999–2003,1999,2003,Borna disease virus 1,Bornaviridae,PCR / RT-PCR,Brain,3,3
16704819-003,Natural direct detection,Direct viral RNA confirmation,No,Positive,S0190,Crocidura leucodon,Soricidae,Switzerland,"Malix near Chur, 1130 m above sea level",1999–2003,1999,2003,Borna disease virus 1,Bornaviridae,PCR / RT-PCR,Brain,3,3
16704819-004,Natural direct detection,Direct viral RNA detection,No,Positive,S0190,Crocidura leucodon,Soricidae,Switzerland,"Malix near Chur, 1130 m above sea level",1999–2003,1999,2003,Borna disease virus 1,Bornaviridae,PCR / RT-PCR,Heart,3,3
16704819-005,Natural direct detection,Viral antigen detection,No,Positive,S0190,Crocidura leucodon,Soricidae,Switzerland,"Malix near Chur, 1130 m above sea level",1999–2003,1999,2003,Borna disease virus 1,Bornaviridae,Antigen detection,Heart,3,1
16704819-006,Natural direct detection,Viral sequence characterization,No,Positive,S0190,Crocidura leucodon,Soricidae,Switzerland,"Malix near Chur, 1130 m above sea level",1999–2003,1999,2003,Borna disease virus 1,Bornaviridae,PCR + sequencing,Brain,1,1
17182762-001,Serology,Serologically confirmed exposure,Yes,Positive,S0191,Suncus murinus,Soricidae,Indonesia,Thousand Islands,July and October 2005,2005,2005,Thottapalayam virus,Hantaviridae,Serology,Serum,14,2
17182762-002,Serology,Serological screening with weak-reactive category,No,Positive,S0191,Suncus murinus,Soricidae,Indonesia,Thousand Islands,July and October 2005,2005,2005,Thottapalayam virus,Hantaviridae,Serology,Serum,14,1
17182762-003,Serology,Serological confirmation,No,Positive,S0191,Suncus murinus,Soricidae,Indonesia,Thousand Islands,July and October 2005,2005,2005,Thottapalayam virus,Hantaviridae,Serology,Serum,4,2
17182762-004,Serology,Serological confirmation,No,Positive,S0191,Suncus murinus,Soricidae,Indonesia,Thousand Islands,July and October 2005,2005,2005,Thottapalayam virus,Hantaviridae,Serology,Serum,4,2
17182762-005,Serology,Neutralizing-antibody confirmation,No,Positive,S0191,Suncus murinus,Soricidae,Indonesia,Thousand Islands,July and October 2005,2005,2005,Thottapalayam virus,Hantaviridae,Serology,Serum,2,1
17711577-001,Natural direct detection,Viral genome characterization,No,Positive,S0192,Suncus murinus,Soricidae,India,"Near Vellore, Tamil Nadu",1964 (original isolation),1964,1964,Thottapalayam virus,Hantaviridae,PCR + sequencing,Vero E6-grown TPMV strain VRC 66412; virus originally isolated from a shrew,,1
17967200-001,Natural direct detection,Direct viral RNA screening — negative,Yes,Negative,S0193,Crocidura leucodon,Soricidae,Switzerland,"Village of Seewis, Graubünden canton (46°59′N, 9°38′E)",August and October 2006,2006,2006,Hantavirus spp.,Hantaviridae,PCR + sequencing,Liver tissue,3,0
17967200-002,Natural direct detection,Direct viral RNA screening — negative,Yes,Negative,S0193,Neomys anomalus,Soricidae,Switzerland,"Village of Seewis, Graubünden canton (46°59′N, 9°38′E)",August and October 2006,2006,2006,Hantavirus spp.,Hantaviridae,PCR + sequencing,Lung tissue,1,0
17967200-003,Natural direct detection,Sequence-confirmed direct viral RNA detection,Yes,Positive,S0193,Sorex araneus,Soricidae,Switzerland,"Village of Seewis, Graubünden canton (46°59′N, 9°38′E)",August and October 2006,2006,2006,Seewis virus (SWSV),Hantaviridae,PCR + sequencing,Lung tissue,5,1
17967200-004,Natural direct detection,Viral sequence characterization,No,Positive,S0193,Sorex araneus,Soricidae,Switzerland,"Village of Seewis, Graubünden canton (46°59′N, 9°38′E)",August and October 2006,2006,2006,Seewis virus (SWSV),Hantaviridae,PCR + sequencing,Lung tissue,1,1
18256444-001,Natural direct detection,Sequence-confirmed direct viral RNA detection,Yes,Positive,S0194,Sorex cinereus,Soricidae,United States,Not reported,1983–2005,1983,2005,Ash River virus (ARRV),Hantaviridae,PCR + sequencing,Frozen lung or liver tissue,26,2
18256444-002,Natural direct detection,Sequence-confirmed direct viral RNA detection,Yes,Positive,S0194,Sorex haydeni,Soricidae,United States,Not reported,1983–2005,1983,2005,Jemez Springs virus (JMSV),Hantaviridae,PCR + sequencing,Frozen lung or liver tissue,1,1
18256444-003,Natural direct detection,Sequence-confirmed direct viral RNA detection,Yes,Positive,S0194,Sorex monticolus,Soricidae,United States,Not reported,1983–2005,1983,2005,Jemez Springs virus (JMSV),Hantaviridae,PCR + sequencing,Frozen lung or liver tissue,18,5
18256444-004,Natural direct detection,Direct viral RNA screening — negative,Yes,Negative,S0194,Sorex nanus,Soricidae,United States,Not reported,1983–2005,1983,2005,Hantavirus spp.,Hantaviridae,PCR + sequencing,Frozen lung or liver tissue,1,0
18256444-005,Natural direct detection,Direct viral RNA screening — negative,Yes,Negative,S0194,Sorex palustris,Soricidae,United States,Not reported,1983–2005,1983,2005,Hantavirus spp.,Hantaviridae,PCR + sequencing,Frozen lung or liver tissue,2,0
18256444-006,Natural direct detection,Direct viral RNA screening — negative,Yes,Negative,S0194,Sorex trowbridgii,Soricidae,United States,Not reported,1983–2005,1983,2005,Hantavirus spp.,Hantaviridae,PCR + sequencing,Frozen lung or liver tissue,1,0
18256444-007,Natural direct detection,Direct viral RNA screening — negative,Yes,Negative,S0194,Sorex tundrensis,Soricidae,United States,Not reported,1983–2005,1983,2005,Hantavirus spp.,Hantaviridae,PCR + sequencing,Frozen lung or liver tissue,2,0
18256444-008,Natural direct detection,Direct viral RNA screening — negative,Yes,Negative,S0194,Sorex vagrans,Soricidae,United States,Not reported,1983–2005,1983,2005,Hantavirus spp.,Hantaviridae,PCR + sequencing,Frozen lung or liver tissue,3,0
18256444-009,Natural direct detection,Direct viral RNA screening — negative,No,Negative,S0194,Sorex cinereus,Soricidae,United States,"Anchorage, Alaska",1998,1998,1998,Ash River virus (ARRV) / hantavirus screening,Hantaviridae,PCR + sequencing,Frozen lung or liver tissue,10,0
18256444-010,Natural direct detection,Direct viral RNA screening — negative,No,Negative,S0194,Sorex cinereus,Soricidae,United States,"Anchorage, Alaska",2005,2005,2005,Ash River virus (ARRV) / hantavirus screening,Hantaviridae,PCR + sequencing,Frozen lung or liver tissue,3,0
18256444-011,Natural direct detection,Sequence-confirmed direct viral RNA detection,No,Positive,S0194,Sorex cinereus,Soricidae,United States,"Cass, Minnesota",1983,1983,1983,Ash River virus (ARRV) / hantavirus screening,Hantaviridae,PCR + sequencing,Frozen lung or liver tissue,11,1
18256444-012,Natural direct detection,Sequence-confirmed direct viral RNA detection,No,Positive,S0194,Sorex cinereus,Soricidae,United States,"St. Louis, Minnesota",1994,1994,1994,Ash River virus (ARRV) / hantavirus screening,Hantaviridae,PCR + sequencing,Frozen lung or liver tissue,1,1
18256444-013,Natural direct detection,Direct viral RNA screening — negative,No,Negative,S0194,Sorex cinereus,Soricidae,United States,"Swain, North Carolina",1994,1994,1994,Ash River virus (ARRV) / hantavirus screening,Hantaviridae,PCR + sequencing,Frozen lung or liver tissue,1,0
18256444-014,Natural direct detection,Sequence-confirmed direct viral RNA detection,No,Positive,S0194,Sorex haydeni,Soricidae,United States,"Sandoval, New Mexico",1996,1996,1996,Jemez Springs virus (JMSV) / hantavirus screening,Hantaviridae,PCR + sequencing,Frozen lung or liver tissue,1,1
18256444-015,Natural direct detection,Direct viral RNA screening — negative,No,Negative,S0194,Sorex monticolus,Soricidae,United States,"Anchorage, Alaska",1998,1998,1998,Jemez Springs virus (JMSV) / hantavirus screening,Hantaviridae,PCR + sequencing,Frozen lung or liver tissue,1,0
18256444-016,Natural direct detection,Sequence-confirmed direct viral RNA detection,No,Positive,S0194,Sorex monticolus,Soricidae,United States,"Jackson, Colorado",1994,1994,1994,Jemez Springs virus (JMSV) / hantavirus screening,Hantaviridae,PCR + sequencing,Frozen lung or liver tissue,1,1
18256444-017,Natural direct detection,Sequence-confirmed direct viral RNA detection,No,Positive,S0194,Sorex monticolus,Soricidae,United States,"Sandoval, New Mexico",1996,1996,1996,Jemez Springs virus (JMSV) / hantavirus screening,Hantaviridae,PCR + sequencing,Frozen lung or liver tissue,5,2
18256444-018,Natural direct detection,Sequence-confirmed direct viral RNA detection,No,Positive,S0194,Sorex monticolus,Soricidae,United States,"Sandoval, New Mexico",1998,1998,1998,Jemez Springs virus (JMSV) / hantavirus screening,Hantaviridae,PCR + sequencing,Frozen lung or liver tissue,4,1
18256444-019,Natural direct detection,Sequence-confirmed direct viral RNA detection,No,Positive,S0194,Sorex monticolus,Soricidae,United States,"Sandoval, New Mexico",2000,2000,2000,Jemez Springs virus (JMSV) / hantavirus screening,Hantaviridae,PCR + sequencing,Frozen lung or liver tissue,4,1
18256444-020,Natural direct detection,Direct viral RNA screening — negative,No,Negative,S0194,Sorex monticolus,Soricidae,United States,"Catron, New Mexico",1995,1995,1995,Jemez Springs virus (JMSV) / hantavirus screening,Hantaviridae,PCR + sequencing,Frozen lung or liver tissue,1,0
18256444-021,Natural direct detection,Direct viral RNA screening — negative,No,Negative,S0194,Sorex monticolus,Soricidae,United States,"Tooele, Utah",1997,1997,1997,Jemez Springs virus (JMSV) / hantavirus screening,Hantaviridae,PCR + sequencing,Frozen lung or liver tissue,1,0
18256444-022,Natural direct detection,Direct viral RNA screening — negative,No,Negative,S0194,Sorex monticolus,Soricidae,United States,"Wasatch, Utah",1994,1994,1994,Jemez Springs virus (JMSV) / hantavirus screening,Hantaviridae,PCR + sequencing,Frozen lung or liver tissue,1,0
18256444-023,Natural direct detection,Direct viral RNA screening — negative,No,Negative,S0194,Sorex nanus,Soricidae,United States,"Hinsdale, Colorado",1994,1994,1994,Hantavirus spp.,Hantaviridae,PCR + sequencing,Frozen lung or liver tissue,1,0
18256444-024,Natural direct detection,Direct viral RNA screening — negative,No,Negative,S0194,Sorex palustris,Soricidae,United States,"Morrison, Minnesota",1999,1999,1999,Hantavirus spp.,Hantaviridae,PCR + sequencing,Frozen lung or liver tissue,1,0
18256444-025,Natural direct detection,Direct viral RNA screening — negative,No,Negative,S0194,Sorex palustris,Soricidae,United States,"Sandoval, New Mexico",1996,1996,1996,Hantavirus spp.,Hantaviridae,PCR + sequencing,Frozen lung or liver tissue,1,0
18256444-026,Natural direct detection,Direct viral RNA screening — negative,No,Negative,S0194,Sorex trowbridgii,Soricidae,United States,"Kitsap, Washington",1996,1996,1996,Hantavirus spp.,Hantaviridae,PCR + sequencing,Frozen lung or liver tissue,1,0
18256444-027,Natural direct detection,Direct viral RNA screening — negative,No,Negative,S0194,Sorex tundrensis,Soricidae,United States,"Anchorage, Alaska",2005,2005,2005,Hantavirus spp.,Hantaviridae,PCR + sequencing,Frozen lung or liver tissue,2,0
18256444-028,Natural direct detection,Direct viral RNA screening — negative,No,Negative,S0194,Sorex vagrans,Soricidae,United States,"Otero, New Mexico",1994,1994,1994,Hantavirus spp.,Hantaviridae,PCR + sequencing,Frozen lung or liver tissue,1,0
18256444-029,Natural direct detection,Direct viral RNA screening — negative,No,Negative,S0194,Sorex vagrans,Soricidae,United States,"Santa Fe, New Mexico",1996,1996,1996,Hantavirus spp.,Hantaviridae,PCR + sequencing,Frozen lung or liver tissue,2,0
18256444-030,Natural direct detection,Viral sequence characterization,No,Positive,S0194,Sorex cinereus,Soricidae,United States,Not reported,1983–2005,1983,2005,Ash River virus (ARRV),Hantaviridae,PCR + sequencing,Frozen lung or liver tissue,1,1
18256444-031,Natural direct detection,Viral sequence characterization,No,Positive,S0194,Sorex monticolus,Soricidae,United States,Not reported,1983–2005,1983,2005,Jemez Springs virus (JMSV),Hantaviridae,PCR + sequencing,Frozen lung or liver tissue,1,1
18210195-001,Natural direct detection,Papillomavirus sequence detection,No,Positive,S0195,Erinaceus europaeus,Erinaceidae,Germany,"Berlin-Marzahn-Hellersdorf, Raul-Wallenberg-Straße",Not reported,,,Putatively novel Erinaceus papillomavirus (EcPV),Papillomaviridae,PCR + sequencing,"Approximately 30 facial hairs including follicle cells, especially from lids and vibrissae",1,1
18216123-001,Natural direct detection,Gammaherpesvirus sequence detection,No,Positive,S0196,Sorex araneus,Soricidae,Germany,Not reported,Not reported,,,Sorex araneus gammaherpesvirus 1 (SaraGHV-1),Orthoherpesviridae,PCR + sequencing,Spleen tissue,,
9391967-001,Serology,Serological screening — negative,Yes,Negative,S0197,Blarina brevicauda,Soricidae,United States,"Tippecanoe County and Brown County, Indiana",August–September 1994,1994,1994,Sin Nombre virus,Hantaviridae,Serology,Whole blood,2,0
9391967-002,Serology,Serological screening — negative,No,Negative,S0197,Blarina brevicauda,Soricidae,United States,"Tippecanoe County, Indiana",August–September 1994,1994,1994,Sin Nombre virus,Hantaviridae,Serology,Whole blood,1,0
9391967-003,Serology,Serological screening — negative,No,Negative,S0197,Blarina brevicauda,Soricidae,United States,"Brown County, Indiana",August–September 1994,1994,1994,Sin Nombre virus,Hantaviridae,Serology,Whole blood,1,0
9574803-001,Serology,Serological screening — negative,Yes,Negative,S0198,Blarina brevicauda,Soricidae,United States,Selected U.S. National Parks in eastern and central United States plus Yellowstone,"Mostly May–August 1994; selected parks sampled December 1994, March 1995 and April 1995; Yellowstone April–June",1994,1995,Sin Nombre virus,Hantaviridae,Serology,Whole blood,5,0
9574803-002,Indirect or contextual evidence,No virological result — not tested,No,Uncertain / not applicable,S0198,Sorex cinereus,Soricidae,United States,Selected U.S. National Parks in eastern and central United States plus Yellowstone,"Mostly May–August 1994; selected parks sampled December 1994, March 1995 and April 1995; Yellowstone April–June",1994,1995,Sin Nombre virus,Hantaviridae,Antigen detection,Whole blood,0,
9574803-003,Indirect or contextual evidence,No virological result — not tested,No,Uncertain / not applicable,S0198,Sorex fumeus,Soricidae,United States,Selected U.S. National Parks in eastern and central United States plus Yellowstone,"Mostly May–August 1994; selected parks sampled December 1994, March 1995 and April 1995; Yellowstone April–June",1994,1995,Sin Nombre virus,Hantaviridae,Antigen detection,Whole blood,0,
10580275-001,Natural direct detection,Direct viral RNA screening — negative,Yes,Negative,S0199,Crocidura attila,Soricidae,Central African Republic,Salo2/Adibori and Bohou,Salo2/Adibori May–June 1994; Bohou June 1998; Batouri October 1998–January 1999,1994,1999,Ebola virus,Filoviridae,PCR + sequencing,"Spleen, liver and/or kidney tissues",2,0
10580275-002,Natural direct detection,Viral antigen screening — negative,Yes,Negative,S0199,Crocidura attila,Soricidae,Central African Republic,Salo2/Adibori and Bohou,Salo2/Adibori May–June 1994; Bohou June 1998; Batouri October 1998–January 1999,1994,1999,Ebola virus,Filoviridae,Antigen detection,"Spleen, liver and/or kidney tissues",2,0
10580275-003,Natural direct detection,Direct viral RNA screening — negative,Yes,Negative,S0199,Crocidura denti,Soricidae,Central African Republic,Bohou,Salo2/Adibori May–June 1994; Bohou June 1998; Batouri October 1998–January 1999,1994,1999,Ebola virus,Filoviridae,PCR + sequencing,"Spleen, liver and/or kidney tissues",3,0
10580275-004,Natural direct detection,Viral antigen screening — negative,Yes,Negative,S0199,Crocidura denti,Soricidae,Central African Republic,Bohou,Salo2/Adibori May–June 1994; Bohou June 1998; Batouri October 1998–January 1999,1994,1999,Ebola virus,Filoviridae,Antigen detection,"Spleen, liver and/or kidney tissues",3,0
10580275-005,Natural direct detection,Direct viral RNA screening — negative,Yes,Negative,S0199,Crocidura denti,Soricidae,Central African Republic,Salo2/Adibori,Salo2/Adibori May–June 1994; Bohou June 1998; Batouri October 1998–January 1999,1994,1999,Ebola virus,Filoviridae,PCR + sequencing,"Spleen, liver and/or kidney tissues",2,0
10580275-006,Natural direct detection,Viral antigen screening — negative,Yes,Negative,S0199,Crocidura denti,Soricidae,Central African Republic,Salo2/Adibori,Salo2/Adibori May–June 1994; Bohou June 1998; Batouri October 1998–January 1999,1994,1999,Ebola virus,Filoviridae,Antigen detection,"Spleen, liver and/or kidney tissues",2,0
10580275-007,Natural direct detection,Direct viral RNA screening — negative,Yes,Negative,S0199,Crocidura hildegardeae,Soricidae,Central African Republic,Salo2/Adibori,Salo2/Adibori May–June 1994; Bohou June 1998; Batouri October 1998–January 1999,1994,1999,Ebola virus,Filoviridae,PCR + sequencing,"Spleen, liver and/or kidney tissues",1,0
10580275-008,Natural direct detection,Viral antigen screening — negative,Yes,Negative,S0199,Crocidura hildegardeae,Soricidae,Central African Republic,Salo2/Adibori,Salo2/Adibori May–June 1994; Bohou June 1998; Batouri October 1998–January 1999,1994,1999,Ebola virus,Filoviridae,Antigen detection,"Spleen, liver and/or kidney tissues",1,0
10580275-009,Natural direct detection,Direct viral RNA screening — negative,Yes,Negative,S0199,Crocidura ludia,Soricidae,Central African Republic,Bohou,Salo2/Adibori May–June 1994; Bohou June 1998; Batouri October 1998–January 1999,1994,1999,Ebola virus,Filoviridae,PCR + sequencing,"Spleen, liver and/or kidney tissues",23,0
10580275-010,Natural direct detection,Viral antigen screening — negative,Yes,Negative,S0199,Crocidura ludia,Soricidae,Central African Republic,Bohou,Salo2/Adibori May–June 1994; Bohou June 1998; Batouri October 1998–January 1999,1994,1999,Ebola virus,Filoviridae,Antigen detection,"Spleen, liver and/or kidney tissues",23,0
10580275-011,Natural direct detection,Direct viral RNA screening — negative,Yes,Negative,S0199,Crocidura mutesae,Soricidae,Central African Republic,Salo2/Adibori,Salo2/Adibori May–June 1994; Bohou June 1998; Batouri October 1998–January 1999,1994,1999,Ebola virus,Filoviridae,PCR + sequencing,"Spleen, liver and/or kidney tissues",3,0
10580275-012,Natural direct detection,Viral antigen screening — negative,Yes,Negative,S0199,Crocidura mutesae,Soricidae,Central African Republic,Salo2/Adibori,Salo2/Adibori May–June 1994; Bohou June 1998; Batouri October 1998–January 1999,1994,1999,Ebola virus,Filoviridae,Antigen detection,"Spleen, liver and/or kidney tissues",3,0
10580275-013,Natural direct detection,Direct viral RNA screening — negative,Yes,Negative,S0199,Crocidura nigrofusca,Soricidae,Central African Republic,Batouri,Salo2/Adibori May–June 1994; Bohou June 1998; Batouri October 1998–January 1999,1994,1999,Ebola virus,Filoviridae,PCR + sequencing,"Spleen, liver and/or kidney tissues",1,0
10580275-014,Natural direct detection,Viral antigen screening — negative,Yes,Negative,S0199,Crocidura nigrofusca,Soricidae,Central African Republic,Batouri,Salo2/Adibori May–June 1994; Bohou June 1998; Batouri October 1998–January 1999,1994,1999,Ebola virus,Filoviridae,Antigen detection,"Spleen, liver and/or kidney tissues",1,0
10580275-015,Natural direct detection,Direct viral RNA screening — negative,Yes,Negative,S0199,Crocidura nigrofusca,Soricidae,Central African Republic,Batouri,Salo2/Adibori May–June 1994; Bohou June 1998; Batouri October 1998–January 1999,1994,1999,Ebola virus,Filoviridae,PCR + sequencing,"Spleen, liver and/or kidney tissues",2,0
10580275-016,Natural direct detection,Viral antigen screening — negative,Yes,Negative,S0199,Crocidura nigrofusca,Soricidae,Central African Republic,Batouri,Salo2/Adibori May–June 1994; Bohou June 1998; Batouri October 1998–January 1999,1994,1999,Ebola virus,Filoviridae,Antigen detection,"Spleen, liver and/or kidney tissues",2,0
10580275-017,Natural direct detection,Direct viral RNA screening — negative,Yes,Negative,S0199,Crocidura olivieri,Soricidae,Central African Republic,Bohou,Salo2/Adibori May–June 1994; Bohou June 1998; Batouri October 1998–January 1999,1994,1999,Ebola virus,Filoviridae,PCR + sequencing,"Spleen, liver and/or kidney tissues",4,0
10580275-018,Natural direct detection,Viral antigen screening — negative,Yes,Negative,S0199,Crocidura olivieri,Soricidae,Central African Republic,Bohou,Salo2/Adibori May–June 1994; Bohou June 1998; Batouri October 1998–January 1999,1994,1999,Ebola virus,Filoviridae,Antigen detection,"Spleen, liver and/or kidney tissues",4,0
10580275-019,Natural direct detection,Direct viral RNA screening — negative,Yes,Negative,S0199,Crocidura poensis,Soricidae,Central African Republic,Salo2/Adibori and Batouri,Salo2/Adibori May–June 1994; Bohou June 1998; Batouri October 1998–January 1999,1994,1999,Ebola virus,Filoviridae,PCR + sequencing,"Spleen, liver and/or kidney tissues",3,0
10580275-020,Natural direct detection,Viral antigen screening — negative,Yes,Negative,S0199,Crocidura poensis,Soricidae,Central African Republic,Salo2/Adibori and Batouri,Salo2/Adibori May–June 1994; Bohou June 1998; Batouri October 1998–January 1999,1994,1999,Ebola virus,Filoviridae,Antigen detection,"Spleen, liver and/or kidney tissues",3,0
10580275-021,Natural direct detection,Direct viral RNA screening — negative,Yes,Negative,S0199,Crocidura roosevelti,Soricidae,Central African Republic,Bohou,Salo2/Adibori May–June 1994; Bohou June 1998; Batouri October 1998–January 1999,1994,1999,Ebola virus,Filoviridae,PCR + sequencing,"Spleen, liver and/or kidney tissues",3,0
10580275-022,Natural direct detection,Viral antigen screening — negative,Yes,Negative,S0199,Crocidura roosevelti,Soricidae,Central African Republic,Bohou,Salo2/Adibori May–June 1994; Bohou June 1998; Batouri October 1998–January 1999,1994,1999,Ebola virus,Filoviridae,Antigen detection,"Spleen, liver and/or kidney tissues",3,0
10580275-023,Natural direct detection,Direct viral RNA screening — negative,Yes,Negative,S0199,Paracrocidura schoutedeni,Soricidae,Central African Republic,Batouri,Salo2/Adibori May–June 1994; Bohou June 1998; Batouri October 1998–January 1999,1994,1999,Ebola virus,Filoviridae,PCR + sequencing,"Spleen, liver and/or kidney tissues",1,0
10580275-024,Natural direct detection,Viral antigen screening — negative,Yes,Negative,S0199,Paracrocidura schoutedeni,Soricidae,Central African Republic,Batouri,Salo2/Adibori May–June 1994; Bohou June 1998; Batouri October 1998–January 1999,1994,1999,Ebola virus,Filoviridae,Antigen detection,"Spleen, liver and/or kidney tissues",1,0
10580275-025,Natural direct detection,Sequence-confirmed direct viral RNA detection,Yes,Positive,S0199,Sylvisorex ollula,Soricidae,Central African Republic,Batouri,Salo2/Adibori May–June 1994; Bohou June 1998; Batouri October 1998–January 1999,1994,1999,Ebola virus,Filoviridae,PCR + sequencing,"Spleen, liver and/or kidney tissues",7,1
10580275-026,Natural direct detection,Viral antigen screening — negative,Yes,Negative,S0199,Sylvisorex ollula,Soricidae,Central African Republic,Batouri,Salo2/Adibori May–June 1994; Bohou June 1998; Batouri October 1998–January 1999,1994,1999,Ebola virus,Filoviridae,Antigen detection,"Spleen, liver and/or kidney tissues",7,0
10580275-027,Natural direct detection,Direct viral RNA screening — negative,Yes,Negative,S0199,Suncus remyi,Soricidae,Central African Republic,Batouri,Salo2/Adibori May–June 1994; Bohou June 1998; Batouri October 1998–January 1999,1994,1999,Ebola virus,Filoviridae,PCR + sequencing,"Spleen, liver and/or kidney tissues",1,0
10580275-028,Natural direct detection,Viral antigen screening — negative,Yes,Negative,S0199,Suncus remyi,Soricidae,Central African Republic,Batouri,Salo2/Adibori May–June 1994; Bohou June 1998; Batouri October 1998–January 1999,1994,1999,Ebola virus,Filoviridae,Antigen detection,"Spleen, liver and/or kidney tissues",1,0
10580275-029,Natural direct detection,Viral sequence characterization,No,Positive,S0199,Sylvisorex ollula,Soricidae,Central African Republic,"Batouri River site, Ngotto forest",Salo2/Adibori May–June 1994; Bohou June 1998; Batouri October 1998–January 1999,1994,1999,Ebola virus,Filoviridae,PCR + sequencing,Spleen,1,1
10580275-030,Natural direct detection,Ebola DNA PCR — negative,No,Negative,S0199,Sylvisorex ollula,Soricidae,Central African Republic,"Batouri River site, Ngotto forest",Salo2/Adibori May–June 1994; Bohou June 1998; Batouri October 1998–January 1999,1994,1999,Ebola virus,Filoviridae,PCR / RT-PCR,Spleen DNA extract,1,0
10580275-031,Natural direct detection,Virus isolation unsuccessful,No,Negative,S0199,Sylvisorex ollula,Soricidae,Central African Republic,"Batouri River site, Ngotto forest",Salo2/Adibori May–June 1994; Bohou June 1998; Batouri October 1998–January 1999,1994,1999,Ebola virus,Filoviridae,Virus isolation / culture,RT-PCR-positive spleen homogenate,1,0
11814325-001,Natural direct detection,Multi-method confirmed infection,No,Positive,S0200,Atelerix albiventris,Erinaceidae,United States,Not reported,Not reported,,,herpes simplex virus 1,Orthoherpesviridae,PCR / RT-PCR,Liver and multiple organs,1,1
11814325-002,Natural direct detection,Successful virus isolation and HSV-1-specific PCR,No,Positive,S0200,Atelerix albiventris,Erinaceidae,United States,Not reported,Not reported,,,herpes simplex virus 1,Orthoherpesviridae,PCR / RT-PCR,Liver,1,1
11814325-003,Natural direct detection,Viral antigen / pathology characterization,No,Positive,S0200,Atelerix albiventris,Erinaceidae,United States,Not reported,Not reported,,,herpes simplex virus 1,Orthoherpesviridae,Antigen detection,"Liver, brain, spleen, heart and lung",1,1
15557742-001,Serology,Serological screening — negative,Yes,Negative,S0201,Crocidura dsinezumi,Soricidae,Japan,"Multiple sites on Hokkaido, Honshu, Shikoku, Kyushu and Tsushima",2000–2003,2000,2003,Hantavirus spp. antibodies,Hantaviridae,Serology,Serum,1,0
15557742-002,Serology,Serological screening — negative,Yes,Negative,S0201,Sorex caecutiens,Soricidae,Japan,"Multiple sites on Hokkaido, Honshu, Shikoku, Kyushu and Tsushima",2000–2003,2000,2003,Hantavirus spp. antibodies,Hantaviridae,Serology,Serum,3,0
15557742-003,Serology,Serological screening — negative,Yes,Negative,S0201,Sorex gracillimus,Soricidae,Japan,"Multiple sites on Hokkaido, Honshu, Shikoku, Kyushu and Tsushima",2000–2003,2000,2003,Hantavirus spp. antibodies,Hantaviridae,Serology,Serum,11,0
15557742-004,Serology,Serological screening — negative,Yes,Negative,S0201,Sorex unguiculatus,Soricidae,Japan,"Multiple sites on Hokkaido, Honshu, Shikoku, Kyushu and Tsushima",2000–2003,2000,2003,Hantavirus spp. antibodies,Hantaviridae,Serology,Serum,1,0
15557742-005,Serology,Serological screening — negative,Yes,Negative,S0201,Urotrichus talpoides,Talpidae,Japan,"Multiple sites on Hokkaido, Honshu, Shikoku, Kyushu and Tsushima",2000–2003,2000,2003,Hantavirus spp. antibodies,Hantaviridae,Serology,Serum,5,0
14696782-001,Natural direct detection,Direct viral antigen screening — negative,Yes,Negative,S0202,Suncus murinus,Soricidae,Thailand,Bangkok fresh food markets,Not reported,,,rabies virus,Rhabdoviridae,Antigen detection,Brain,5,0
14696782-002,Serology,Serological screening — negative,Yes,Negative,S0202,Suncus murinus,Soricidae,Thailand,Bangkok fresh food markets,Not reported,,,Hantaan virus,Hantaviridae,Serology,Serum,5,0
11871252-001,Natural direct detection,Combined viral RNA / protein E detection,Yes,Positive,S0203,Sorex araneus,Soricidae,Russia,South of Western Siberia,Not reported,,,tick-borne encephalitis virus,Flaviviridae,PCR / RT-PCR,"Brain, liver and/or spleen",42,
11871252-002,Natural direct detection,No infectious virus / no hemagglutination antigen detected,No,Negative,S0203,Sorex araneus,Soricidae,Russia,South of Western Siberia,Not reported,,,tick-borne encephalitis virus,Flaviviridae,Antigen detection,Not specified by assay in abstract,,0
11030051-001,Natural direct detection,Ebola genome detection reported in one shrew species,No,Positive,S0204,Soricidae spp.,Soricidae,Central African Republic,Areas bordering forests in the Central African Republic,Not reported,,,Ebola virus,Filoviridae,Sequencing,Not reported in abstract,,
9333732-001,Natural direct detection,Confirmed rabies case reported in abstract,No,Positive,S0205,Erinaceidae spp.,Erinaceidae,Hungary,"Budapest, 1st District, Castle Quarter",Not reported,,,rabies virus,Rhabdoviridae,Other / unspecified,Dead animal; specimen type not stated in abstract,1,1
8722265-001,Serology,Serological screening — negative,Yes,Negative,S0206,Cryptotis parvus,Soricidae,Costa Rica,"San Roque de Grecia, Alajuela Province",March 1989 to February 1990,1989,1990,vesicular stomatitis Indiana virus,Rhabdoviridae,Serology,Plasma,31,0
8722265-002,Serology,Serological screening — negative,Yes,Negative,S0206,Cryptotis parvus,Soricidae,Costa Rica,"San Roque de Grecia, Alajuela Province",March 1989 to February 1990,1989,1990,vesicular stomatitis New Jersey virus,Rhabdoviridae,Serology,Plasma,31,0
9014291-001,Experimental evidence,Experimental exposure with negative post-mortem virus detection,No,Negative,S0207,Erinaceus europaeus,Erinaceidae,France,"CNEVA, Nancy; hedgehogs contributed by CNRS Chizé Center for Biological Studies",Not reported,,,rabies virus,Rhabdoviridae,Experimental infection,Brain and lower maxillary salivary glands after euthanasia,6,0
9014291-002,Experimental evidence,Experimental control — rabies detection negative,No,Negative,S0207,Erinaceus europaeus,Erinaceidae,France,"CNEVA, Nancy; hedgehogs contributed by CNRS Chizé Center for Biological Studies",Not reported,,,rabies virus,Rhabdoviridae,Experimental infection,Brain and lower maxillary salivary glands after euthanasia,3,0
9014291-003,Experimental evidence,Serology uninterpretable because of sample cytotoxicity,No,Uncertain / not applicable,S0207,Erinaceus europaeus,Erinaceidae,France,"CNEVA, Nancy; hedgehogs contributed by CNRS Chizé Center for Biological Studies",Not reported,,,rabies virus,Rhabdoviridae,Experimental infection,Serum,6,
7953086-001,Indirect or contextual evidence,Rabies screening negative at study level; Eulipotyphla-specific denominator unavailable,No,Uncertain / not applicable,S0208,Eulipotyphla spp.,Not resolved (Eulipotyphla only),Czech Republic / Czechoslovak study context not specified in abstract,Not reported in abstract,Not reported in abstract,,,rabies virus,Rhabdoviridae,Virus isolation / culture,Not reported in abstract,,
KOCIANOVA1993-001,Serology,TBEV neutralizing-antibody seroprevalence in mixed small-mammal cohort,No,Uncertain / not applicable,S0209,Soricidae spp.,Soricidae,Germany,Foothills of the southern Bavarian Forest,Not recoverable from accessible public source,,,tick-borne encephalitis virus,Flaviviridae,Serology,Serum / blood (exact specimen details not recoverable),266,
8352392-001,Serology,Serological exposure; denominator unavailable in abstract,No,Uncertain / not applicable,S0210,Sorex araneus,Soricidae,Russia,"Western Siberia, upper Ob River",1991,1991,1991,snowshoe hare virus,Peribunyaviridae,Serology,Serum,,
1359712-001,Indirect or contextual evidence,Viral antigen detection; species denominator unavailable,No,Uncertain / not applicable,S0211,Sorex araneus,Soricidae,Russia,Tyumen Province,1985–1989,1985,1989,Hemorrhagic fever with renal syndrome (HFRS) virus antigen,Hantaviridae,Antigen detection,Lung,,
1359712-002,Indirect or contextual evidence,Viral antigen detection; count and denominator unavailable,No,Uncertain / not applicable,S0211,Soricidae spp.,Soricidae,Russia,Tyumen Province,1985–1989,1985,1989,Hemorrhagic fever with renal syndrome (HFRS) virus antigen,Hantaviridae,Antigen detection,Lung,,
MARKESHIN_CCHF_CRIMEA-001,Indirect or contextual evidence,Qualitative evidence of possible participation in CCHF natural focus,No,Uncertain / not applicable,S0212,Soricidae spp.,Soricidae,Crimea / USSR,Crimea,Not recoverable from accessible public source,,,Crimean-Congo hemorrhagic fever virus,Nairoviridae,Other / unspecified,Not specified for shrews in accessible abstract,,
1701988-001,Experimental evidence,In-vitro viral cell-fusion characterization,No,Uncertain / not applicable,S0213,Suncus murinus,Soricidae,Japan,Laboratory study,Not reported,,,Suncus murinus mammary tumor virus (Sm-MTV),Retroviridae,Experimental infection,Sm-MT-1 producer cells and cell-free supernatant; XC rat tumor cells,,
2575365-001,Serology,Qualitative sero-ecological evidence only,No,Uncertain / not applicable,S0214,Eulipotyphla spp.,Not resolved (Eulipotyphla only),Madagascar,Madagascar,Research conducted since 1975,1975,1975,West Nile virus,Flaviviridae,Serology,Animal sera,,
3169646-001,Indirect or contextual evidence,Indirect vector/nest-associated TBEV detection,No,Positive,S0215,Talpa europaea,Talpidae,Czechoslovakia,"Záhorská lowland, western Slovakia","January–March, 1981–1985",1981,1985,tick-borne encephalitis virus,Flaviviridae,Other / unspecified,Suspensions of mites and fleas collected from mole winter nests,,
2831384-001,Experimental evidence,Molecular characterization of endogenous retrovirus,No,Uncertain / not applicable,S0216,Suncus murinus,Soricidae,Japan,Not reported,Not reported,,,Suncus murinus mammary tumor virus (Sm-MTV),Retroviridae,Experimental infection,"Purified virions, Sm-MT cellular DNA and cloned proviral/cDNA sequences",,
2831384-002,Natural direct detection,Endogenous Sm-MTV-related DNA detection,No,Positive,S0216,Suncus murinus,Soricidae,Japan,"Okinawa, Izenajima, Tokunoshima and Nagasaki, southwest Japan",Not reported,,,Suncus murinus mammary tumor virus (Sm-MTV),Retroviridae,Other / unspecified,Liver genomic DNA,4,4
2460996-001,Experimental evidence,In-vitro viral protein characterization,No,Uncertain / not applicable,S0217,Suncus murinus,Soricidae,Japan,Laboratory study,Not reported,,,Suncus murinus mammary tumor virus (Sm-MTV),Retroviridae,Experimental infection,Sm-MT cells and purified Sm-MTV virions,,
2570514-001,Natural direct detection,Successful virus isolation from wild shrews,No,Positive,S0218,Crocidura russula,Soricidae,France,"Saulges area, Erve River Valley, Mayenne, western France",Field studies in 1982–1984,1982,1984,Erve virus,Nairoviridae,Virus isolation / culture,Spleen and/or kidney tissues,,3
2570514-002,Natural direct detection,Virus isolation and phenotypic characterization,No,Positive,S0218,Crocidura russula,Soricidae,France,"Saulges area, Erve River Valley, Mayenne, western France",Field studies in 1982–1984,1982,1984,Erve virus,Nairoviridae,Virus isolation / culture,Original shrew tissue suspension; propagated in suckling mice,1,1
2570514-003,Natural direct detection,Virus isolation and phenotypic characterization,No,Positive,S0218,Crocidura russula,Soricidae,France,"Saulges area, Erve River Valley, Mayenne, western France",Field studies in 1982–1984,1982,1984,Erve virus,Nairoviridae,Virus isolation / culture,Original shrew tissue suspension; propagated in suckling mice,1,1
2570514-004,Natural direct detection,Virus isolation and phenotypic characterization,No,Positive,S0218,Crocidura russula,Soricidae,France,"Saulges area, Erve River Valley, Mayenne, western France",Field studies in 1982–1984,1982,1984,Erve virus,Nairoviridae,Virus isolation / culture,Original shrew tissue suspension; propagated in suckling mice,1,1
2570514-005,Serology,Serological screening — negative,Yes,Negative,S0218,Crocidura russula,Soricidae,France,"Saulges area, Erve River Valley, Mayenne, western France",Field studies in 1982–1984,1982,1984,Erve virus,Nairoviridae,Serology,Serum/blood collected on blotting paper,29,0
2570514-006,Serology,Serological exposure,Yes,Positive,S0218,Talpa europaea,Talpidae,France,"Saulges area, Erve River Valley, Mayenne, western France",Field studies in 1982–1984,1982,1984,Erve virus,Nairoviridae,Serology,Serum/blood collected on blotting paper,7,1
2570514-007,Serology,Serological screening — negative,No,Negative,S0218,Sorex coronatus,Soricidae,France,"Saulges area, Erve River Valley, Mayenne, western France",Field studies in 1982–1984,1982,1984,Erve virus,Nairoviridae,Serology,Serum/blood collected on blotting paper,1,0
2570514-008,Serology,Serological screening — negative,No,Negative,S0218,Erinaceus europaeus,Erinaceidae,France,"Saulges area, Erve River Valley, Mayenne, western France",Field studies in 1982–1984,1982,1984,Erve virus,Nairoviridae,Serology,Serum/blood collected on blotting paper,1,0
2499205-001,Experimental evidence,Experimental susceptibility / antibody response,No,Positive,S0219,Atelerix frontalis,Erinaceidae,South Africa,Not reported in abstract,Not reported in abstract,,,Crimean-Congo hemorrhagic fever virus,Nairoviridae,Experimental infection,Blood/serum,,
KUCHERUK_PCHELKINA_1966-001,Experimental evidence,Experimental TBEV susceptibility / viremia,No,Positive,S0220,Erinaceidae spp.,Erinaceidae,USSR,Not reported in accessible public source,Not reported,,,tick-borne encephalitis virus,Flaviviridae,Experimental infection,Blood/serum,,
2451354-001,Natural direct detection,HFRS-virus circulation reported in insectivores,No,Positive,S0221,Eulipotyphla spp.,Not resolved (Eulipotyphla only),USSR,62 administrative territories of the USSR,1980–1985,1980,1985,Virus of hemorrhagic fever with renal syndrome (HFRS),Hantaviridae,Other / unspecified,Not specified for insectivores in abstract,,
2886549-001,Experimental evidence,Experimental infection negative,No,Negative,S0222,Suncus spp.,Soricidae,Not reported in abstract,Laboratory study,Not reported,,,Human immunodeficiency virus (HIV),Retroviridae,Experimental infection,Not fully specified in abstract; animals examined virologically and immunologically,,0
3101526-001,Serology,Serological screening — negative,No,Negative,S0223,Eulipotyphla spp.,Not resolved (Eulipotyphla only),South Africa and Zimbabwe,Southern Africa,1964–1985,1964,1985,Crimean-Congo hemorrhagic fever virus,Nairoviridae,Serology,Serum,176,0
2883857-001,Natural direct detection,Viral antigen detection,Yes,Positive,S0224,Sorex araneus,Soricidae,Belgium,"Near Turnhout, Antwerp Province",February 1980 to December 1984,1980,1984,Hantavirus (HV) antigen,Hantaviridae,Antigen detection,Lung tissue,47,2
2883857-002,Natural direct detection,Viral antigen screening — negative,Yes,Negative,S0224,Sorex minutus,Soricidae,Belgium,Belgium; exact locality not reported for this species in table,February 1980 to December 1984,1980,1984,Hantavirus (HV) antigen,Hantaviridae,Antigen detection,Lung tissue,5,0
2883857-003,Natural direct detection,Viral antigen screening — negative,Yes,Negative,S0224,Crocidura russula,Soricidae,Belgium,Belgium; exact locality not reported for this species in table,February 1980 to December 1984,1980,1984,Hantavirus (HV) antigen,Hantaviridae,Antigen detection,Lung tissue,13,0
2883857-004,Natural direct detection,Viral antigen screening — negative,Yes,Negative,S0224,Crocidura leucodon,Soricidae,Belgium,Belgium; exact locality not reported for this species in table,February 1980 to December 1984,1980,1984,Hantavirus (HV) antigen,Hantaviridae,Antigen detection,Lung tissue,3,0
6430758-001,Experimental evidence,Experimental infection — viremia not detected,No,Negative,S0225,Erinaceus europaeus,Erinaceidae,Czechoslovakia,Central Bohemia; experimental work in Czechoslovakia,Experiment carried out in August 1982,1982,1982,Bhanja virus,Phenuiviridae,Experimental infection,Serial blood samples,9,0
6430758-002,Experimental evidence,Experimental seroconversion,No,Positive,S0225,Erinaceus europaeus,Erinaceidae,Czechoslovakia,Central Bohemia; experimental work in Czechoslovakia,Experiment carried out in August 1982,1982,1982,Bhanja virus,Phenuiviridae,Experimental infection,Serum,9,5
6430758-003,Experimental evidence,Experimental seroconversion,No,Positive,S0225,Erinaceus europaeus,Erinaceidae,Czechoslovakia,Central Bohemia; experimental work in Czechoslovakia,Experiment carried out in August 1982,1982,1982,Bhanja virus,Phenuiviridae,Experimental infection,Serum,9,3
6430758-004,Experimental evidence,Virus isolation unsuccessful in clinically affected animal,No,Negative,S0225,Erinaceus europaeus,Erinaceidae,Czechoslovakia,Central Bohemia; experimental work in Czechoslovakia,Experiment carried out in August 1982,1982,1982,Bhanja virus,Phenuiviridae,Experimental infection,"Brain, lung, liver, blood/blood coagulum from heart and kidneys from hedgehog no. 8",1,0
2857871-001,Natural direct detection,Direct viral antigen detection,Yes,Positive,S0226,Suncus murinus,Soricidae,China,Shanghai suburb,December 1983 to January 1984,1983,1984,Haemorrhagic fever with renal syndrome (HFRS) virus,Hantaviridae,Antigen detection,Lung sections,7,2
2857871-002,Serology,Serological confirmation of selected positives,No,Positive,S0226,Suncus murinus,Soricidae,China,Shanghai suburb,December 1983 to January 1984,1983,1984,Haemorrhagic fever with renal syndrome (HFRS) virus,Hantaviridae,Serology,Serum,2,2
2857871-003,Natural direct detection,Successful isolation / biological passage,No,Positive,S0226,Suncus murinus,Soricidae,China,Shanghai suburb,December 1983 to January 1984,1983,1984,Haemorrhagic fever with renal syndrome (HFRS) virus,Hantaviridae,Virus isolation / culture,Lung homogenate from antigen-positive Suncus S2,1,1
4060590-001,Experimental evidence,Discovery and biochemical characterization of retrovirus from cell line,No,Uncertain / not applicable,S0227,Suncus murinus,Soricidae,Japan,Southwestern Japan origin; laboratory study in Nagoya,Not reported for tumor occurrence,,,Suncus murinus mammary tumor virus (Sm-MTV),Retroviridae,Experimental infection,Sm-MT cultured cells and purified extracellular virions,,
2417416-001,Experimental evidence,Biochemical/immunological characterization of viral reverse transcriptase,No,Uncertain / not applicable,S0228,Suncus murinus,Soricidae,Japan,Nagoya laboratory study,Not reported,,,Suncus murinus mammary tumor virus (Sm-MTV),Retroviridae,Experimental infection,Purified Sm-MTV virions / detergent-released viral DNA polymerase,,
3100244-001,Natural direct detection,Direct viral antigen detection,Yes,Positive,S0229,Soricidae spp.,Soricidae,China,"Chengnan township, Linshui County, Sichuan Province",October 1984 to April 1985,1984,1985,Epidemic hemorrhagic fever (EHF) virus,Hantaviridae,Antigen detection,Lung tissue,337,7
3100244-002,Serology,Serological exposure,Yes,Positive,S0229,Soricidae spp.,Soricidae,China,"Chengnan township, Linshui County, Sichuan Province",October 1984 to April 1985,1984,1985,Epidemic hemorrhagic fever (EHF) virus,Hantaviridae,Serology,Serum,337,23
3100244-003,Serology,Combined antigen/antibody positivity,No,Positive,S0229,Soricidae spp.,Soricidae,China,"Chengnan township, Linshui County, Sichuan Province",October 1984 to April 1985,1984,1985,Epidemic hemorrhagic fever (EHF) virus,Hantaviridae,Serology,Lung and serum,337,24
3100244-004,Natural direct detection,Successful virus isolation and antigenic typing,No,Positive,S0229,Crocidura russula,Soricidae,China,"Chengnan township, Linshui County, Sichuan Province",October 1984 to April 1985,1984,1985,Epidemic hemorrhagic fever (EHF) virus,Hantaviridae,Virus isolation / culture,EHF-antigen-positive lung,1,1
3100244-005,Natural direct detection,Successful virus isolation and antigenic typing,No,Positive,S0229,Anourosorex squamipes,Soricidae,China,"Chengnan township, Linshui County, Sichuan Province",October 1984 to April 1985,1984,1985,Epidemic hemorrhagic fever (EHF) virus,Hantaviridae,Virus isolation / culture,EHF-antigen-positive lung,1,1
2421890-001,Experimental evidence,Ultrastructural characterization of retrovirus particles,No,Uncertain / not applicable,S0230,Suncus murinus,Soricidae,Japan,Not stated in abstract,Not reported,,,Suncus murinus mammary tumor virus (Sm-MTV),Retroviridae,Experimental infection,Sm-MT cells and released virus particles,,
3084630-001,Indirect or contextual evidence,No Eulipotyphla-specific result recoverable from abstract,No,Uncertain / not applicable,S0231,Eulipotyphla spp.,Not resolved (Eulipotyphla only),Czechoslovakia,21 localities across Czechoslovakia,1983–1984,1983,1984,HFRS virus,Hantaviridae,Sequencing,Lung suspensions,774,
BANERJEE1984_JEV_SHREW-001,Experimental evidence,Host-specific numerical outcome not recoverable from accessible public sources,No,Uncertain / not applicable,S0232,Suncus murinus,Soricidae,India,Not recoverable from accessible sources,Not reported,,,Japanese encephalitis virus,Flaviviridae,Experimental infection,Not recoverable from accessible sources,,
6839405-001A,Serology,Species-specific arbovirus serology,Yes,Negative,S0233,Crocidura russula,Soricidae,Tunisia,"Zaghouan: slopes of Djebel Zaghouan, 350–390 m",Beginning of 1980,1980,1980,Sindbis virus,Togaviridae,Serology,Serum,2,0
6839405-001B,Serology,Species-specific arbovirus serology,Yes,Negative,S0233,Crocidura russula,Soricidae,Tunisia,"Zaghouan: slopes of Djebel Zaghouan, 350–390 m",Beginning of 1980,1980,1980,West Nile virus,Flaviviridae,Serology,Serum,2,0
6839405-001C,Serology,Species-specific arbovirus serology,Yes,Negative,S0233,Crocidura russula,Soricidae,Tunisia,"Zaghouan: slopes of Djebel Zaghouan, 350–390 m",Beginning of 1980,1980,1980,dengue virus,Flaviviridae,Serology,Serum,2,0
6839405-001D,Serology,Species-specific arbovirus serology,Yes,Negative,S0233,Crocidura russula,Soricidae,Tunisia,"Zaghouan: slopes of Djebel Zaghouan, 350–390 m",Beginning of 1980,1980,1980,Wesselsbron virus,Flaviviridae,Serology,Serum,2,0
6839405-001E,Serology,Species-specific arbovirus serology,Yes,Negative,S0233,Crocidura russula,Soricidae,Tunisia,"Zaghouan: slopes of Djebel Zaghouan, 350–390 m",Beginning of 1980,1980,1980,tick-borne encephalitis virus,Flaviviridae,Serology,Serum,2,0
6839405-001F,Serology,Species-specific arbovirus serology,Yes,Negative,S0233,Crocidura russula,Soricidae,Tunisia,"Zaghouan: slopes of Djebel Zaghouan, 350–390 m",Beginning of 1980,1980,1980,Ťahyňa virus,Peribunyaviridae,Serology,Serum,2,0
6839405-001G,Serology,Species-specific arbovirus serology,Yes,Negative,S0233,Crocidura russula,Soricidae,Tunisia,"Zaghouan: slopes of Djebel Zaghouan, 350–390 m",Beginning of 1980,1980,1980,sandfly fever Sicilian virus,Phenuiviridae,Serology,Serum,2,0
6839405-001H,Serology,Species-specific arbovirus serology,Yes,Negative,S0233,Crocidura russula,Soricidae,Tunisia,"Zaghouan: slopes of Djebel Zaghouan, 350–390 m",Beginning of 1980,1980,1980,Arumowot virus,Phenuiviridae,Serology,Serum,2,0
6839405-001I,Serology,Species-specific arbovirus serology,Yes,Negative,S0233,Crocidura russula,Soricidae,Tunisia,"Zaghouan: slopes of Djebel Zaghouan, 350–390 m",Beginning of 1980,1980,1980,Uukuniemi virus,Phenuiviridae,Serology,Serum,2,0
6839405-001J,Serology,Species-specific arbovirus serology,Yes,Negative,S0233,Crocidura russula,Soricidae,Tunisia,"Zaghouan: slopes of Djebel Zaghouan, 350–390 m",Beginning of 1980,1980,1980,Bhanja virus,Phenuiviridae,Serology,Serum,2,0
6839405-001K,Serology,Species-specific arbovirus serology,No,Negative,S0233,Crocidura russula,Soricidae,Tunisia,"Zaghouan: slopes of Djebel Zaghouan, 350–390 m",Beginning of 1980,1980,1980,Qalyub virus,Nairoviridae,Serology,Serum,,0
6839405-001L,Serology,Species-specific arbovirus serology,No,Negative,S0233,Crocidura russula,Soricidae,Tunisia,"Zaghouan: slopes of Djebel Zaghouan, 350–390 m",Beginning of 1980,1980,1980,Quaranfil virus,Orthomyxoviridae,Serology,Serum,,0
6839405-001M,Serology,Species-specific arbovirus serology,No,Negative,S0233,Crocidura russula,Soricidae,Tunisia,"Zaghouan: slopes of Djebel Zaghouan, 350–390 m",Beginning of 1980,1980,1980,Tribeč virus,Sedoreoviridae,Serology,Serum,,0
6839405-001N,Serology,Species-specific arbovirus serology,No,Negative,S0233,Crocidura russula,Soricidae,Tunisia,"Zaghouan: slopes of Djebel Zaghouan, 350–390 m",Beginning of 1980,1980,1980,Brest/Ar/T222,Sedoreoviridae,Serology,Serum,,0
6839405-001O,Serology,Species-specific arbovirus serology,No,Negative,S0233,Crocidura russula,Soricidae,Tunisia,"Zaghouan: slopes of Djebel Zaghouan, 350–390 m",Beginning of 1980,1980,1980,Soldado virus (Brest/Ar/T234 antigenic variant),Nairoviridae,Serology,Serum,,0
7165896-001A,Serology,Species-specific arbovirus serology,Yes,Negative,S0234,Crocidura russula,Soricidae,Morocco,"Northern Morocco (Chaouen, Kenitra and Tanger provinces)",March 1979,1979,1979,Sindbis virus,Togaviridae,Serology,Serum,9,0
7165896-001B,Serology,Species-specific arbovirus serology,Yes,Negative,S0234,Crocidura russula,Soricidae,Morocco,"Northern Morocco (Chaouen, Kenitra and Tanger provinces)",March 1979,1979,1979,West Nile virus,Flaviviridae,Serology,Serum,9,0
7165896-001C,Serology,Species-specific arbovirus serology,Yes,Negative,S0234,Crocidura russula,Soricidae,Morocco,"Northern Morocco (Chaouen, Kenitra and Tanger provinces)",March 1979,1979,1979,dengue virus,Flaviviridae,Serology,Serum,9,0
7165896-001D,Serology,Species-specific arbovirus serology,Yes,Negative,S0234,Crocidura russula,Soricidae,Morocco,"Northern Morocco (Chaouen, Kenitra and Tanger provinces)",March 1979,1979,1979,Wesselsbron virus,Flaviviridae,Serology,Serum,9,0
7165896-001E,Serology,Species-specific arbovirus serology,Yes,Negative,S0234,Crocidura russula,Soricidae,Morocco,"Northern Morocco (Chaouen, Kenitra and Tanger provinces)",March 1979,1979,1979,tick-borne encephalitis virus,Flaviviridae,Serology,Serum,9,0
7165896-001F,Serology,Species-specific arbovirus serology,Yes,Negative,S0234,Crocidura russula,Soricidae,Morocco,"Northern Morocco (Chaouen, Kenitra and Tanger provinces)",March 1979,1979,1979,Ťahyňa virus,Peribunyaviridae,Serology,Serum,9,0
7165896-001G,Serology,Species-specific arbovirus serology,Yes,Negative,S0234,Crocidura russula,Soricidae,Morocco,"Northern Morocco (Chaouen, Kenitra and Tanger provinces)",March 1979,1979,1979,sandfly fever Sicilian virus,Phenuiviridae,Serology,Serum,9,0
7165896-001H,Serology,Species-specific arbovirus serology,Yes,Positive,S0234,Crocidura russula,Soricidae,Morocco,"Northern Morocco (Chaouen, Kenitra and Tanger provinces)",March 1979,1979,1979,Arumowot virus,Phenuiviridae,Serology,Serum,9,1
7165896-001I,Serology,Species-specific arbovirus serology,Yes,Negative,S0234,Crocidura russula,Soricidae,Morocco,"Northern Morocco (Chaouen, Kenitra and Tanger provinces)",March 1979,1979,1979,Uukuniemi virus,Phenuiviridae,Serology,Serum,9,0
7165896-001J,Serology,Species-specific arbovirus serology,Yes,Negative,S0234,Crocidura russula,Soricidae,Morocco,"Northern Morocco (Chaouen, Kenitra and Tanger provinces)",March 1979,1979,1979,Bhanja virus,Phenuiviridae,Serology,Serum,9,0
7165896-001K,Serology,Species-specific arbovirus serology,No,Negative,S0234,Crocidura russula,Soricidae,Morocco,"Northern Morocco (Chaouen, Kenitra and Tanger provinces)",March 1979,1979,1979,Qalyub virus,Nairoviridae,Serology,Serum,,0
7165896-001L,Serology,Species-specific arbovirus serology,No,Negative,S0234,Crocidura russula,Soricidae,Morocco,"Northern Morocco (Chaouen, Kenitra and Tanger provinces)",March 1979,1979,1979,Quaranfil virus,Orthomyxoviridae,Serology,Serum,,0
7165896-001M,Serology,Species-specific arbovirus serology,No,Negative,S0234,Crocidura russula,Soricidae,Morocco,"Northern Morocco (Chaouen, Kenitra and Tanger provinces)",March 1979,1979,1979,Tribeč virus,Sedoreoviridae,Serology,Serum,,0
7165896-001N,Serology,Species-specific arbovirus serology,No,Negative,S0234,Crocidura russula,Soricidae,Morocco,"Northern Morocco (Chaouen, Kenitra and Tanger provinces)",March 1979,1979,1979,Brest/Ar/T222,Sedoreoviridae,Serology,Serum,,0
7165896-001O,Serology,Species-specific arbovirus serology,No,Negative,S0234,Crocidura russula,Soricidae,Morocco,"Northern Morocco (Chaouen, Kenitra and Tanger provinces)",March 1979,1979,1979,Soldado virus (Brest/Ar/T234 antigenic variant),Nairoviridae,Serology,Serum,,0
7013778-001,Natural direct detection,Natural infection with successful virus isolation,No,Positive,S0235,Erinaceus europaeus,Erinaceidae,United Kingdom,North Oxford / Oxford area,Not reported as a defined collection period,,,Paramyxovirus of the morbilli group,Paramyxoviridae,Virus isolation / culture,Faeces collected on two occasions about two months apart and lung tissue,1,1
7013778-002,Natural direct detection,Pathology and tissue antigen characterization,No,Positive,S0235,Erinaceus europaeus,Erinaceidae,United Kingdom,North Oxford / Oxford area,Not reported as a defined collection period,,,Paramyxovirus of the morbilli group,Paramyxoviridae,Antigen detection,"Brain, lung, spleen, salivary gland, kidney, intestine/Auerbach plexus, foot and other organs",1,1
7013778-003,Natural direct detection,Natural virus isolation from apparently healthy animals,No,Positive,S0235,Erinaceus europaeus,Erinaceidae,United Kingdom,North Oxford / Oxford area,Not reported as a defined collection period,,,Paramyxovirus of the morbilli group,Paramyxoviridae,Virus isolation / culture,Faecal samples; exact mapping of samples to individual animals not fully specified,,
7074369-001,Indirect or contextual evidence,Insufficient public-source detail for host-specific extraction,No,Uncertain / not applicable,S0236,Eulipotyphla spp.,Not resolved (Eulipotyphla only),Czechoslovakia,"Middle Považie, Central Slovakia",Not recoverable from accessible public source,,,tick-borne encephalitis virus,Flaviviridae,Other / unspecified,Not reported,,
GOVERDHAN1981_KFDV-001,Experimental evidence,Host-specific outcome unavailable from accessible source,No,Uncertain / not applicable,S0237,Suncus murinus,Soricidae,India,Not recoverable from accessible source,Not reported,,,Kyasanur Forest disease virus,Flaviviridae,Experimental infection,Not recoverable,,
7460127-001,Serology,Serological exposure; host denominator unavailable,No,Uncertain / not applicable,S0238,Crocidura russula,Soricidae,Spain,Spain; specific locality for C. russula not stated in abstract,1978–1979,1978,1979,West Nile virus,Flaviviridae,Serology,Serum,,1
TOMORI1980_RABIES-001,Experimental evidence,Experimental rabies infection/transmission,No,Positive,S0239,Crocidura spp.,Soricidae,Nigeria,Not recoverable from accessible source,Not reported,,,rabies virus,Rhabdoviridae,Experimental infection,Not fully recoverable,,
LEDNICE_HEDGEHOG_EXPERIMENT-001,Experimental evidence,Host-specific outcome unavailable,No,Uncertain / not applicable,S0101,Erinaceidae spp.,Erinaceidae,Czechoslovakia (study context; exact site not recovered),Not reported,Not reported,,,Lednice virus,Peribunyaviridae,Experimental infection,Not reported,,
419743-001,Experimental evidence,Historical source-host association only,No,Uncertain / not applicable,S0240,Soricidae spp.,Soricidae,Africa (exact source locality not specified for shrew-derived isolate(s) in abstract),Not reported,Not reported,,,Viruses of the rabies antigenic group,Rhabdoviridae,Experimental infection,Historical virus isolates; white-mouse tissues in the experimental study,,
677617-001,Natural direct detection,Successful virus isolation from natural host,No,Positive,S0241,Crocidura spp.,Soricidae,Cameroon,Not stated in original abstract,Not stated in original abstract,,,Mokola virus,Rhabdoviridae,Virus isolation / culture,Not specified in abstract,,1
211075-001,Indirect or contextual evidence,Secondary qualitative negative evidence only,No,Negative,S0242,Soricidae spp.,Soricidae,Czechoslovakia,Not reported in accessible source,Not reported,,,Lednice virus,Peribunyaviridae,Other / unspecified,Not recoverable,,
5530013-001,Natural direct detection,Successful virus isolation from natural hosts,No,Positive,S0243,Crocidura spp.,Soricidae,Nigeria,Ibadan and surrounding area,1968,1968,1968,Mokola virus,Rhabdoviridae,Virus isolation / culture,"Pooled lung, liver, spleen, kidney and heart tissue from individual shrew collections",,
5530013-002,Serology,Serological and ultrastructural characterization,No,Positive,S0243,Crocidura spp.,Soricidae,Nigeria,Ibadan and surrounding area,1968,1968,1968,Mokola virus,Rhabdoviridae,Serology,Mouse-passaged IbAn 27377 isolate derived from shrew tissues,1,1
4772939-001,Experimental evidence,Experimental infection,No,Positive,S0244,Soricidae sp. (reported as Urocidura sp.; unresolved in MDD table),Soricidae,Nigeria,Ibadan,Not reported,,,Mokola virus,Rhabdoviridae,Experimental infection,"Multiple tissues, blood/serum and bite-exposed laboratory mice",43,13
4772939-002,Experimental evidence,Experimental virus recovery,No,Positive,S0244,Soricidae sp. (reported as Urocidura sp.; unresolved in MDD table),Soricidae,Nigeria,Ibadan,Not reported,,,Mokola virus,Rhabdoviridae,Experimental infection,"Multiple tissues, blood/serum and bite-exposed laboratory mice",43,12
4772939-003,Experimental evidence,Experimental disease outcome,No,Positive,S0244,Soricidae sp. (reported as Urocidura sp.; unresolved in MDD table),Soricidae,Nigeria,Ibadan,Not reported,,,Mokola virus,Rhabdoviridae,Experimental infection,"Multiple tissues, blood/serum and bite-exposed laboratory mice",43,11
4772939-004,Experimental evidence,Experimental transmission,No,Positive,S0244,Soricidae sp. (reported as Urocidura sp.; unresolved in MDD table),Soricidae,Nigeria,Ibadan,Not reported,,,Mokola virus,Rhabdoviridae,Experimental infection,"Multiple tissues, blood/serum and bite-exposed laboratory mice",43,5
4772939-005,Experimental evidence,Experimental infection by route,No,Positive,S0244,Soricidae sp. (reported as Urocidura sp.; unresolved in MDD table),Soricidae,Nigeria,Ibadan,Not reported,,,Mokola virus,Rhabdoviridae,Experimental infection,"Multiple tissues, blood/serum and bite-exposed laboratory mice",3,3
4772939-006,Experimental evidence,Experimental infection by route,No,Positive,S0244,Soricidae sp. (reported as Urocidura sp.; unresolved in MDD table),Soricidae,Nigeria,Ibadan,Not reported,,,Mokola virus,Rhabdoviridae,Experimental infection,"Multiple tissues, blood/serum and bite-exposed laboratory mice",3,2
4772939-007,Experimental evidence,Experimental infection by route,No,Positive,S0244,Soricidae sp. (reported as Urocidura sp.; unresolved in MDD table),Soricidae,Nigeria,Ibadan,Not reported,,,Mokola virus,Rhabdoviridae,Experimental infection,"Multiple tissues, blood/serum and bite-exposed laboratory mice",3,1
4772939-008,Experimental evidence,Experimental infection after ingestion,No,Positive,S0244,Soricidae sp. (reported as Urocidura sp.; unresolved in MDD table),Soricidae,Nigeria,Ibadan,Not reported,,,Mokola virus,Rhabdoviridae,Experimental infection,"Multiple tissues, blood/serum and bite-exposed laboratory mice",15,5
4210769-001,Natural direct detection,Natural virus-isolation survey,No,Positive,S0245,Crocidura spp.,Soricidae,"Nigeria, Dahomey and Togo",36 collecting locations in West Africa,1966–1970,1966,1970,Arumowot virus,Phenuiviridae,Virus isolation / culture,"Organ pool; field collections generally liver+spleen, while Ibadan pools usually included liver, spleen, kidney, heart and lung",,
4210769-002,Natural direct detection,Natural virus-isolation survey,No,Positive,S0245,Crocidura spp.,Soricidae,"Nigeria, Dahomey and Togo",36 collecting locations in West Africa,1966–1970,1966,1970,bluetongue virus,Sedoreoviridae,Virus isolation / culture,"Organ pool; field collections generally liver+spleen, while Ibadan pools usually included liver, spleen, kidney, heart and lung",,
4210769-003,Natural direct detection,Natural virus-isolation survey,No,Positive,S0245,Crocidura spp.,Soricidae,"Nigeria, Dahomey and Togo",36 collecting locations in West Africa,1966–1970,1966,1970,Mokola virus,Rhabdoviridae,Virus isolation / culture,"Organ pool; field collections generally liver+spleen, while Ibadan pools usually included liver, spleen, kidney, heart and lung",,
4210769-004,Natural direct detection,Natural virus-isolation survey,No,Positive,S0245,Atelerix albiventris,Erinaceidae,"Nigeria, Dahomey and Togo",36 collecting locations in West Africa,1966–1970,1966,1970,Bhanja virus,Phenuiviridae,Virus isolation / culture,"Organ pool; field collections generally liver+spleen, while Ibadan pools usually included liver, spleen, kidney, heart and lung",,
4210769-005,Natural direct detection,Natural virus-isolation survey,No,Positive,S0245,Atelerix albiventris,Erinaceidae,"Nigeria, Dahomey and Togo",36 collecting locations in West Africa,1966–1970,1966,1970,Chandipura virus,Rhabdoviridae,Virus isolation / culture,"Organ pool; field collections generally liver+spleen, while Ibadan pools usually included liver, spleen, kidney, heart and lung",,
4210769-006,Natural direct detection,Natural virus-isolation survey,No,Positive,S0245,Atelerix albiventris,Erinaceidae,"Nigeria, Dahomey and Togo",36 collecting locations in West Africa,1966–1970,1966,1970,Crimean-Congo hemorrhagic fever virus,Nairoviridae,Virus isolation / culture,"Organ pool; field collections generally liver+spleen, while Ibadan pools usually included liver, spleen, kidney, heart and lung",,
4210769-007,Natural direct detection,Natural virus-isolation survey,No,Positive,S0245,Atelerix albiventris,Erinaceidae,"Nigeria, Dahomey and Togo",36 collecting locations in West Africa,1966–1970,1966,1970,IbAn 17143 virus,,Virus isolation / culture,"Organ pool; field collections generally liver+spleen, while Ibadan pools usually included liver, spleen, kidney, heart and lung",,
4210769-008,Natural direct detection,Natural virus-isolation survey,No,Positive,S0245,Atelerix albiventris,Erinaceidae,"Nigeria, Dahomey and Togo",36 collecting locations in West Africa,1966–1970,1966,1970,Semliki Forest virus,Togaviridae,Virus isolation / culture,"Organ pool; field collections generally liver+spleen, while Ibadan pools usually included liver, spleen, kidney, heart and lung",,
4210769-009,Natural direct detection,Natural virus-isolation survey,No,Positive,S0245,Atelerix albiventris,Erinaceidae,"Nigeria, Dahomey and Togo",36 collecting locations in West Africa,1966–1970,1966,1970,Gabek Forest virus,Phenuiviridae,Virus isolation / culture,"Organ pool; field collections generally liver+spleen, while Ibadan pools usually included liver, spleen, kidney, heart and lung",,
5025622-001,Indirect or contextual evidence,Rabies-related virus characterization; host-specific result unavailable,No,Uncertain / not applicable,S0246,Soricidae spp.,Soricidae,Nigeria,Not recoverable from accessible original record,Not reported,,,Mokola virus,Rhabdoviridae,Other / unspecified,Not recoverable,,
5169031-001,Indirect or contextual evidence,Successful natural virus isolation; denominator unavailable,No,Uncertain / not applicable,S0247,Soricidae spp.,Soricidae,India,Not reported in accessible original record,Not reported in accessible original record,,,Thottapalayam virus,Hantaviridae,Virus isolation / culture,Not recoverable from original record,,1
5146297-001,Serology,Serological exposure,Yes,Positive,S0248,Erinaceus roumanicus,Erinaceidae,Rumania,Banat Province,Not reported,,,West Nile virus,Flaviviridae,Serology,Serum,3,3
5453910-001,Natural direct detection,Natural Congo-virus isolation reported secondarily,No,Positive,S0249,Erinaceidae spp.,Erinaceidae,Nigeria,Not recoverable from accessible original record,Not reported,,,Crimean-Congo hemorrhagic fever virus,Nairoviridae,Virus isolation / culture,Not recoverable from original record,,
5466093-001,Indirect or contextual evidence,Field host-role study; quantitative result unavailable,No,Uncertain / not applicable,S0250,Erinaceus roumanicus,Erinaceidae,Austria,Not reported in PubMed record,Not reported,,,Ťahyňa virus,Peribunyaviridae,Other / unspecified,Not recoverable,,
RABIES_RODENTS_INSECTIVORA-001,Indirect or contextual evidence,Host-specific outcome unavailable,No,Uncertain / not applicable,S0101,Eulipotyphla spp.,Not resolved (Eulipotyphla only),Not reported,Not reported,Not reported,,,rabies virus,Rhabdoviridae,Other / unspecified,Not reported,,
5298540-001,Indirect or contextual evidence,Ecological host-role synthesis,No,Uncertain / not applicable,S0251,Erinaceus roumanicus,Erinaceidae,Czechoslovakia,Tribec Mountain Range,Field data presented mainly for 1963–1964; earlier observations and experiments are also synthesized,1963,1964,tick-borne encephalitis virus,Flaviviridae,Sequencing,Not applicable — ecological synthesis,,
5298540-002,Indirect or contextual evidence,Ecological host-role synthesis,No,Uncertain / not applicable,S0251,Talpa europaea,Talpidae,Czechoslovakia,Tribec Mountain Range,Field data presented mainly for 1963–1964; earlier observations and experiments are also synthesized,1963,1964,tick-borne encephalitis virus,Flaviviridae,Sequencing,Not applicable — ecological synthesis,,
5298540-003,Indirect or contextual evidence,Ecological host-role synthesis,No,Uncertain / not applicable,S0251,Sorex araneus,Soricidae,Czechoslovakia,Tribec Mountain Range,Field data presented mainly for 1963–1964; earlier observations and experiments are also synthesized,1963,1964,tick-borne encephalitis virus,Flaviviridae,Sequencing,Not applicable — ecological synthesis,,
5298540-004,Indirect or contextual evidence,Ecological host-role synthesis,No,Uncertain / not applicable,S0251,Sorex minutus,Soricidae,Czechoslovakia,Tribec Mountain Range,Field data presented mainly for 1963–1964; earlier observations and experiments are also synthesized,1963,1964,tick-borne encephalitis virus,Flaviviridae,Sequencing,Not applicable — ecological synthesis,,
5298540-005,Indirect or contextual evidence,Ecological host-role synthesis,No,Uncertain / not applicable,S0251,Crocidura leucodon,Soricidae,Czechoslovakia,Tribec Mountain Range,Field data presented mainly for 1963–1964; earlier observations and experiments are also synthesized,1963,1964,tick-borne encephalitis virus,Flaviviridae,Sequencing,Not applicable — ecological synthesis,,
5298543-001,Natural direct detection,Natural direct viral detection / isolation,Yes,Positive,S0252,Erinaceus roumanicus,Erinaceidae,Czechoslovakia,Tribec region,1964; virus-positive hedgehogs were caught at the end of May,1964,1964,tick-borne encephalitis virus,Flaviviridae,Virus isolation / culture,Blood,53,2
5298543-002,Serology,Serological exposure,Yes,Positive,S0252,Erinaceus roumanicus,Erinaceidae,Czechoslovakia,Tribec region,1964; virus-positive hedgehogs were caught at the end of May,1964,1964,tick-borne encephalitis virus,Flaviviridae,Serology,Serum,53,9
5298543-003,Serology,Serological screening — negative,No,Negative,S0252,Erinaceus roumanicus,Erinaceidae,Czechoslovakia,"Horné Lefantovce, Tribec region",1964; virus-positive hedgehogs were caught at the end of May,1964,1964,tick-borne encephalitis virus,Flaviviridae,Serology,Serum,3,0
5298543-004,Serology,Serological exposure,No,Positive,S0252,Erinaceus roumanicus,Erinaceidae,Czechoslovakia,"Topol'čianky, Tribec region",1964; virus-positive hedgehogs were caught at the end of May,1964,1964,tick-borne encephalitis virus,Flaviviridae,Serology,Serum,11,1
5298543-005,Serology,Serological exposure,No,Positive,S0252,Erinaceus roumanicus,Erinaceidae,Czechoslovakia,"Jelenec, Tribec region",1964; virus-positive hedgehogs were caught at the end of May,1964,1964,tick-borne encephalitis virus,Flaviviridae,Serology,Serum,20,1
5298543-006,Serology,Serological exposure,No,Positive,S0252,Erinaceus roumanicus,Erinaceidae,Czechoslovakia,"Jarok, Tribec region",1964; virus-positive hedgehogs were caught at the end of May,1964,1964,tick-borne encephalitis virus,Flaviviridae,Serology,Serum,8,4
5298543-007,Serology,Serological exposure,No,Positive,S0252,Erinaceus roumanicus,Erinaceidae,Czechoslovakia,"Malé Vozokany, Tribec region",1964; virus-positive hedgehogs were caught at the end of May,1964,1964,tick-borne encephalitis virus,Flaviviridae,Serology,Serum,11,3
5393202-001,Indirect or contextual evidence,Host-specific result unavailable from public record,No,Uncertain / not applicable,S0253,Eulipotyphla spp.,Not resolved (Eulipotyphla only),Czechoslovakia,Carpathian-type natural focus; exact locality not available from PubMed record,Not reported,,,tick-borne encephalitis virus,Flaviviridae,Other / unspecified,Not reported,,
5679154-001,Experimental evidence,Host-specific numerical outcome unavailable,No,Uncertain / not applicable,S0254,Suncus murinus,Soricidae,India,Not recoverable from accessible source,Not reported,,,Kyasanur Forest disease virus,Flaviviridae,Experimental infection,Not recoverable,,
5745715-001,Indirect or contextual evidence,Host-specific result unavailable from public record,No,Uncertain / not applicable,S0255,Eulipotyphla spp.,Not resolved (Eulipotyphla only),Czechoslovakia,Northern Moravia,Not reported,,,tick-borne encephalitis virus,Flaviviridae,Other / unspecified,Not reported,,
4383896-001,Indirect or contextual evidence,Successful natural virus isolation; denominator unavailable,No,Uncertain / not applicable,S0256,Sorex araneus,Soricidae,Czechoslovakia,Natural TBE focus; exact locality not stated in accessible PubMed record,Not reported,,,tick-borne encephalitis virus,Flaviviridae,Virus isolation / culture,Blood,,
APITZSCH1967_TORGELOW-001,Indirect or contextual evidence,Host-specific result unavailable,No,Uncertain / not applicable,S0101,Eulipotyphla spp.,Not resolved (Eulipotyphla only),German Democratic Republic,"Torgelow, Mecklenburg region",1960–1965,1960,1965,tick-borne encephalitis virus,Flaviviridae,Other / unspecified,Not reported,,
WAGNER1967_ENCEPHALOMYELITIS-001,Indirect or contextual evidence,Virus-isolation study; host-specific details unavailable,No,Uncertain / not applicable,S0101,Eulipotyphla spp.,Not resolved (Eulipotyphla only),Not reported,Not reported,Not reported,,,Theiler's murine encephalomyelitis virus,Picornaviridae,Virus isolation / culture,Not reported,,
4381993-001,Serology,Serological study; numerical outcome unavailable,No,Uncertain / not applicable,S0257,Talpa europaea,Talpidae,Czechoslovakia,Natural TBE focus; exact locality not stated in accessible PubMed record,Not reported,,,tick-borne encephalitis virus,Flaviviridae,Serology,Serum / blood,,
4381993-002,Indirect or contextual evidence,Successful natural virus isolation; numerical outcome unavailable,No,Uncertain / not applicable,S0257,Talpa europaea,Talpidae,Czechoslovakia,Natural TBE focus; exact locality not stated in accessible PubMed record,Not reported,,,tick-borne encephalitis virus,Flaviviridae,Virus isolation / culture,Blood,,
19870633-001,Experimental evidence,Experimental infection with organ virus recovery,No,Positive,S0100,Erinaceidae spp.,Erinaceidae,United States,"Rockefeller Foundation, New York",Not reported,,,yellow fever virus,Flaviviridae,Experimental infection,Brain and liver at death,1,1
19870633-002,Experimental evidence,Experimental infection with neutralizing-antibody response,No,Positive,S0100,Erinaceidae spp.,Erinaceidae,United States,"Rockefeller Foundation, New York",Not reported,,,yellow fever virus,Flaviviridae,Experimental infection,Serum before inoculation and 25 days after inoculation,6,6
19870633-003,Experimental evidence,Experimental infection with organ virus recovery,No,Negative,S0100,Erinaceidae spp.,Erinaceidae,United States,"Rockefeller Foundation, New York",Not reported,,,yellow fever virus,Flaviviridae,Experimental infection,Brain and liver from hedgehogs that died of intercurrent infection,5,0
19870633-004,Experimental evidence,Experimental infection with organ virus recovery,No,Positive,S0100,Erinaceidae spp.,Erinaceidae,United States,"Rockefeller Foundation, New York",Not reported,,,yellow fever virus,Flaviviridae,Experimental infection,Brain and liver at death,8,8
KOZUCH1966_IXODES_HEDGEHOG-001,Experimental evidence,Experimental tick transmission with infectious viraemia,No,Positive,S0101,Erinaceus roumanicus,Erinaceidae,Czechoslovakia,Reporting laboratory: Bratislava; exact experimental locality not stated in the accessible summary,Not reported,,,tick-borne encephalitis virus,Flaviviridae,Experimental infection,Blood,,
6006817-001,Experimental evidence,Bibliographic experimental infection context — no abstract/full text available,No,Positive,S0102,Erinaceidae spp.,Erinaceidae,Not reported in accessible PubMed record,Not reported in accessible PubMed record,Not reported,,,Ťahyňa virus,Peribunyaviridae,Experimental infection,Not reported in accessible PubMed record,,
14328232-001,Experimental evidence,Bibliographic experimental infection context — no abstract available,No,Positive,S0103,Talpidae spp.,Talpidae,Not reported in accessible PubMed record,Not reported in accessible PubMed record,Not reported,,,tick-borne encephalitis virus,Flaviviridae,Experimental infection,Not reported in accessible PubMed record,,
KOZUCH1966_MOLE_ISOLATION-001,Indirect or contextual evidence,Natural infection — virus isolation from blood; denominator unavailable,No,Uncertain / not applicable,S0101,Talpa europaea,Talpidae,Not reported in accessible bibliographic record,Natural focus; exact locality not reported in accessible bibliographic record,Not reported,,,tick-borne encephalitis virus,Flaviviridae,Virus isolation / culture,Blood,,
4380780-001,Experimental evidence,Experimental tick transmission — bibliographic context only,No,Uncertain / not applicable,S0104,Talpa europaea,Talpidae,Not reported in accessible PubMed record,Not reported in accessible PubMed record,Not reported,,,tick-borne encephalitis virus,Flaviviridae,Experimental infection,Not reported in accessible PubMed record,,
KOZUCH1966_JHEMI_MOLE-001,Experimental evidence,Bibliographic experimental infection context — no abstract/full text located,No,Positive,S0101,Talpidae spp.,Talpidae,Not reported in accessible bibliographic source,Not reported in accessible bibliographic source,Not reported,,,tick-borne encephalitis virus,Flaviviridae,Experimental infection,Not reported in accessible bibliographic source,,
SIMKOVA1964_TAHYNA_HEDGEHOG-001,Experimental evidence,Experimental infection with prolonged viraemia,No,Positive,S0101,Erinaceus roumanicus,Erinaceidae,Czechoslovakia,Reporting laboratory: Bratislava; exact experimental locality not stated in accessible summary,Not reported in accessible summary,,,Ťahyňa virus,Peribunyaviridae,Experimental infection,Blood,,
14173478-001,Experimental evidence,Experimental alimentary infection with viraemia follow-up,No,Positive,S0105,Erinaceus roumanicus,Erinaceidae,Czechoslovakia,Reporting institute: Bratislava; exact experimental locality not stated,August,,,tick-borne encephalitis virus,Flaviviridae,Experimental infection,Blood,2,
14173478-002,Experimental evidence,Experimental alimentary infection with viraemia follow-up,No,Positive,S0105,Erinaceus roumanicus,Erinaceidae,Czechoslovakia,Reporting institute: Bratislava; exact experimental locality not stated,November,,,tick-borne encephalitis virus,Flaviviridae,Experimental infection,Blood,3,
14173478-003,Experimental evidence,Experimental infection with neutralizing-antibody response,No,Positive,S0105,Erinaceus roumanicus,Erinaceidae,Czechoslovakia,Reporting institute: Bratislava; exact experimental locality not stated,August and November experiments,,,tick-borne encephalitis virus,Flaviviridae,Experimental infection,Serum,5,5
14064835-001,Experimental evidence,Experimental infection with prolonged infectious-virus recovery,No,Positive,S0106,Erinaceus roumanicus,Erinaceidae,Czechoslovakia,"Cave Driny, Little Carpathian Mountains",Winter 1962–1963; inoculated 4 December 1962 and rewarmed 2 January 1963,1962,1963,tick-borne encephalitis virus,Flaviviridae,Experimental infection,Blood,4,
14064835-002,Experimental evidence,Experimental infection with antibody response,No,Positive,S0106,Erinaceus roumanicus,Erinaceidae,Czechoslovakia,"Cave Driny, Little Carpathian Mountains",Winter 1962–1963; inoculated 4 December 1962 and rewarmed 2 January 1963,1962,1963,tick-borne encephalitis virus,Flaviviridae,Experimental infection,Serum/blood; specimen type not further specified in accessible summary,4,
13197893-001,Experimental evidence,Bibliographic experimental-transmission context — no abstract available,No,Uncertain / not applicable,S0107,Erinaceidae spp.,Erinaceidae,Not reported in accessible PubMed record,Not reported in accessible PubMed record,Not reported,,,Newcastle disease virus,Paramyxoviridae,Experimental infection,Not reported in accessible PubMed record,,
REAGAN1951_NDV_SHREW-001,Experimental evidence,Experimental infection with virus recovery and confirmation,No,Positive,S0101,Blarina brevicauda,Soricidae,United States,"University of Maryland, College Park, Maryland",Not reported,,,Newcastle disease virus,Paramyxoviridae,Experimental infection,Shrew brain; downstream embryonated-egg allantoic fluid,3,
REAGAN1951_NDV_SHREW-002,Experimental evidence,Experimental infection with virus recovery and confirmation,No,Positive,S0101,Blarina brevicauda,Soricidae,United States,"University of Maryland, College Park, Maryland",Not reported,,,Newcastle disease virus,Paramyxoviridae,Experimental infection,Shrew brain; downstream embryonated-egg allantoic fluid,3,
